row_id,col_id,unit_id,cell_size,x1,x2,x3,x4,x5,z1,z2,d,y
1,1,1,4,1.12002933319,-0.401374033627,1.24051498359,-0.404243325561,1.66357714425,0.920708771405,0.970209914229,2.1720441364,3.37724788069
1,1,2,4,0.927018281474,0.330477409344,2.14678395262,-2.0533186286,1.07334672778,0.392558629647,0.6974674645,1.66758679818,3.5485959825
1,1,3,4,0.800338477642,0.0333460694021,1.45925801703,-0.552699155275,1.94996704642,0.409613712089,1.04947082218,1.87275742927,2.56033623015
1,1,4,4,0.676452241792,-0.0427226235268,1.40790838663,-1.94919511842,1.27893655078,0.420239211981,1.08170533196,1.51700174875,2.61720094762
1,2,1,1,1.37240779718,-0.822933747947,0.945000130281,0.432557838899,0.475873981212,0.327787497421,1.32293765348,2.02838554353,3.45899216131
1,3,1,3,-0.57454262482,-0.59956433739,-0.41133281054,-0.277041887141,0.0865757886735,-0.347570838212,1.90543450033,-0.30471382026,-0.265087083418
1,3,2,3,-0.896147537186,-1.26557726252,0.0779457855139,0.313944618041,-0.063157558625,-0.824606037089,1.84508926027,-0.0231369762606,0.637709052915
1,3,3,3,0.159202814146,-1.14591114582,0.398213530303,-0.14712871779,-0.0011410307968,0.244988178273,2.09972874486,-0.267795897889,-0.327422236095
1,4,1,2,0.262990194512,0.879442914095,-0.535619912936,-2.21481783224,1.12214939336,-0.975218970173,1.052325241,0.0864303338152,-1.34732823779
1,4,2,2,0.316630357606,0.342930861472,-0.439335283909,-0.46140897214,1.37673833743,0.313885733801,1.11234532492,2.54774569831,1.67647053402
1,5,1,2,1.90514715221,1.04999050213,-0.596431833577,-0.663237259596,-0.24112339117,-0.318808230383,-0.211578421865,2.34548743046,4.01109612419
1,5,2,2,0.816887558508,0.728510420883,0.0198751970578,-0.254808111525,0.518495110326,-1.12772886934,0.617777072389,1.6610204812,3.2035373078
1,6,1,4,-1.7858036068,1.66041559879,0.777299170339,-1.54456535051,-0.756968278943,-0.646196341598,0.257249014835,-1.21650048442,-3.93629218719
1,6,2,4,-0.924787623827,1.57383644558,1.46914026703,-0.912498150375,0.480444852704,0.267425254506,0.609382160023,1.26424680126,0.520401090538
1,6,3,4,-1.01372865428,1.12261414747,1.16617533687,-1.1681360593,0.273284437239,0.102769604784,0.7409509412,0.030447123902,-1.52897316962
1,6,4,4,-2.00500769085,1.30957825147,1.99620395675,-0.776025005335,0.408005179056,0.317514625068,0.437522579665,1.91230739005,2.20405893702
1,7,1,1,-1.03309127408,-0.478153843146,-1.23858904155,-1.86859542461,0.676112939381,0.489963883872,0.824604738298,1.12142012566,1.80361068091
1,8,1,3,0.801289956668,0.368506173133,-0.624759382748,-1.03433788446,0.333843069252,0.458314811537,0.65900156567,1.10037300935,2.11519349258
1,8,2,3,0.195173509988,0.554750246711,-0.725720736681,-0.846934334287,0.31135238956,-0.0811030027118,1.09188463726,1.2453037654,2.55030118396
1,8,3,3,0.113798259554,-0.247997344442,-1.26570782414,-0.295152467759,1.51982740442,0.830323584027,-0.504553444265,1.39173554369,3.38826955828
1,9,1,4,1.20288844163,-0.280251536487,0.184260113637,-2.54075276162,1.10245238621,0.0146877566404,-0.451873494643,-0.120058442112,0.787924106172
1,9,2,4,1.16059886383,-0.0677823879142,0.271366784884,-2.23460856045,0.474133343799,-0.937125316001,0.859663250833,-0.022742118346,0.59540360839
1,9,3,4,0.109793717726,-0.287405549566,0.0600887946115,-2.1217422755,0.75867351708,-1.33239249663,0.760967907373,-0.997026444141,-0.315043014361
1,9,4,4,0.724695048058,-0.169460845047,0.950448913718,-2.21081497799,0.754171635276,-1.13215081735,0.645453206224,-1.11564869262,-1.50450379879
1,10,1,4,-0.19635914749,-1.08685488742,-2.38917158834,-0.299352384363,0.502654299941,0.168860530528,-0.275528583488,0.799853519151,2.18960869081
1,10,2,4,-0.214366648479,-0.685781783452,-1.41146475414,-0.353859728272,1.13701551796,-0.273666539564,0.203263585448,1.48918987749,1.50629276364
1,10,3,4,1.23309143198,0.00708070778067,-0.439761466488,-1.30132452231,0.743286227307,-0.81896182116,0.940151022963,1.13160117524,1.55744298459
1,10,4,4,1.58178130409,0.559270880115,-0.73720452565,-0.298020559807,0.736547417107,-0.217148050723,0.0253788409151,0.963798311046,1.63254678651
1,11,1,4,-1.2688929338,-0.877755366147,-0.36390086812,-0.164364772037,-0.436788567935,-0.585303584491,1.95287926435,0.616053028064,0.0346043748532
1,11,2,4,-0.0946506440889,-0.559042459177,-0.906274937019,-0.248505031016,0.408972580623,-0.493801178956,0.788880192255,0.418602717546,-0.102107246782
1,11,3,4,-0.302319088664,-0.896607324875,-0.970804876204,-0.0975535938921,0.0437602340848,-0.0429302118917,1.81111962023,1.09050177377,1.18262513189
1,11,4,4,-0.825369569275,-1.97206639392,-0.0210102306946,-0.833885521315,-0.320560690292,-0.45579193885,1.50670831636,0.481464369427,0.162625747772
1,12,1,3,-0.500771919256,-0.358566570763,0.563755231368,-0.446078490347,-0.0156951512891,-0.299232141496,0.718545191541,-0.370616203018,-1.80823302956
1,12,2,3,-0.818515288535,0.0812185786881,0.838835105381,-0.340527383891,0.666227071616,-1.29184768587,1.54004813872,0.574452112696,-0.427560156166
1,12,3,3,-0.720721573418,-0.29434473335,0.800334827122,0.867460932051,0.966335721909,-0.108084504004,2.34300918102,0.748744684654,-0.702019054309
1,13,1,4,-1.69751834257,-1.94522192026,1.70995630143,-0.770373295258,-0.244888124293,-1.82901970154,0.27246472575,-2.92204190947,-1.76130811486
1,13,2,4,-0.472104619779,-1.51830869399,1.7207780996,-0.598896170859,1.48441388786,-0.878438034259,0.0706831218388,-1.57074303639,-0.998658932331
1,13,3,4,-1.56388805452,-2.01937136458,2.17322202761,-0.102680149677,0.558280542614,-0.147913766002,-1.53850124097,-2.47314884844,-0.894983299338
1,13,4,4,-1.00318923932,-1.00916283041,1.65664204083,-0.714956318336,0.349159499778,-2.40118741361,-0.690747363181,-2.94970413318,-2.86691368779
1,14,1,4,-1.32811917658,0.120357547447,1.88962584432,0.572023146684,0.333106308743,-0.560546044294,0.77902122105,-0.662631032784,-1.01949458639
1,14,2,4,-1.92250103004,-0.200446025638,1.7763198141,-0.729848694373,0.684385236736,-1.21142239179,0.176886252072,-1.36312957844,-1.81454291805
1,14,3,4,-1.67881241618,-0.424737727359,1.27619661584,-0.984787906135,0.850205375708,-1.39372505061,0.635401821996,-1.3465543047,-1.64514939251
1,14,4,4,-2.24182155287,-0.0943791074919,1.47660032604,-1.04883176686,0.77763309874,-1.15437583706,1.50639141244,-0.651706495125,-2.03113305446
1,15,1,2,-1.38870295041,0.563308117426,1.18888719572,-2.6284520623,1.19773494967,-0.674339413153,-1.11473475635,-3.27556661548,-4.90894005231
1,15,2,2,-0.522471719684,-0.39334759356,1.04432494943,-1.80697300794,1.07067483146,-0.016749211654,-1.16409395533,-2.55886995454,-2.94622795612
1,16,1,3,-1.15790591608,0.852039863845,0.426539550786,-1.28676490401,0.91541449567,-1.18060538177,1.29205806682,-0.375402616406,-1.11166324168
1,16,2,3,-0.834029674873,0.984157199688,-0.210447077665,-1.17538610365,0.891835195113,-0.78611524784,1.72919090466,0.28067049212,-0.332381186581
1,16,3,3,0.110600148599,0.464915806843,0.837785949435,-1.78705358159,1.49634444299,0.0204566062305,1.05162086333,1.20418959867,2.11727928839
1,17,1,3,-1.17055819002,-0.911141208892,1.71760192562,-2.67128705265,-0.889693191528,0.291430452742,-0.356602083688,-2.12949455785,-1.29395803086
1,17,2,3,0.0677725762678,-0.627982648582,1.10925950174,-1.79301613795,-0.963779552157,-0.273922083419,-0.149339400842,-0.834264980718,-0.779215333079
1,17,3,3,0.326761725791,-1.84140741678,1.76877689853,-2.31142280768,0.66782324652,0.370741973606,-1.27713892957,-1.84485141756,-0.00559792265608
1,18,1,1,-0.557641310306,1.26508814366,-1.93425940378,-0.793139751673,0.487063274849,-1.24387144899,2.63416043997,1.38206111679,2.51057427207
1,19,1,2,-0.954888407837,1.31763410443,-0.305736059076,-0.355107469686,0.115877213494,-2.05899860849,2.92933056054,0.728533244562,1.08965412929
1,19,2,2,-1.38390046665,0.382352236791,1.08618848166,-0.517256625615,-0.0843456131231,-1.5169363337,3.11556062533,1.57377004347,2.59344825155
1,20,1,3,-0.686881364318,0.622775270112,1.47650520268,-0.720472144549,0.659394909786,0.810901052051,0.905951125699,0.0951948447079,-1.26826403118
1,20,2,3,-0.924435640272,0.759506071875,0.968421739631,-0.405443169179,-0.189730743716,0.312388146698,-0.0183637321293,0.75921237057,0.415193041004
1,20,3,3,-1.0594976082,1.54160529004,2.15772659617,-0.35240454448,0.365072827736,0.360906021542,0.939103445754,1.20807977791,0.734122404642
1,21,1,4,-1.26678022165,0.200306948126,-0.172483656383,-0.578706170381,1.14919451802,-0.189426499654,1.19940655627,0.684223812259,-1.04891757438
1,21,2,4,-1.63126883362,-0.0249874258533,-1.21114887583,0.871990211776,1.3537593284,-0.758774845285,0.399370790106,-0.13026244529,-1.64670296044
1,21,3,4,-2.00027718079,1.32609324633,-1.39999020003,-0.951686760452,0.847228384173,-1.27375382987,0.388775842262,-1.72082811023,-4.02403203965
1,21,4,4,-0.978567543726,-0.0707783827218,-1.12919979556,0.176999642371,1.70327553098,-0.15266380486,0.51220122944,1.62407355409,0.631795144179
1,22,1,3,2.1948418639,-0.531054494924,0.0702145362472,0.509306419973,0.673213286104,-0.451491014608,1.24488127817,2.27988314987,3.72597086184
1,22,2,3,1.57834189933,-0.242984542527,-0.156684071218,0.616652323236,-0.0507148824313,0.503017050749,0.526023087333,1.54582163588,2.01598393107
1,22,3,3,1.26300574318,-0.421533082215,-0.00237256569821,0.291830461437,0.164874059009,-0.0936943571061,0.224114002293,0.850237032947,1.89033569892
1,23,1,3,0.0856702230264,-0.483878298444,0.506588762458,0.457076312969,-0.402893174473,0.383672952134,0.877088184358,0.85752894353,1.39174345801
1,23,2,3,-0.270027166311,0.126122013853,0.558544325301,-0.500429368239,0.625810176151,-0.190263701722,0.203918615444,-0.628611915106,-1.22468993465
1,23,3,3,0.0938171574402,-0.661400717909,0.977804870541,-0.220370078206,0.0809050573817,0.0677797699311,-0.114694238423,0.356488788009,0.690775532398
1,24,1,2,0.589514477896,0.474944403282,-0.834399298795,-0.289792859981,0.395669279695,-0.950682600575,0.879365912254,0.179844852529,-0.617458143304
1,24,2,2,-0.35528280797,0.77673402286,0.812896704932,-0.416674676084,-1.37484110593,-1.93433758109,1.11425022695,0.766834361933,0.630719405266
1,25,1,4,0.333938310606,1.31772931198,0.265860122675,-1.14218547758,-1.39125130204,-1.43379360367,0.600276840796,-1.39749529708,-2.15603676821
1,25,2,4,1.23345779278,0.845896142196,-0.24977290793,-0.906613783986,-0.572916762081,-1.50412599189,1.45438594732,0.168208660648,0.609091597434
1,25,3,4,1.06045395492,1.31351255792,0.454968132805,-0.628143463969,-0.0539722521106,-1.22405729477,0.183071932145,-0.220671095746,-0.244400494992
1,25,4,4,0.474999536201,0.77707274736,0.563619510091,-0.746185508047,-1.0936069911,-1.27671157164,1.75195669382,-1.48105325291,-2.18880017651
1,26,1,3,-0.512280440941,-0.757583515632,0.183959442122,-1.47147563783,-0.521927523016,-0.547270734304,0.200061991303,-1.26172877569,-1.49915992353
1,26,2,3,-0.443553005249,-0.302113225358,0.0222066482057,-0.70198568324,0.12109276482,-0.614371342712,0.853418164936,-0.405796969875,-0.408397519465
1,26,3,3,0.899485905843,-1.80707222946,0.647301193706,-2.00519400733,0.272155618743,0.682864878176,-0.220534449879,-0.485931370722,0.412459368525
1,27,1,4,0.110602122046,0.134409845798,1.25352538771,-1.63828318691,-0.340666297763,0.247510711915,0.502769669733,0.354727564936,1.81211093506
1,27,2,4,-0.292786766592,-0.252868188503,0.580373740048,-1.98936520794,0.495904901603,-0.403207265568,0.0304894308248,-0.327942493117,-0.274126872609
1,27,3,4,-0.763559262781,-0.545297433878,0.421150232147,-1.50278700794,0.74057677749,-0.303657569076,0.247580131598,-0.638437955163,0.158253086136
1,27,4,4,-0.376722383154,-0.847705793299,0.985858444038,-1.28956895666,0.120751406322,-0.582603115124,0.513057542117,-0.590327221442,0.422413050724
1,28,1,1,-0.0313085421523,-0.888848387605,1.18540567799,-0.757387692175,0.690945697923,-1.30239160117,0.196748907289,-0.54348699867,0.643063419499
1,29,1,4,-0.949484571253,-1.6672797631,-0.0409911329946,-0.759652786467,-0.452046416383,-0.742832275584,1.15548056441,-0.828538932009,-0.86815423482
1,29,2,4,-0.717712742972,-0.648732591097,-0.309066082957,-2.13822594332,0.423131178539,-1.06061176291,0.689117636028,-1.58924674217,-1.48838975502
1,29,3,4,-1.73017171281,-1.04493606946,-0.795640657131,-1.83334712888,0.703715188251,0.34519831078,0.478770286764,-1.25683790638,-2.42808981629
1,29,4,4,-0.417276348223,-1.46052196435,-0.265713973598,-2.17449204766,0.17704461311,0.0869737152883,1.45225219818,-0.75245986773,0.120346493924
1,30,1,2,-1.76904672887,0.387840041819,1.50632513953,-0.351475098621,0.220411211395,-1.55295590029,1.43847087348,0.239584143068,-1.0503247795
1,30,2,2,-0.916243858483,-0.369816483463,1.18857619112,-0.789419704706,0.721392777522,-1.83397590838,0.873410052656,-0.233918300575,-1.10226070594
1,31,1,2,-1.12285499966,0.35708077756,0.255052508673,-0.229704492605,1.10482094063,-2.65477970341,1.06085018477,-1.93981270289,-3.86971008795
1,31,2,2,-1.0773680227,-1.13054091775,0.156186572955,0.328466405256,0.44806240797,-2.1909617774,0.143161224252,-2.12708595211,-2.60587738951
1,32,1,2,0.709196051649,-0.329726729799,0.655246563964,-1.72657786789,-0.0678218755773,-1.75262890759,0.301185786088,-1.28960866583,-0.0352074073252
1,32,2,2,0.926026301219,-0.68233801235,1.0684091121,-1.24961278093,-0.701904699805,-1.51025622363,0.625285605475,-0.62549120153,1.13041405402
1,33,1,4,-1.70910107055,0.295707013056,1.43748654625,0.216077818155,1.02645539415,-0.354288732562,1.44717503218,-0.766942127382,-3.37296887905
1,33,2,4,-1.39615231656,1.79560981977,1.04743160452,-0.945179294914,1.67773735871,-1.00135446889,2.14475130068,-0.396942099073,-3.70357739381
1,33,3,4,-1.10891700867,0.44810799401,1.19744657422,-0.556812985977,0.484206782508,0.907721939309,0.795445723213,1.34194319503,0.31374887861
1,33,4,4,-0.559236343258,0.531123251208,0.0947023810264,-0.374523836508,-0.00528306248117,-0.179784886469,1.16787217109,-0.159141464529,-0.536485293646
1,34,1,2,0.101599303053,-0.0371898757895,-0.59113492607,-1.37581858281,1.58997521098,-0.193141923921,0.798757776258,1.19401736669,0.812263747937
1,34,2,2,-0.116885583325,0.969920639695,-0.918958161797,-1.05183710495,2.11125230758,-1.68115153126,1.49589070385,-0.0346419862251,-0.958105034475
1,35,1,4,0.669170471297,-1.47999532381,1.09730505373,-0.709089576911,0.431247619422,-0.673494389305,-0.165579837043,-0.150719228023,0.869922319307
1,35,2,4,0.423813028974,-0.457423391069,0.412249044822,-0.539608382992,0.341126461699,-1.09750936434,-0.856116951124,0.110189171984,0.62798088133
1,35,3,4,1.07488984581,-0.126219006818,0.349395510888,-1.28559066663,-0.0520845928554,-0.714469220919,-0.994671899331,1.45460206006,2.85742753857
1,35,4,4,0.530931335687,-0.784215631385,0.722399626108,-1.99474359083,0.0143293233903,-1.32648029251,-1.41996646236,-1.91707120639,-1.63140277492
2,1,1,2,0.219577546058,0.80152129003,-0.514187158392,1.02941399117,0.0280700792396,0.229548168461,1.63225698469,2.32994418356,2.89330330933
2,1,2,2,0.0996077326291,0.914737381906,0.0688539375436,1.33833084923,-0.197634290366,0.315703957943,1.81726441119,2.2086508626,2.65573665211
2,2,1,4,1.15942684671,0.417694589941,-0.296743072902,1.29558104804,0.763719685592,0.161870515256,-0.591137036235,0.71836953346,1.3241494166
2,2,2,4,0.218694870995,1.08817535016,0.318582424561,2.01843545824,0.439523606113,-0.497384581843,-1.59194006922,-1.5083358666,-2.37494737248
2,2,3,4,2.02056283672,0.14631381431,0.00228079403495,1.95059061337,-0.164389196826,0.954944201826,-0.600599410036,1.44388289914,3.61051532418
2,2,4,4,0.816235930895,-0.19820568293,-0.141309850495,2.51251565798,0.156562721642,0.686037006354,-0.155155762212,0.614124191198,1.81960908675
2,3,1,1,-1.35800740031,-0.40523509131,-0.559542219604,0.434764171212,-0.204232475219,-0.203621209824,1.49851001447,-0.422545955229,-0.501316953692
2,4,1,3,-1.13154080529,1.14490589448,-1.78398873648,0.254200389456,0.214204538996,1.21468723922,0.262437445005,2.58719988771,3.04768715655
2,4,2,3,-0.889019845913,0.756831427589,-1.54775511058,-0.0045903925764,0.476906193227,2.43082912855,0.315075107011,2.32543608216,1.6264539653
2,4,3,3,-0.550551588967,0.579623689152,-2.44741298856,-0.273995524965,-0.188439454026,3.3002123022,-0.375292752288,3.57305015378,5.16995901974
2,5,1,2,-0.260470463988,1.33576943598,-1.04481071543,1.49642854296,-2.03293302321,-1.4055671209,0.195062953892,-0.179167009783,0.475051557927
2,5,2,2,0.94279990644,1.25304240553,-1.49244563156,0.536741568436,-3.25122491599,-0.410216785162,-1.43696631942,-0.993546038606,-0.713482927618
2,6,1,1,-2.10766349265,0.634318182096,0.166708946817,-0.368275883393,-0.726884951818,0.501258546567,1.40030350191,1.07130795454,1.00990818224
2,7,1,3,-1.65876907318,0.95983365815,-2.40631631582,-0.283778704988,-0.101071652746,0.8645473957,-0.052796385725,0.915619238948,2.13500637928
2,7,2,3,0.0728629958396,0.78752733296,-2.00786233612,0.00535545893611,-0.651656796909,1.69959908533,-1.08327617914,1.49873334059,3.25755740255
2,7,3,3,-0.507104516994,0.0990841935506,-3.18699872428,0.00630580308813,0.202511005593,3.07410648942,-1.4898109086,2.55563014469,5.50764047158
2,8,1,3,-0.808164242171,0.770604572731,-1.57177549828,1.84107370886,-1.8339962386,1.04822556932,1.10285636493,-0.820748925706,-2.03676918396
2,8,2,3,-0.305053905086,0.106549188134,-1.87012604776,0.534373515031,-0.659319082302,2.10411842502,-0.360186674145,1.20163301089,2.54073824729
2,8,3,3,-1.50770137488,0.387840513629,-2.48930999721,1.50608586416,-1.94080734404,1.66332426223,-0.532665372986,-0.455011044313,0.256971083652
2,9,1,2,0.503253846505,2.1042065815,1.28592234077,-1.41689760561,-1.09150358539,0.229988020068,-0.850447384646,1.93237753281,2.49078976664
2,9,2,2,0.0492048236502,0.700970924371,1.1469170851,-0.276111293542,-0.450588952651,1.12185716042,0.211381826102,2.15187609623,2.04115650208
2,10,1,3,0.542135807736,1.05291199006,-1.70517337387,1.95371049503,-2.40234741696,0.902707566864,0.0827873101265,1.21657074131,2.38209484241
2,10,2,3,-0.400403748738,1.37535741543,-1.53940110862,1.13102152528,-1.83011582013,0.383301712952,-0.170254470653,0.470716955707,-0.14679365225
2,10,3,3,-0.798165688167,0.378250625552,-2.15365905004,0.802800481741,-1.09251986877,1.19276723064,0.0371564570042,0.112318286674,0.753888076915
2,11,1,2,-1.49848427983,-0.166692194987,-2.90192618918,1.68842937137,-0.721896977405,2.2115508455,0.146110255432,2.46371238728,3.83130884191
2,11,2,2,-2.15321791397,0.27775895864,-3.27616993537,1.8998358752,-1.66473933948,0.49658030484,0.306119453535,1.57794115514,3.23566411812
2,12,1,2,0.119106698346,-0.269200522719,-1.00883591748,0.851748792935,-2.2703375214,-0.442869901847,1.53426248016,1.74709575546,0.690574510195
2,12,2,2,-0.521445695626,-0.00845840645089,-0.215146517502,1.16413125448,-1.70727957256,-1.51030621163,1.65223895049,0.97386327519,-0.237172071976
2,13,1,2,0.0901147930426,0.714011127197,0.19273848123,0.735864023148,-0.937480418777,-2.67077814609,0.866070584384,-1.43384268398,-1.33194006664
2,13,2,2,-1.27366652116,1.36592529035,-1.57198364171,-0.0873979867355,-1.54737006003,-0.912589820971,-0.134562031192,-1.15150392714,-0.797093551515
2,14,1,2,-0.245561121539,1.56642293543,0.350565665896,0.52008275345,-0.926554501327,-0.743571503228,2.1670590316,0.846602842453,-0.792614521303
2,14,2,2,-0.591370652474,0.913942779377,-0.444523696105,-0.158034019047,-0.861711810441,-0.778837242149,1.25538820407,0.127844097051,-1.41188426364
2,15,1,2,-1.63914730259,1.02761524779,0.531071265311,0.7497551883,-0.617958071733,-0.986511302462,1.18195458579,0.692093253093,-0.617464884651
2,15,2,2,-1.74186745647,0.972232481365,0.45454910336,-0.216300505718,-2.1122759708,-0.232210677005,-1.03764941227,-0.269255821269,-1.6441491635
2,16,1,1,-0.691632797788,0.113628500979,-1.0834620491,0.798430320515,-0.384599090047,0.42996645822,0.765069528476,2.24772228315,3.20339225741
2,17,1,2,-0.614783658839,-0.196700679231,1.12765318139,0.23990120115,-0.68656611323,-1.13342197044,0.392930887222,0.460685658874,1.65223054816
2,17,2,2,-0.0605007035135,0.225367099565,-0.520524960755,-0.32485513828,-0.225140056801,-1.01590033133,0.652237636798,1.16198104285,2.92070368916
2,18,1,2,-0.890015340681,0.629330101435,-1.76450137921,-0.654813898695,0.00321358696556,-0.557226155706,-0.0196102120042,0.126848486253,0.81957091341
2,18,2,2,0.167757100535,-0.955117367756,-1.54826777146,-0.645512895884,-0.741297087921,-0.844861006699,1.05826836051,1.3651978838,2.88823949599
2,19,1,4,-1.95096485114,2.36967897709,-0.46201732332,1.74268288352,-0.944267032334,-2.44653599616,1.39194529453,-0.337728700536,-1.28263281895
2,19,2,4,-1.63880232455,1.69077614979,0.141619050215,1.30249949586,-0.0538125114455,-1.93363863051,0.561048268262,-0.0573285828424,-0.686813129044
2,19,3,4,-1.85174719236,2.42857101518,-0.600524623385,1.10938426953,0.651608251223,-2.81627420341,1.75907724486,-0.206137507896,-0.847797393768
2,19,4,4,-1.89404369621,2.02732183482,-0.390021131487,1.20275289364,-0.685361317375,-2.11968198241,2.22273861217,-0.773791310377,-2.31979682498
2,20,1,1,-2.08744156367,1.6969852612,0.763146091447,0.623738086956,-1.37159166013,-0.720364369524,1.09194060087,0.469168875004,-2.31973930239
2,21,1,2,-1.03771387317,0.0289766864006,-1.74513689425,1.04645603687,0.610919582522,0.234922513144,0.947378163862,0.988325325381,0.885726257551
2,21,2,2,-0.978475234167,0.0509279813916,-1.52006138372,1.50048383617,0.703693050294,0.642803887938,0.0120003840763,1.14867107606,1.33790468873
2,22,1,3,-0.309424866678,-0.313861414605,-1.41904777354,1.22909433844,-1.98506554846,0.634942510384,-1.16454764305,-0.00901212704212,0.213297671568
2,22,2,3,0.0661781793429,0.750219246052,-1.58618300881,0.401610929679,-1.4353506024,-0.0164053054631,-1.54122326835,-0.408132456715,0.0194558254468
2,22,3,3,0.793058543674,0.210940622711,-1.40340396952,1.56712838643,-2.1095689862,0.313350193453,-0.045399036732,0.383042854624,0.909820562696
2,23,1,1,-0.950816576073,-1.08601422895,-0.320566816851,0.926270135624,-0.696200789712,0.800774358429,1.00660591053,2.09468884991,4.22463530794
2,24,1,3,-0.483824801464,1.80063555969,-1.47976815894,0.660171775709,-1.09033094855,-0.094605420911,0.58772119606,0.10766017452,0.349157236964
2,24,2,3,0.771117645317,2.64751635345,-1.84968388645,0.769520422724,-0.885602143827,0.27037763928,-1.0630211222,-0.40842940701,0.930268616089
2,24,3,3,-0.601052353859,2.02956819206,-1.47193537139,0.411260453123,-1.57829427536,0.105080776168,0.300937060034,-0.788517897026,-1.4617699365
2,25,1,3,-1.86880187219,1.09189829238,-0.236640800826,1.09703125845,-0.179442103974,-1.16646951258,2.79158415982,0.00689388702823,-1.23254253319
2,25,2,3,-1.07197924066,1.38953182161,1.18883713127,0.710375221286,-0.0469032394784,0.330253819046,1.40894771578,2.14990902636,2.85556276593
2,25,3,3,-0.701656527151,1.0205149806,0.313050342858,-0.332026115637,-0.650262438648,0.884900421519,1.36766663816,3.10967416874,4.41219480001
2,26,1,1,-1.21767857631,0.592277970532,-0.276133952036,0.114483011143,-1.59682302191,-0.142492901241,0.120696560428,-1.45355238336,-3.77635948315
2,27,1,1,-2.45269118503,0.996472327552,-0.951849416882,0.109279163706,-0.827792365618,0.0213379057456,-0.58815795676,0.652142565419,-0.958003375472
2,28,1,4,-0.231398079421,0.133541576911,-0.830561767807,0.0138505636156,-1.67732513669,-0.190960178511,0.0138274203248,0.187405971777,0.208441689502
2,28,2,4,-0.236334917882,-0.473964735349,-0.861784927567,1.25356261214,-2.01735712823,-0.507573836609,0.528026521253,-1.52446269602,-1.78432442157
2,28,3,4,-0.160723480825,0.868256060518,-0.657713257305,1.11821715124,-2.26098697558,-0.881718172898,0.422489651443,0.296669065814,-0.143595727848
2,28,4,4,-0.689668070371,0.161149648641,-1.00378165052,0.560736990908,-0.947039098561,-0.778459015913,0.899405451501,-0.432268722294,-0.504586494703
2,29,1,1,-0.864649642117,-0.206483403933,-1.08814909598,0.456983776021,-1.0734216456,-1.60263104531,0.891710969007,-0.781357108782,-1.49530644913
2,30,1,2,-1.11916829705,1.65954851176,0.407743838266,0.533066018757,-0.656081920192,-1.27828115166,1.43408595466,1.7325308655,0.900049711497
2,30,2,2,-0.473092831905,1.4884474741,-0.614570851763,-0.671962680042,-1.22250388033,0.0747036701809,1.10600991386,1.28882827698,0.670213653274
2,31,1,1,0.192670650415,0.360544529097,-1.98258764512,0.274492704825,0.253655521803,1.11807292586,-0.639187001547,-0.789978259182,-1.41503995927
2,32,1,3,-1.54199542028,1.77831197217,-1.87534156668,0.867932771395,-0.850940184181,-2.04612640018,0.975487108698,-1.14397356774,-1.71402921893
2,32,2,3,-1.9082053061,1.75376811364,-1.04927439926,0.31863278853,-0.175119634117,-3.33152754235,-0.0409023926838,-1.99531091365,-3.94562323828
2,32,3,3,-1.34226618028,1.09321633885,-0.762862889456,-0.236768776506,-0.638718188915,-1.82029612192,0.949077864274,0.462476551375,0.0772383701268
2,33,1,4,-1.19775531163,-0.586279859855,-0.633509608353,1.07233091492,-1.27028374445,0.555934923069,0.828977794719,-1.20069733316,-1.96214430006
2,33,2,4,-1.39074758475,0.616969558841,-1.03680465975,0.799305713124,-1.00903197635,0.415452046766,0.238950759128,0.874199571944,0.966027181345
2,33,3,4,-0.685664339048,0.657673709495,-0.672174155618,1.21260105824,-1.49984256865,1.08041171783,2.12013432413,0.99125545597,-0.173958377766
2,33,4,4,-0.785668460055,-0.41234077539,-0.0409780817667,0.72722523899,-1.96379284424,0.634223132208,1.82934606843,0.749868059282,-0.175657622166
2,34,1,4,0.736251857292,0.819419958439,-0.878308864799,-0.925651573559,0.116036805626,0.358787242789,-1.82993277574,-1.04433969111,-0.64453795116
2,34,2,4,1.3344649769,-0.00869147535048,-1.1065251715,-0.555016795447,-0.0120677965065,0.82630163469,-1.2073083415,1.60780629196,3.77831975091
2,34,3,4,0.252256281136,1.37786666968,-1.68481333606,-0.414139931835,-0.509257741587,-0.0838889477571,-1.52273173798,-1.64538756689,-1.6757633077
2,34,4,4,-0.353786016023,0.818288152664,-0.412393315837,-0.132227497935,0.836505064683,-0.542450562406,0.243280403727,-0.204087630496,-0.595298340022
2,35,1,3,-0.502205846287,-0.494882635501,0.237004151978,0.673915642364,-0.76759655757,0.439871622553,1.39852966884,0.410462135289,0.716427372405
2,35,2,3,-1.02251219045,0.163848228724,-0.496828998597,1.56441703068,-0.487114661599,-1.03270764668,0.570425715535,-0.215952444773,-0.78889407689
2,35,3,3,-0.262114675305,-0.0929062757854,0.456509913456,1.642588743,-1.07228120999,0.620754502924,1.38755059135,0.446787330628,0.67961422272
3,1,1,4,1.49235571062,0.256461405535,-1.11022636584,-0.238887367567,0.506581161652,-0.0781880844493,-0.45846193802,-0.0119810395455,0.590434225035
3,1,2,4,0.940547684208,-0.790321806622,-0.564499739037,0.793609913508,0.499883533772,-0.265699590841,-0.444124796135,-1.18063797725,-1.32190610424
3,1,3,4,1.85252988259,-1.26246616138,-0.216632174229,1.24028473348,1.20109306224,1.12940446522,-0.379877856952,0.859644887943,1.36442016338
3,1,4,4,1.12558073521,-0.52072706319,-0.944047848178,1.16012583277,1.3357254041,1.08385306249,-0.175689304279,0.0657613870897,-0.408281178679
3,2,1,4,1.41245734731,-0.0406696520595,0.487659398876,2.45164187178,0.851046091757,0.989361746871,-0.0940576599937,-1.18924600544,-2.55772859686
3,2,2,4,1.26569101293,0.377975462017,0.937970643528,1.48197212607,0.590024189365,-0.149591057832,-1.55093315451,-0.776875767093,-0.976685049211
3,2,3,4,0.999023152641,-0.0078006648529,-0.231902415076,1.24530755677,0.774160770643,0.695781739181,-0.662337264079,-0.288948224511,-1.08268909108
3,2,4,4,0.823929033527,0.0659415094744,1.33253830816,0.876489990583,0.828867003482,0.260995326292,-0.896034333633,-0.871623326375,-1.72719328361
3,3,1,3,0.0645338584972,-0.445730168104,0.521797212943,-0.0173926567921,0.414746955069,-0.002139569174,-0.355398050654,-0.883387963612,-0.583557026631
3,3,2,3,-0.98647720379,-0.739570729286,0.299870241764,-0.373054363974,-0.320054124395,-0.0380917011287,-0.518518638995,-2.07746089964,-3.29515603326
3,3,3,3,-0.846609833166,-0.570547453336,-0.762081632731,-0.139661644759,-0.120067003868,0.271905783208,-0.35616090245,-2.44694236279,-3.2884787942
3,4,1,4,0.526512460825,0.690626947765,-0.00892409235237,-0.774055712803,0.458195298336,-0.342757154669,-0.415651716831,-0.664791512144,-1.8696749675
3,4,2,4,1.79666629575,0.596528717802,-1.56894481706,-0.880628431599,-0.928326428513,1.10061759576,-0.907107928903,1.24932923802,2.6485485712
3,4,3,4,1.67732225334,0.36481734965,-1.97181355277,-0.928393413905,0.0266616858842,0.934081832589,-0.677287389417,0.527002569607,2.36000642321
3,4,4,4,1.1048516032,-0.221006409232,-0.908244775279,-1.3082320856,-0.630965914524,0.425344501575,-1.04332309793,0.664120469111,1.27126256098
3,5,1,3,-1.87369853216,1.1754756376,-1.04687873001,-0.324801374907,0.570255503279,-2.2213497984,-0.157861222399,-2.95700995981,-6.14218458546
3,5,2,3,-1.6555944773,0.364216881104,-0.360356260125,-0.26169028132,0.33747274756,-2.2836460962,1.24605021747,-1.24739299236,-3.11146897987
3,5,3,3,-2.02516188259,0.188862898557,-0.440968171527,0.58723680636,1.27952120595,-2.1885775697,0.194780115181,-3.4767355723,-7.00179179241
3,6,1,3,-0.34830372904,0.4138411389,0.786483334905,-0.103684665553,-0.270738161261,0.247980108633,-1.05938547434,0.362879864408,-0.597023390057
3,6,2,3,-0.331180581105,0.980343878732,0.585116540041,-1.21676244014,-0.15324171454,-0.766200042057,-1.27590061752,-0.559127129625,-1.11140130213
3,6,3,3,0.153839114534,1.51830112232,1.06775972625,0.229542385492,1.42982051508,0.985519972538,-0.218316834214,2.21269178115,0.413771902519
3,7,1,2,-1.40251817131,0.264760503226,-1.60943138256,-0.644130121804,0.364315615509,1.3323675953,-0.940511796966,-1.33535902925,-3.05599809326
3,7,2,2,-0.218802434976,-0.481399202631,-1.21959064229,-0.979768670661,-0.38642244074,0.836515472782,-0.983733674314,-1.26026572982,-1.70817503554
3,8,1,4,1.11573593798,-0.254428769062,-0.704368426636,-1.16729161374,-0.00635312309295,-0.0652891454337,-0.47408962523,0.106156721919,0.425472059049
3,8,2,4,1.21539822456,0.037635800461,-0.962048952946,0.577185238746,0.19787231661,0.311255451761,-0.129587790539,1.66873229885,3.50632043047
3,8,3,4,1.13142172086,0.180367850999,-2.085579466,-0.302107362283,-0.7424385057,1.44584922499,-1.51224884031,1.07796144193,3.37720640561
3,8,4,4,1.60134502732,0.450757060357,-0.869239939489,-0.963913490299,0.413763803427,0.0130016486781,-1.58793050153,0.502896302116,1.01572879688
3,9,1,1,0.0382532221134,-0.590781256633,-0.116051445516,-1.50680911379,0.216277507829,0.360766756659,1.15672005937,0.16122226386,-1.40176255864
3,10,1,2,-0.328960138234,0.14375674847,-2.69382503929,1.41308885591,-2.2692887305,-0.648113788151,-1.14089756258,-3.32669582589,-5.57679022835
3,10,2,2,0.321409275395,0.546248660669,-0.368299100418,1.84107577983,-1.55195790339,-1.09391888642,-0.0679894305567,-1.64800618062,-3.78340372303
3,11,1,3,1.46763781292,1.1291707556,-0.916612024235,-0.465508057586,-1.37901098024,-0.804413736566,-1.02243232786,0.674855554165,1.47037006978
3,11,2,3,0.454631599409,0.718242186382,-0.617044802412,-0.150117895792,-0.405253938918,-0.916754423748,0.21903741153,1.03906768992,1.38443059374
3,11,3,3,0.765908674894,0.718244066557,-1.67728176728,-0.0926992934412,-0.337242499022,-0.971002864108,-0.624905833422,0.0543667526993,1.66070022364
3,12,1,3,-0.0515178661225,-1.65429981105,0.870870662931,0.176677708641,-0.826791518727,-0.994081312123,-0.33938762319,-0.619049629199,0.333809959572
3,12,2,3,0.896217145345,-1.34966333461,0.339408842189,0.309318922883,-0.308665428453,0.0257814515957,-0.690433950238,-0.173980034585,-0.0455286947035
3,12,3,3,1.22060338137,-1.10577866885,0.2265160603,-0.661037422771,-0.719436696826,-0.27379723429,-0.21450418424,0.316071935524,1.25229964739
3,13,1,3,-0.427696872335,-0.587209172332,1.0805244475,-0.557759916813,-0.724777271085,0.174165067844,-0.179634068487,-0.450731458283,-0.975249420254
3,13,2,3,-0.0744960060404,-1.33537138026,1.37944564334,-1.09068352334,0.773843389222,-0.0495951788254,-1.19588314546,-2.24367447558,-2.69872462464
3,13,3,3,-0.20410127121,-0.599649347198,0.400245954184,-1.00621233998,0.156148663713,-0.0361444829324,-0.63151982702,-1.02937939708,-2.07495303993
3,14,1,1,-0.885961602271,1.59408230809,-0.498766094345,0.354513170222,0.0320939410138,-0.610732297069,1.79262465341,-1.10475684607,-3.96717600662
3,15,1,2,-1.5178177409,0.727921737285,1.87120319406,-1.48936387521,-0.0363021153389,-0.00159155625608,-2.83269066179,-3.53433346938,-5.38165794026
3,15,2,2,-1.12187071293,0.874273052705,2.14529216604,0.00872084505916,0.361342558633,1.16539714134,-3.1521349272,-3.22467668236,-5.04718814949
3,16,1,2,-0.596701786891,0.7365500723,1.50091005943,0.412547551398,0.442656738121,-1.34881339542,0.342076867763,-2.54069424875,-4.41146409448
3,16,2,2,0.547132120079,0.850676103545,1.35507675182,1.08806243876,0.147344378076,-0.679051850638,-1.10185393681,-1.5129171142,-3.27975633452
3,17,1,4,-0.176325018647,-0.950155674294,0.44454516196,-0.323706743523,0.0198427983576,-1.34406916606,-1.53522663319,-1.79669313351,-2.41469359562
3,17,2,4,0.541157965489,-0.672693411695,0.981037341444,-0.575102180673,-0.227581229374,-0.555785819856,-0.613245303278,-0.456102521662,-0.58553244756
3,17,3,4,0.468281202742,-0.0984233650747,1.16347151199,-0.266862094606,0.554726285034,-0.332246850871,-0.511773856745,0.724538616475,0.827033428501
3,17,4,4,0.230479339175,-2.11095373025,0.156895143663,-1.59303085289,-0.711896396889,-0.866954178534,-0.710929245362,-0.180376231986,0.566244382936
3,18,1,2,-1.0248204167,0.171669049798,-1.13753945046,-0.719240490313,-1.75037000546,-1.1537849375,-0.0796121435523,-2.08700706068,-3.86218560548
3,18,2,2,-0.998651412043,-0.00198618928208,-0.534868569757,-0.188645189049,-0.872445352349,-1.46970097769,0.0513155785483,-1.17229258288,-2.16694383695
3,19,1,3,-0.382405398362,1.39175771403,0.322912501313,-0.932658597799,0.481336063124,-1.91104723337,-0.425183171761,-1.70961561458,-3.80316146292
3,19,2,3,-0.410431537298,1.08891248842,0.434824128959,-0.150179040457,0.786235588377,-0.937756521771,-1.7137517401,-0.544377210614,-1.04172997589
3,19,3,3,0.249476403204,0.683749394905,0.0146052482557,-1.64935837573,0.521778993295,-0.858066156681,-0.870502568135,-0.140137829071,0.413869166274
3,20,1,2,-0.0368909121641,0.669626224686,0.930528297794,0.703447320391,0.515077385731,-1.60065982325,-0.903428185249,-1.17424609046,-2.27708245336
3,20,2,2,0.049269902637,0.686946491111,1.41984148843,-0.785882139046,0.56985827603,-0.969889328532,-1.7737173309,-1.80049038379,-3.09506922031
3,21,1,4,-0.915553497468,-0.866949997879,-1.73681189596,2.35257316226,1.34288049079,-0.196719696733,-0.502284160818,-0.672498011519,-0.341315637562
3,21,2,4,-1.33260829955,0.432874476696,-1.00477233746,2.34825870149,-0.0075474627762,-2.43815629121,0.312660592047,-2.43026280147,-3.61298811646
3,21,3,4,-1.90587251069,0.211106401082,-0.761915402629,1.96961888184,0.207917731188,-1.67430321656,0.00675963099391,-2.13181468526,-3.31780133033
3,21,4,4,-1.3571052538,0.999288367024,-0.745077426566,1.99506868045,0.644400202052,-2.64030989726,0.55790720765,-1.88143760475,-2.34998374881
3,22,1,1,0.0104870840993,-1.56814767408,-0.935437336482,-0.0366594862054,-0.540296921116,1.24404082134,-1.07307430968,0.480689224542,0.699742089398
3,23,1,3,-0.130899607173,-0.00666438152085,0.37552479322,0.274023301742,-0.893123929388,0.752515922075,-0.598089933793,1.22945667175,1.79461027464
3,23,2,3,0.567296112914,-0.543203743166,0.664562528031,-0.224867646725,-1.11212067788,0.907206319461,-0.751477631144,0.893643629212,2.7819238612
3,23,3,3,0.692740082112,-0.943180937447,-0.298887571953,-0.435751335257,-0.238238426652,1.53934904692,-0.781458315707,1.7043601698,3.81207683599
3,24,1,3,-0.322988712586,-0.580143751248,-0.314198346851,0.495537972555,-1.26667042649,-1.54326376864,-0.00839861443879,-0.45243709416,-0.921170940305
3,24,2,3,-0.471593496541,-0.404504900852,-0.419434339531,-0.302865249341,-0.0272179406266,-1.13259434704,-0.374073536197,-0.187843818038,-0.578205365724
3,24,3,3,0.0960365476316,-0.459779423508,-0.555087702327,-0.888018529524,-1.04948396836,-0.665594942509,-0.894155365641,-1.2703609666,-1.36319573938
3,25,1,3,0.561999779868,0.425121764717,0.147897015157,0.350787499718,-1.39961644862,-0.81842716243,0.827773560721,-1.10340654757,-2.64114565117
3,25,2,3,0.0611860065341,1.18906883685,0.788279840469,0.277878092064,-0.488295661882,-1.80666312019,0.455498470769,-1.5304894134,-3.84593183338
3,25,3,3,-0.315372576577,0.662396330337,1.05358414137,0.256442981961,-1.50536352765,-0.793002110764,0.360714956092,-0.110326598091,-1.33581378403
3,26,1,3,-0.704500764091,-0.0154105762968,0.00870826665757,-0.610975484843,-1.41993603332,-0.853767026928,-1.23249086712,-1.47053991152,-2.57371784412
3,26,2,3,0.146835071702,0.468334024756,-0.649411550277,-0.535388491648,-1.50076818628,-0.67023771623,-1.54757722263,-2.59154236423,-4.15852244721
3,26,3,3,-0.627130442217,0.420000666638,-0.581385339212,0.424075024251,-1.01537808314,-1.25087359866,-1.20463300609,-2.11867153641,-2.72309291267
3,27,1,1,-0.39868322998,0.915454519737,0.97590827223,0.640558809543,-0.772124906347,-0.738383008586,-2.10412008827,-1.11112788563,-0.559304577153
3,28,1,4,-1.41565850682,-0.368823018003,0.181012881584,-0.459090832015,-2.24650004675,-2.32686708738,0.473183457053,-3.49994101009,-6.36110667882
3,28,2,4,-0.541900026903,0.368350504487,0.18705860813,-0.316963310908,-0.860245318592,-1.35907731333,-0.191444864516,-2.1213355793,-3.98085231815
3,28,3,4,-0.792554226503,-0.182421965694,-0.28437593716,-0.242845180355,-0.572465573117,-1.73875001141,0.783010064806,-1.90934287988,-3.16943523321
3,28,4,4,-0.911376666769,-0.890602696234,-0.266680854384,0.0484103335288,-1.85711880108,-2.05195292453,1.0135110175,-1.98718061537,-3.44354812458
3,29,1,3,-0.60037022833,-0.0951314469124,-1.05569166194,0.196444824593,-2.55654952853,-1.42938712236,0.144599679223,-1.55117662694,-2.94097896371
3,29,2,3,0.471685509084,0.436843865477,-0.186642879179,0.283650236787,-1.95536311876,-2.1432572908,0.464978402786,-1.13032311507,-2.19446512026
3,29,3,3,-0.667474909797,0.472225641855,-0.305348727348,1.0405077914,-1.35823571005,-2.70302473994,0.786145508148,-2.91274549165,-4.57632429917
3,30,1,2,-0.328749266231,-0.455625076085,0.809195885198,0.208627268842,1.8561224056,-1.488784834,-0.946859492605,-1.77130677976,-3.42677266824
3,30,2,2,-1.46673948107,-0.150329618676,0.602688767841,0.624860294412,1.38391191783,-1.98575458706,0.12899750064,-1.89792443382,-4.57322104957
3,31,1,3,-1.55371120465,0.853418513575,0.313433373467,0.25275261901,-0.990087097362,-2.80076109267,-0.369220015484,-4.44220518998,-7.66241129429
3,31,2,3,0.0324557543683,0.940724332351,-0.303832452643,0.501141495911,0.513782529729,-1.93481247817,-1.39560539886,-2.61679169525,-4.39694747088
3,31,3,3,-0.656262182848,0.627997008361,-0.393788747883,0.332167433871,0.110515285641,-2.89319415659,-1.07324376895,-3.93447124441,-6.5878735082
3,32,1,2,0.187680902623,1.4813704199,0.771576369101,-0.851507870022,-0.145193696803,-1.88615478327,-0.611105276034,-0.833080021108,-2.39084856086
3,32,2,2,-1.45165173474,2.04853797629,0.0103488308369,-1.15840010823,-0.72680064661,-3.49063489491,-1.32433819055,-3.02579411326,-5.32126078508
3,33,1,3,-0.670769041781,1.66786262826,0.873325086499,0.228728382804,-1.5004314808,-0.633973434504,-1.44090821415,-0.433879271588,-2.67719584711
3,33,2,3,-1.22349819877,0.527586817564,1.31201184483,0.312687848757,-0.7191443692,-1.2045989584,0.269221962269,-0.925179192136,-2.95940207249
3,33,3,3,-1.49633978248,2.03173036455,1.48731651325,0.0420160236873,-0.195476725271,-1.11415197733,0.347001441903,-0.195058524132,-3.3539727371
3,34,1,1,1.64490760514,-0.23312302064,1.04114199872,-0.855880923959,1.39014762097,-1.35196873175,-0.56516924156,-0.986152158334,-0.631233959282
3,35,1,1,-0.367853697014,0.169299978547,0.923586584562,-0.0655699185209,-0.401377058379,-0.863778934297,-1.49739890986,-1.35720605669,-2.17346606081
4,1,1,3,0.650762522684,1.22277554221,-2.54849794471,0.983302113033,1.45130788867,1.81293210039,0.27338153431,-0.452803401799,0.157261444036
4,1,2,3,1.24705503126,1.44967752107,-2.54029379174,-0.407690511518,1.87863286422,0.912722348478,0.240281549017,-0.542842272731,0.396813455407
4,1,3,3,0.853838688662,0.907525454993,-2.75035348094,0.44684638468,1.5713055114,1.91667473032,0.708937955429,1.15079974293,3.02642354116
4,2,1,3,1.11325565814,0.643622457843,-0.566244488301,0.52413921455,1.03947373824,-0.194101002654,-0.502451703368,1.31984036462,2.77817230381
4,2,2,3,0.331908689943,1.38823369671,-0.444882954635,0.62706319282,1.81675787155,-0.992171422703,0.573022320097,0.143551447803,-0.0376343072153
4,2,3,3,0.0379236238494,0.970244782192,-0.14087769067,0.676156711833,0.856457013543,-1.72238782807,-0.973505250132,-0.779599786073,-1.56255059568
4,3,1,2,0.135207228871,-1.45484181161,0.373093755845,0.483422941521,-0.768813920215,2.18751534512,0.157745979843,0.348766583145,0.656099684933
4,3,2,2,0.179650997282,-0.794936349422,0.343784856057,-0.151875201152,-0.174714060366,1.17028402594,0.546525295222,0.808292533211,2.01011741301
4,4,1,2,0.0200186229603,1.54885294361,-0.976919208597,-1.32551021843,1.40212469538,0.249317075932,0.717360787996,1.06241755457,-0.397122502057
4,4,2,2,0.857295718279,1.36466330617,-1.08427130409,-1.42321900104,1.91295824742,0.555071997019,0.276405486051,1.30099122734,2.45489290898
4,5,1,2,0.515320179654,1.24893044611,0.180851807623,-0.7417001886,0.0205030699913,-0.156507097675,0.905791759903,0.232565722756,-0.244390790428
4,5,2,2,-0.166951367959,1.37001364587,-0.359635418227,-0.0296052646908,0.248937884002,-0.107905671272,1.53550177243,-0.0187917564973,-0.978475064626
4,6,1,2,0.00728782831305,-1.45528083393,1.63984127431,-0.88949523479,0.27678493197,0.322492353341,-1.22211626626,-1.44188585442,-1.0891226754
4,6,2,2,-0.201181637479,-0.30486468435,-0.75379791797,-1.03392630707,0.869243627624,-0.650796266009,-0.40679267239,-0.210521152839,-0.14038616352
4,7,1,1,-2.24641405689,0.0682698347807,-0.880532677812,0.0571464677326,1.27456139293,-0.974492585021,0.763482308244,-1.46228483518,-3.58788631793
4,8,1,2,-0.927556339516,0.612514738467,-0.894352786593,-1.07378627804,0.305856824647,0.237857976018,-0.88944714195,-2.24973245249,-3.84124052572
4,8,2,2,-0.297582940291,1.405885119,-1.44240921889,-0.788902966505,-0.0623149672978,1.16384257478,-0.238976070387,0.25920992835,0.164298781827
4,9,1,1,-0.890225731516,0.942159140664,-0.387931088119,-1.23064769342,0.373444240852,-0.0460332517006,-0.660252673485,-1.00972411336,-2.2504539886
4,10,1,2,0.6211999768,0.299195128029,-0.114266557565,0.799732561324,-0.381261434221,-0.242584880686,0.11940591399,-0.930054571816,-2.30601779293
4,10,2,2,0.465951816504,0.177595072764,-1.13232025871,0.378382287226,-0.158872210335,0.586960989185,1.14538550567,0.378086897771,-0.44411897184
4,11,1,2,-0.421988882709,0.823718934465,-1.78106693106,0.985618995964,0.851965790777,-0.576169330804,2.22867495705,1.61131569997,0.380057245169
4,11,2,2,-0.127154388828,0.138757527094,-1.79298368395,0.313694101516,0.0261579362406,-1.26949337375,0.743289507078,0.922286392797,0.162492978202
4,12,1,4,-2.05271145321,0.229133396075,-0.0159601660533,0.525027302968,0.724255300413,-1.26934026314,1.07682445605,-0.306498846932,-0.784993656353
4,12,2,4,-1.37545608358,0.280114219774,0.270337497613,-0.192215170164,0.55459964407,-1.06709823016,0.10632579915,-0.495589245908,-0.622004949935
4,12,3,4,-0.57139576428,0.860996239021,0.373953119827,-0.0907133395407,0.52019161195,-1.17644227961,-0.0371985053579,0.420474706907,0.721265002971
4,12,4,4,-1.53704232358,0.869310280442,-0.321232514607,0.761434374491,0.127546918924,-1.72590695168,0.458782592444,-0.778162755952,-0.800789654135
4,13,1,3,0.858623905349,-0.820974507148,0.0120177321073,-0.854672326393,1.19457575313,-0.110689359262,-0.268046946686,0.706208595432,1.53782829297
4,13,2,3,0.753172915027,0.344170218123,0.125934472808,0.168795381588,0.386046517014,0.543529972573,0.13533766675,0.305716057589,0.386473511964
4,13,3,3,0.230875568222,-0.245265959992,-0.838524059712,0.343515732862,1.48403973458,0.432575583462,0.384694391172,1.07352690403,1.74643157526
4,14,1,1,-0.117242761448,-0.506530455696,-2.10283168119,-0.516634817289,-0.157025985329,-0.281062839682,1.35630735557,0.0704821620961,0.934399791741
4,15,1,4,-0.564552901572,-0.390076840309,1.24713557167,-0.938057097259,0.124712751764,0.390485224284,-1.63586206307,-3.10048187293,-4.21901841458
4,15,2,4,-0.302533718729,0.60847831265,0.673194831848,-0.800451076587,0.161914388697,1.19117615329,-0.653103463727,-0.658029406417,-2.1784649963
4,15,3,4,-1.09523134048,-0.552606757712,1.0273342703,-0.681170490366,-0.686926347653,0.194660227069,-0.823088551451,-2.36190071913,-3.95211753528
4,15,4,4,-0.889943777879,-0.150381245607,1.46061003736,-0.786157548432,-0.41862291337,0.990190055815,-1.54653054599,-2.28724347654,-3.26766066268
4,16,1,2,-0.484922465857,0.608728422033,0.928601105784,-0.265594039277,0.124787579248,1.48371823413,0.0167145461495,0.500937920017,-0.968324780008
4,16,2,2,-0.622394285625,1.76106892764,0.0505743238997,0.427410410633,0.625286849412,0.544498014973,0.118863668295,0.462115216193,-1.43399002056
4,17,1,2,0.959029580777,0.665943245283,0.667112484044,-0.820661097115,1.13735663043,-0.838146361255,-1.2278058453,0.0275275810011,0.112836785135
4,17,2,2,0.843183832823,0.347639220517,0.709514907222,-1.77936702993,-0.162794172602,0.171639609467,-1.14756616221,-1.35248632559,-1.244785121
4,18,1,1,0.48332700593,1.10614230427,-1.35932565152,-1.0350187424,-0.0844452332337,-0.283588717236,-0.463032080109,-0.673800566012,0.371269763991
4,19,1,1,0.561135665519,1.30641601289,0.452179859237,-1.12478714867,1.41751338964,-0.476594955897,-0.143713210983,-0.951941297458,-1.65792698291
4,20,1,2,-1.12793891145,0.293275359037,1.27807297062,-0.414375027106,0.584434293754,-0.192442035106,0.581392599153,0.0864074033233,-0.39840037419
4,20,2,2,-0.583327528829,1.03502496138,-0.321721592226,0.847243284611,0.0918342710385,-0.309111262131,0.550527307389,0.575273710214,-0.716489693113
4,21,1,3,-0.767547555781,-1.17622999024,-1.62086487936,0.461448569239,1.35016104844,-0.248135383909,-0.664081867085,-0.31711991686,-0.381747741802
4,21,2,3,-1.70322170082,-1.12302790374,-0.667024672645,-0.836622818416,2.38154500025,-0.775786967647,-1.84457149477,-1.61057054876,-2.748577471
4,21,3,3,-0.542743641861,-0.627756969429,-0.477549809944,-0.174484883767,1.39356998988,0.254552209068,0.406677641306,0.135712366753,-0.948439949674
4,22,1,1,1.2627482812,0.408902183686,-0.0748498463075,-0.459189516756,0.25884697889,-0.295091913124,-0.192554972104,-0.450510689432,-0.578419423323
4,23,1,2,-0.299239468723,-0.0183124303399,0.0387588812504,-0.720891115893,-0.0768760847857,0.0926635137592,1.32388931841,0.180124902065,-0.50464377457
4,23,2,2,-0.705801364218,-0.0424409319839,0.210829760937,1.07363548582,-0.690015706641,-0.213315361709,1.30229262976,-0.123397331774,-1.65339714555
4,24,1,2,-0.812566696195,0.241890346833,-0.509547240885,0.174753221328,-1.15002577267,0.159180186257,0.874648639685,0.585061166085,-0.214101176675
4,24,2,2,-0.400727787511,-0.168204226619,-0.753674593256,-0.169634399949,-1.19404656674,-0.373589236087,0.623164656097,1.41059522234,1.53715211995
4,25,1,4,-1.00400526438,0.174414009388,0.0540855677773,-0.285764678867,1.44549197364,-0.461848537962,2.33833867092,-0.521460741301,-1.89456823081
4,25,2,4,-1.11979828265,0.494323003581,0.0635829471635,-0.203796909087,0.990742172841,-0.838807427189,2.45210241937,-1.71809082123,-4.3924003165
4,25,3,4,-0.983368774185,1.52446379007,0.0424096220461,-0.345721577275,0.675914221843,-1.15738204734,1.9518942863,-1.54540975774,-4.08464140996
4,25,4,4,-0.772534982374,0.994376985818,0.916864745141,-1.14765717007,1.08902790138,-0.57110147015,1.57634519363,-1.00562267814,-2.56407676239
4,26,1,3,-1.35246990152,0.742948792523,0.296763754334,-0.770089334838,0.294761296504,-0.189058251022,0.266106487365,-1.02069831591,-2.40347130612
4,26,2,3,-1.26083795684,0.130530830177,-0.162768857866,-1.07716604041,0.20307866052,-0.0355343774498,0.351656289653,-0.941535146477,-1.30634271425
4,26,3,3,-0.992057421757,1.33258786063,0.846410523942,-1.36413449858,-0.675469673533,0.219429803136,-0.234946384927,-0.312169374086,-1.16766182304
4,27,1,1,-2.21181211273,0.0662993184738,-0.819640746647,-0.763473471315,-0.846318867711,-0.69495790768,-0.402269514162,-2.83058136981,-4.83152310831
4,28,1,3,-1.8834707633,-1.31929025016,0.076715115201,-0.0379794959867,0.366861216221,-1.31424146608,-0.457773317626,-2.76238501647,-3.43892098407
4,28,2,3,-0.0532759137535,-0.943099075213,-0.266898810322,-0.185566647477,0.181705400052,-0.0273018395902,-1.41287587824,-1.52412500326,-1.54522012764
4,28,3,3,-0.528354385516,-1.48560848702,-1.00628090659,0.528803519762,0.53072069574,-0.114002667098,-0.870561383103,-1.15123151914,-0.859958301536
4,29,1,3,-0.719682824944,-1.16477220651,0.311217964317,-1.53518401515,-1.00458949968,0.741804145253,1.46604337323,-0.704768407101,-1.80335922966
4,29,2,3,-1.48805989554,-0.442560906185,0.724605984886,-1.51616556339,-1.95137037983,0.291287986229,1.23848543475,-1.81350249346,-3.23351504502
4,29,3,3,-1.53096147497,-0.418141256392,-0.33394375053,-1.00627867235,-0.177023254578,0.3366227601,1.43462437381,-1.0256637284,-2.75738591734
4,30,1,1,-0.714177194055,-0.356765414679,0.426236602452,-0.735464980435,1.08560340992,-1.02106503185,0.980932374295,-0.165446145169,-3.38596341166
4,31,1,4,-1.376951198,0.752594468169,-0.40561242127,0.112276116732,1.58634212302,-1.58220387807,1.07070348017,-2.81581327507,-6.2116912232
4,31,2,4,-1.28287651636,1.50431051332,-0.255146133064,-0.363618360838,0.751323733015,-2.17467484927,1.57571929615,-2.88804706081,-7.07647064243
4,31,3,4,-1.20692212028,1.19183127496,-0.529150826874,0.431221838315,0.00184441248582,-0.837186748278,0.885261793624,-2.15055514333,-5.35720949052
4,31,4,4,-1.26250654301,0.732327720425,-1.43042073956,1.09255657938,1.21726668622,-0.660714189225,1.30705963802,-1.9573317123,-5.0345202917
4,32,1,4,-0.8414345908,0.237808040968,-0.461612811319,-0.698645799791,-0.343035705609,-1.4987407663,0.58592762471,-1.55420195939,-2.4729219628
4,32,2,4,-1.30866006431,1.34829466825,-0.144974968831,0.41863594506,-0.737264475008,-2.09218988355,0.899811667781,-1.48385251353,-3.06586203843
4,32,3,4,-0.213440285545,0.93242058182,-0.771053693217,-0.105567396465,-0.783290476373,-2.51742554173,0.252458712795,-2.01309479945,-2.39546052036
4,32,4,4,-0.575628459837,-0.931067949937,0.524071018063,-0.0357646070888,-0.898182392665,-1.27248916516,0.346188994001,-0.983436777073,-0.417248405171
4,33,1,1,-2.80963841133,1.24579011211,0.577727040602,0.479813690681,-0.846593584299,-2.88218427295,-0.543250380505,-2.92956381471,-6.26554549662
4,34,1,4,0.704914602146,0.687783494151,-0.272744123363,0.294594440465,0.280786070713,0.32164506462,-0.367471411424,-1.09314675863,-1.61617811254
4,34,2,4,0.583839352724,0.634338546271,0.74228648207,0.763740596169,0.368865053204,1.33848602643,0.608868198441,0.723096495463,0.570137942298
4,34,3,4,-0.779936192301,-0.13631495595,-0.00192459296874,-0.0656760587249,0.447259814558,0.394211887331,-0.41427588396,-1.10862144862,-2.11304059809
4,34,4,4,-0.0595025049932,0.883628162985,-0.36989849305,0.383490511922,1.10935853263,0.941344207671,-0.774166917333,-1.13679101671,-3.02950970258
4,35,1,4,-1.67620951459,-1.81962209403,1.28831523004,-1.82387434484,1.2602252082,0.510534721323,-0.309703492634,-1.14894776898,-2.02724978527
4,35,2,4,-1.0077205664,0.458162450323,0.505574689361,-0.941349527843,0.645177049345,-0.993460366246,-0.666955075302,-1.40961827942,-2.60926427377
4,35,3,4,-1.01642967201,0.964728487263,1.35702194066,-1.24187120353,0.482575599847,0.461435943156,-1.177566579,-0.7463802205,-1.30478065035
4,35,4,4,-1.26551475128,-0.63897122548,0.19233772451,-1.05581658409,1.22315455584,-0.171979039999,0.617013508705,-0.481453880172,-1.88140265111
5,1,1,4,0.449379005724,-1.11895666614,-0.449360933949,0.773276204761,0.814885817937,3.10365152571,0.240233591396,2.8338342724,3.43948433875
5,1,2,4,-0.325623856,-0.796861866862,0.699271991781,1.04774121884,0.269929829319,0.92539832373,0.59052936122,1.34171577617,3.0415255868
5,1,3,4,-0.0999493483429,0.0551755648733,-1.12517405005,0.97136348201,1.25705272922,0.438742237363,-0.145607790773,0.490591439144,1.29945938598
5,1,4,4,-0.294943487763,-0.674167465102,-0.51994560797,1.4921267807,0.1752112808,0.736625097935,0.556259130293,0.679384715182,1.10410465629
5,2,1,2,-0.160915153883,-0.292692763429,0.657692244835,1.45540353283,1.68487751058,0.328639181082,-0.0681415371975,-0.2677025429,-0.247453984159
5,2,2,2,0.481774676532,-0.660782036179,0.62995476357,1.92749074183,0.70451584573,0.872659610421,0.0744597078409,-0.895421907796,-0.0148945615797
5,3,1,2,-2.10570333653,-1.36520216692,-0.298257057815,0.687971114506,-0.267136201066,-1.38840847456,1.7133394032,-0.836280305706,-0.331603351492
5,3,2,2,-1.48176691331,-2.00832794914,-0.17604665626,1.02499819635,-1.6921671628,-0.102111270133,2.56306271965,-0.18864545136,0.056282523177
5,4,1,4,-1.61503289848,-0.396938109583,-1.40489328819,0.109634724453,0.440544750972,0.922795262104,1.27758755365,2.3877266471,2.73276963495
5,4,2,4,-1.654576578,-1.24817236537,-1.02631648321,0.203796792885,1.22040052949,0.107831604564,1.01701860489,0.604965868278,0.320945162944
5,4,3,4,-0.750080888962,-1.39373256819,0.166157756146,-0.136063500995,1.83153088412,-0.712466494849,0.575055210051,0.515759637061,0.567062585726
5,4,4,4,-1.56613620589,-1.6257608239,-0.78701003866,-0.49022099156,0.446067918648,0.321817611064,0.243884156136,0.585851400567,1.20972488348
5,5,1,2,-1.08581149749,-1.08302046186,-0.648807070015,0.0892032198378,-0.128066818004,-1.32778711264,0.326607954866,-1.13604563185,-2.40844084204
5,5,2,2,-0.949572497163,-1.4262778291,-1.38874060729,0.281901422224,-0.735944166065,-0.499083676611,0.72003599705,-0.43623498911,-0.378742883735
5,6,1,4,-0.691294470903,-1.26103842689,-0.195778900586,0.644728184339,0.142954766821,0.487819872424,0.521072452324,1.06426464317,1.57060662857
5,6,2,4,-0.890381077113,-1.14884659002,0.779830686522,1.02223339492,0.807723862592,0.425471748658,0.905318649662,2.00190140733,3.54335504299
5,6,3,4,-2.13659595042,-1.36204916966,-0.245373091321,1.37380291259,0.297919678751,-0.820343673201,2.57737911623,0.242598066294,1.39959537945
5,6,4,4,-0.743750198836,-1.17554115522,-0.513796296642,1.40636283479,0.944017751542,-0.156378374546,1.48161207794,1.35720276638,2.13737770114
5,7,1,4,-1.32133825657,-1.56774080521,-0.880621695157,0.91059394167,0.352264198864,-2.20404656334,1.06031076685,-0.227242197867,0.525427045185
5,7,2,4,-2.53915569659,-1.19395574261,-0.618152093964,0.790483024618,-0.437943879636,-2.15148165341,1.33077522317,-1.65013314926,-1.92449360457
5,7,3,4,-0.875218589732,-0.9691534012,-0.179278357403,-0.228111600652,-0.745805877261,-1.24590047151,0.855538858265,-0.302961508748,-0.157648315587
5,7,4,4,-1.23477002938,-1.65742941001,-0.474196659388,1.41872477695,0.15327811791,-1.50535785193,1.12506107305,-1.5308423042,-2.30514590949
5,8,1,1,-0.86302959869,-1.55970839124,-2.00787125331,1.22278132346,0.913070098864,1.36950399341,-0.0190256858359,0.564697563862,1.95652097124
5,9,1,2,-1.73613545866,-1.79850220656,-0.30448752472,-0.834266675052,1.18925073713,0.673372557102,1.90966863725,0.263678691727,0.750975968315
5,9,2,2,-1.48707525251,-0.395511873175,0.187643165367,-1.19607326908,1.31959284618,-0.465041061691,1.10193127054,-0.0687960959259,-0.466849319024
5,10,1,2,1.52093779294,-1.93322766107,0.00293026695093,1.65657069131,-0.368811901805,1.04983827507,0.551386790149,-0.388689735974,-0.471224868497
5,10,2,2,0.995054609714,-0.567513248229,0.0499415999904,1.22380119524,0.136124143628,0.359063661271,1.07483194905,-0.596822996954,-2.11491218021
5,11,1,1,-0.314320176564,0.351239207645,-1.74456886702,1.16747996225,2.08181404098,-0.304017402378,1.36511168789,1.58487515601,1.87180446372
5,12,1,1,-0.791986870456,-1.01175062559,1.28811571514,2.18035122627,0.526476657082,0.687775180805,1.84662520327,-0.0871673140516,0.618462379732
5,13,1,4,-0.877745779305,-1.259112249,0.164521053773,0.0262704040512,0.102237614047,-0.718041603994,0.338112927073,-0.138906350755,1.48496109229
5,13,2,4,-1.53064959012,-1.34154394458,-0.111235292517,-0.0982791089768,-0.0633967008666,-1.00062538778,0.404000393712,-2.52930719082,-2.61623102556
5,13,3,4,-0.61695553335,-0.726786079543,0.599012430146,1.11182848372,0.199070748015,-0.849744479203,0.93763900967,-1.24032110163,-0.867668389775
5,13,4,4,-0.252281441856,-0.429595807458,0.600696971815,-1.01780640359,-0.40226060991,0.250810456045,-0.112743438371,-0.68827658782,-0.0730391391204
5,14,1,4,-1.59168062268,0.103385829264,0.192764200106,0.932317842432,-0.110961486775,-0.716283585574,3.05074686872,0.140400377077,-0.432160901142
5,14,2,4,-1.89290149114,-0.780048465211,-0.175804657576,0.695789752064,0.234762678498,-0.621045798878,2.56482401467,0.058981928829,0.16620666023
5,14,3,4,-1.83032266021,-1.47184867772,0.205029412807,0.944581484085,0.95056917919,-0.953748857919,2.28485534908,-0.752078395954,-0.385329275168
5,14,4,4,-1.63271648366,-0.189816774841,-0.236629217119,0.663823451361,0.461380954813,-0.335630695611,2.46820340266,0.238962951315,0.364283194297
5,15,1,2,-1.23830854463,-0.765385264519,-0.27169431307,0.0498700412566,0.519050704393,0.275083456793,-0.924100239296,-1.74276584538,-2.65989636664
5,15,2,2,-0.158424987884,-0.379574829316,0.220375682228,-0.400642197753,0.294407765997,0.649111446089,-0.690819090488,-1.37526586574,-2.45587536998
5,16,1,4,-0.138032440802,-0.95866453556,-0.234335517754,1.25727125027,2.10847277238,1.54302303634,0.681375016781,2.35907718332,3.27222418592
5,16,2,4,-0.819479821575,-0.621544529548,0.450327500064,1.58262499375,2.23458349809,0.256593635705,0.820476330744,-0.186239449052,-1.27816694408
5,16,3,4,-0.108755016064,-0.683337185533,0.704040353741,0.768955955044,0.989856605506,0.862242318454,0.11449522239,0.215583058957,1.08343506393
5,16,4,4,-0.624330557233,-0.633151967133,0.616297973928,0.504773404605,1.75516487201,-0.319530747731,0.314193816666,0.0989719542791,-0.0113959282173
5,17,1,3,-1.35054340978,-1.71726433444,-0.437743577863,-1.61423833561,0.628377887174,-0.583846312249,-0.556938623381,-2.04628562003,-1.79238843285
5,17,2,3,-1.9126029179,-0.477677302398,-0.0224302787787,-1.44213299474,0.793709703982,0.259827624703,-0.457820391344,-1.87788027491,-3.34641046693
5,17,3,3,-0.834609578259,-0.426345557011,-0.608167374395,-1.136492173,0.977595966172,-1.34148880817,0.28415444561,-1.20000200953,-1.37467400842
5,18,1,1,-1.16387166545,-1.13102428242,-1.95249882147,-0.613912208446,0.0607762273255,0.125597529714,1.77283065016,0.293326635031,1.62147808913
5,19,1,4,-0.970030223352,-0.80923291548,0.167039685429,0.00274765650821,-0.505722989056,1.09428325742,1.60111434015,1.9431722076,3.83757196845
5,19,2,4,-1.60830064328,0.605038953749,0.176071151661,-0.113583814974,-1.25831065994,-0.131903700069,1.41900732768,0.308318921024,0.634276853589
5,19,3,4,-0.955719055414,-1.62643334235,-0.524476980176,0.264384341098,-1.42052441545,0.447299878443,1.57377514167,1.47177555534,3.51672271527
5,19,4,4,-1.25266303117,-0.361712882947,-0.522197698047,-0.700114194091,-0.913438148398,0.607561977486,1.30279136327,1.37121726669,2.37679682181
5,20,1,2,-3.27748354831,0.0293540174084,0.631379212028,0.482365677675,0.108458905147,-0.847461531747,1.21836374465,-3.02793966833,-6.09775594028
5,20,2,2,-2.53000673955,-0.829720614352,0.282404855415,1.0523327962,0.30457819201,-0.848270182677,2.42387720378,-0.596778755153,-1.174485747
5,21,1,1,-1.64169433618,-0.213434506008,-1.05168041059,0.344450294785,1.17045028936,-1.13699917324,0.195117321134,-1.27232250085,-3.19799167414
5,22,1,2,-0.421216929897,-1.44823289042,-0.87031480555,0.867342506509,0.0349344292248,-0.15055599669,1.50420745572,1.35863673716,2.65377223589
5,22,2,2,-1.52864682775,-0.310640484826,-0.411650452156,0.284387549604,0.396155855867,0.252080204529,0.147214421822,0.812615024539,0.227335293677
5,23,1,2,-0.997579399378,-0.843776977494,-0.190474837876,0.651179917292,0.139485285128,0.125779900169,0.952869792031,-0.037818901744,0.268102100782
5,23,2,2,-0.122443006991,-1.32326118676,0.0408185325341,-0.0649035068344,-0.978371963721,1.13998232467,2.01161726019,1.95095666141,2.98188447094
5,24,1,1,-0.521384191246,-1.34890872368,-0.833230941146,0.342697204042,-0.228614981788,0.673269023203,1.84894195743,1.42398950036,2.34391855301
5,25,1,2,-0.873894494442,0.272249409261,-0.277163276845,0.764014890131,1.26009191461,-1.3652636076,0.520535054325,-1.40410390028,-2.40432431027
5,25,2,2,0.0397806997775,-1.03768125785,0.553964009966,1.45897234192,1.28730184309,-0.254380214899,0.687198184436,-2.34495770571,-2.70287404615
5,26,1,2,-1.72734651901,-1.60637293369,-0.55447248959,0.446089376398,0.0880574068337,-0.591183659317,1.38182969941,-1.53448756446,-0.898913640603
5,26,2,2,-1.86334524673,-1.57407090643,-1.75360778615,0.0811428183018,0.599810437305,0.578014245384,0.0409418935539,-0.650866237711,0.58499366174
5,27,1,4,-1.37349237337,-1.87564942769,-0.269547806427,0.331381246989,-0.0372379511992,0.351052024839,1.5535728575,0.690400733513,1.19001970986
5,27,2,4,-0.926340928445,-2.12035142909,-0.342544017765,-1.3774218846,0.221572712989,0.561018483223,0.79307602737,0.345316688868,1.45499598397
5,27,3,4,-1.82272125151,-1.31164730048,-2.24856610896,-0.295592591481,-0.0318171474278,1.1745500611,0.466159509572,1.05659733203,2.39634650118
5,27,4,4,-2.01767413496,-1.79923499264,-0.493071771198,-0.759072738706,-0.0182641382177,-0.638863222504,0.877624113474,-0.52180904493,0.453116575987
5,28,1,1,-1.99326209828,-1.6585968983,-0.13079814583,0.687167190317,0.130620725212,-2.86689964015,0.656973302885,-1.77061019665,-1.9495998486
5,29,1,2,-2.02921709225,-0.455417892717,-0.872211389429,-0.971047821602,-1.01080551158,-0.99052061116,1.23374390714,-1.8819275855,-1.6634378625
5,29,2,2,0.1731510383,-2.1135462085,0.0378739962983,-0.536503052708,-0.900599520324,0.163972389926,1.38255895914,1.03776769959,3.55836399379
5,30,1,2,-0.489883931396,0.303133810138,-0.440538849078,0.56501945883,0.0624932078396,0.0471401496536,1.65695903328,0.144099830219,-2.10545051177
5,30,2,2,-0.96252035667,-0.095320578394,0.666671817101,-0.138989702412,0.107008417865,-0.29851618144,2.45917032412,0.857622839866,-0.0892078073073
5,31,1,4,-1.00167820588,-1.07642868203,-0.421515823131,0.800006547353,0.300861953064,-0.770611075359,1.14653944471,-0.852628935596,-2.04995009171
5,31,2,4,-0.139487125354,-1.16458361108,0.0151626845888,1.2488799629,0.495817225942,-0.554137018882,1.01860338371,-1.47928294403,-3.41199498842
5,31,3,4,-0.95014971694,-1.61797384686,0.0371928402088,1.16604622689,-0.755829546588,-1.84712043101,1.35240610917,-2.68232060364,-4.31525699336
5,31,4,4,-0.562252329714,-0.631533604172,0.444978737593,1.18433307762,0.0481384322541,-1.89072465398,1.22615449948,-2.91745605185,-4.36202450959
5,32,1,2,-2.34785373541,-0.639482296157,-0.555880522284,0.311117221734,-0.343547162462,-0.815702235531,1.68991388698,0.142920876461,0.798598872815
5,32,2,2,-1.25106323396,0.537230786406,-1.20400932498,0.431892167674,-0.221741317321,-2.19405355191,1.37462008537,-0.807834703601,-0.410342261998
5,33,1,1,-0.662887454276,-0.72667082181,1.15665580222,0.942062737357,-0.907342847928,0.199124979731,1.92808749628,0.470503970477,0.334711992118
5,34,1,1,-0.0443059509715,-0.947314781804,-0.760138338223,-0.00334206840886,1.19207195234,0.460301427238,1.03160080422,1.22590486831,2.20722057107
5,35,1,3,-1.04945718852,-1.84608830073,0.0199079299499,0.705230925466,1.36935051759,-0.704637313211,-0.183042218314,-0.951995953663,-0.795843597934
5,35,2,3,-0.486517331891,-1.80922393128,0.544394589936,0.632652468631,2.20621161209,-0.263670969655,-0.0617312180882,-0.107766446882,-0.173210791804
5,35,3,3,-0.341885951699,-1.85921718904,0.393890377137,-0.17084716432,0.0263891241581,-0.981860944075,0.430109510414,-0.488117756091,0.0200048847411
6,1,1,3,-1.37508465061,0.132418756345,0.00100673114218,0.773420803189,0.337039165943,-0.586984106447,1.73781098945,0.153945666694,-0.486052281722
6,1,2,3,-1.48570613275,-0.184352294193,0.498982048277,1.01155422947,0.342806697834,-0.201984392935,1.04067167002,1.42524377748,1.35196401512
6,1,3,3,-1.68863239267,0.0494913131729,0.245338403132,0.968184607172,0.878717079231,0.163503372087,1.24422309074,0.226641569258,-1.42178305137
6,2,1,4,-0.292257800016,1.51558616746,-0.54030717104,1.44744067504,1.04828817634,-1.18301057446,-0.425690135087,-2.32422163265,-4.68580268047
6,2,2,4,0.299447095026,1.24279132849,-0.323284836679,2.82776184654,1.36441389107,0.228608331957,-0.202871480186,-1.34193258327,-2.04632514341
6,2,3,4,-0.422523004247,0.945649683612,-0.475459522489,2.38503382542,0.792799562271,-1.8076626925,-0.414463027126,-3.03424345241,-4.09931911586
6,2,4,4,0.358404075698,1.27051151687,-0.136387165889,1.07346469093,0.821684658945,-0.3977554396,-1.94916113237,-0.783419901128,-1.7055306233
6,3,1,4,-0.783101855697,0.596781755564,0.85508167955,-0.515846334772,1.53967553979,0.951213596071,-1.28574016096,-0.554611483921,-1.85388236099
6,3,2,4,-0.83670598363,0.223040761667,-0.207760332261,-0.614759284653,0.0914601804395,1.32813759172,-0.209652103588,-0.761215846,-1.79999759419
6,3,3,4,0.130089233156,0.920759574732,0.854939937466,-0.398357813088,0.0362853788752,1.43940974122,0.364166545984,1.05253673876,1.31389760806
6,3,4,4,-1.28801766861,1.0282589606,1.49263083497,0.841951113751,0.0700263858571,0.759617290709,1.62078422242,0.244905033571,-1.17251106501
6,4,1,4,0.451406503723,1.04054013453,-0.324388269892,-0.719799067921,0.104992737138,1.51945456153,-1.31397443228,0.208555694678,-2.34295894243
6,4,2,4,-0.885468182218,-0.16273006141,-0.876721624042,-0.9502086698,-0.00165466326495,1.73920362308,-0.712155324568,0.571674466287,-1.86025333854
6,4,3,4,-0.523450963384,0.562218408496,-0.769938590807,-1.46792374652,0.681333483332,1.50161785279,-0.00639315076124,0.141442753151,-2.81845477331
6,4,4,4,0.0781127333739,1.03038257012,-1.31616835976,-0.861973939056,-0.455150412467,2.55471244361,-0.114335728671,1.80980982133,-0.099572078445
6,5,1,2,-0.119901114632,0.878737420335,-0.301173130368,0.371620168218,0.133956537745,-0.630369636486,-0.0979543020693,-0.751249708737,-1.56661840249
6,5,2,2,-0.341477709869,0.67187689797,0.49096002497,0.260021394822,-0.279787802915,-0.118373691408,0.581319889817,-0.528782379716,-1.11167803911
6,6,1,2,-1.66444772989,2.18451688579,0.335245684261,-1.5757506911,1.4858602553,0.473257522576,-0.342907255947,-0.225426577553,-2.74927843598
6,6,2,2,0.0125764784665,1.78023931743,2.00694959532,-0.68267055938,0.491718425163,2.36686407983,-1.41315364286,2.62721320507,3.52062839349
6,7,1,2,-0.808827521606,-0.456468213389,-1.62900209438,-1.83145540903,-0.369157877414,2.91198861207,-0.507910531921,1.49386286864,1.67125573601
6,7,2,2,-0.701085022766,-0.207006291456,-1.68722854411,0.257598085087,0.433193209574,2.63912477233,-0.749641866027,1.64814952203,1.57804945233
6,8,1,3,-0.283288878323,0.560778459916,-0.526151511549,-0.359817825846,0.276182583797,0.554781224487,-0.0115164865652,-0.421027120155,-1.7508702117
6,8,2,3,0.0698277511643,0.110903617188,-0.161958476329,-0.545149158027,0.538192286108,1.38419157084,0.0568164468083,0.394149128973,0.314219812477
6,8,3,3,0.455743968968,-0.00614611036226,0.526340057211,-0.244919282681,-1.12411755313,1.43699937336,0.180056824413,0.599864788545,1.6436796328
6,9,1,2,-1.56146333542,-0.0180931182561,0.677741647107,-0.877852464962,0.583511090905,0.772792610031,-0.339971974132,-1.07091515097,-2.75203413877
6,9,2,2,-0.484855047875,0.949182799094,0.634718819039,-1.9632894782,1.10749256626,1.06133066244,-0.239003266442,0.214692967777,-1.28234539468
6,10,1,4,-0.31707511894,0.626306786301,0.199491410783,0.33907229573,0.380105306959,0.498239920216,0.138344758041,-0.731250695835,-3.18961560974
6,10,2,4,-0.648159841251,0.450458191199,0.256542701096,0.049121206303,-0.0282752974351,0.546910642181,-1.03910307831,-1.421652843,-3.28506300352
6,10,3,4,-1.23092291636,0.542439011405,0.764551316332,0.336571151677,0.78976863829,0.450645070533,0.271938714024,-0.714003663077,-2.97573038909
6,10,4,4,-0.13059636537,0.947996857539,0.520256308444,0.183811455754,-0.330955426336,0.773614088625,-0.58339004343,-1.02805272622,-2.8383902384
6,11,1,4,-1.53964112289,0.265393598019,-0.137394177551,-0.205820113952,1.5626400504,0.445871716607,0.0406270010394,0.986040995145,-0.949350053288
6,11,2,4,-0.314170108408,0.47874481676,-0.372699057177,-1.15785631352,-0.295790317465,0.215539277345,-0.475838569768,-0.262633419157,-1.47098508926
6,11,3,4,-0.878777683306,-0.0291773614968,0.453533257888,-0.405566887674,0.46907850622,-0.523855592867,1.08804328599,0.094927898933,-2.18989010012
6,11,4,4,-1.30212284083,-0.144726797522,-0.937253332912,-0.158002989892,0.498997938676,0.649725763753,0.860099916745,1.25487949322,0.170795252315
6,12,1,2,-1.51832534565,-0.99444400249,1.54306934013,0.21346489804,-0.302958116426,1.28199109131,0.779991227765,-0.729796274745,-0.696351417021
6,12,2,2,-0.89197168302,-1.44116358612,1.91071878772,0.520623969779,0.0837074193915,1.67843810575,-0.300611372069,-0.232029666302,1.55812564689
6,13,1,4,-0.596992635128,0.522896885605,0.919046164,-1.59491912457,1.06081766904,-0.412406781085,-0.36449973964,-1.76625034909,-3.28017968296
6,13,2,4,-1.31666721643,0.121216008635,1.88598346503,-1.56992284511,1.2784697535,-0.267420404906,-0.204950545955,-1.29895316623,-1.51268503543
6,13,3,4,-0.705008561118,-0.186934161138,1.74241231162,-1.38320477189,0.486024762082,-0.0836691954572,-0.942340304917,-2.7277529755,-3.51580514876
6,13,4,4,-0.374323920666,0.29679652866,2.05923425281,-1.3658329017,0.581122597888,0.991887690745,-0.441951069654,0.300631018232,0.679541772943
6,14,1,1,-0.334477665931,1.13921220421,0.079447415688,-0.185781376578,0.544594319517,0.794836562899,1.40184109056,0.244894624646,-0.228168794487
6,15,1,1,-0.995549022,0.751001785873,0.165678780536,-1.31305515435,1.97653684983,-0.398766442703,-1.81270657782,-2.40815398912,-4.38190024348
6,16,1,4,-1.27439159191,1.12568680723,-0.151416649026,0.352919572039,0.425848908034,0.689873774326,0.710402144943,0.197356938039,-2.27529232758
6,16,2,4,-0.162355679566,1.4016360458,0.260417972672,0.380633220385,0.123934317887,1.8687446075,1.38355191723,1.77275904447,0.764694252563
6,16,3,4,-0.67540246455,1.88008039238,-0.144515433208,0.603470684068,0.415243473367,1.33214834959,1.11900065873,1.55852466262,-0.169557283008
6,16,4,4,-0.697045914959,0.920674682072,1.43789231194,-0.0653584215169,1.23648454499,2.07025362968,0.435300668581,1.45414698044,0.0301941066237
6,17,1,2,-1.05924299521,1.25366382672,0.937560466397,-1.1724344191,1.14014270104,0.00495329902636,-0.552186252959,-0.619326538913,-2.59595165414
6,17,2,2,-0.996646036998,0.201797295905,1.01474020763,-2.11958702121,0.40960913341,0.595673421159,-1.50117541024,-1.32574009703,-2.60950562065
6,18,1,4,-1.65531311484,1.97123820137,0.104687238479,-1.13310751966,1.39909850671,-0.663535212794,0.569462793449,-0.827797457096,-5.12041006514
6,18,2,4,-1.50309078732,2.0868962196,-0.0177590861988,-0.507356546891,0.176124412503,1.28099952185,-0.795512133669,0.435601243557,-2.94853539171
6,18,3,4,-1.34553364839,2.42687554888,-1.18235279027,-1.15963397999,1.30775103516,0.849844744891,-0.295107495486,0.028663120462,-2.30757816106
6,18,4,4,-1.54762218166,2.36477108415,-0.0753355941199,-0.495062269789,1.03259753338,0.319953258868,0.797017917711,1.1340238688,-2.17279567893
6,19,1,4,-1.49643749224,1.4976923003,1.13943094841,-0.605318987949,1.12999542062,-0.816293185067,0.523549588114,-0.559901988879,-3.07344157206
6,19,2,4,-1.94934903383,1.36726044503,1.77704572076,-0.108960671342,2.59551605921,-1.26986214944,1.39374161167,-0.60586949749,-4.08597075066
6,19,3,4,-1.82962274202,2.14197760775,1.49940523879,-0.330367124666,1.63274609826,-0.57493897399,-0.126207419716,0.131262890396,-2.19855406193
6,19,4,4,-1.61182294248,1.60656703125,1.45789197507,-0.851568412383,2.01156553848,-0.604431863961,-0.29440502203,-0.960720031805,-4.21740900273
6,20,1,2,-1.06416868386,2.06256612489,1.63485438215,-0.0891919469148,0.590662787573,0.959630282868,0.908688462699,-0.349518446529,-3.80729676696
6,20,2,2,-2.54322106903,2.33847143777,0.454750162678,-0.342647199076,0.725278869262,1.37003613652,1.69320290549,-0.183972700642,-5.75869675222
6,21,1,3,-1.76436929762,0.981630952916,0.78302293841,0.737365079109,-0.509878068008,0.118307771016,-0.530477259483,0.675428345762,-0.789117010893
6,21,2,3,-1.57431876045,1.00050044422,1.23792029515,0.47622049408,-0.462309550466,-0.443468685379,-0.477338517472,-0.15414659711,-1.48700478572
6,21,3,3,-1.64089572456,0.682379744537,-0.0587334749555,0.875704689104,0.384502276529,-0.207397569759,-0.149575027282,-1.21077194612,-4.25416541197
6,22,1,4,-0.307249115566,0.462539774546,-0.716722628526,0.267431203976,0.454689024382,1.06527386832,-1.36647492078,-0.855257381256,-1.23774050576
6,22,2,4,-0.666794380208,-0.223358336431,-1.10711001307,0.56116626794,0.570405055259,0.954532238517,-1.11529793812,-0.893550929103,-0.50202135451
6,22,3,4,0.112182937037,0.87185934962,-1.38364274728,0.152377577623,1.3532160241,1.97174915441,-1.01498888283,-0.708552001784,-2.03542966128
6,22,4,4,-0.607520080688,0.850832295911,-1.18137906803,0.166128398001,1.27424206383,0.229585053615,-0.648466877113,-1.00373318493,-1.43157034727
6,23,1,4,-2.29416184137,-0.958551796998,1.1597168075,-0.523407411683,0.100138321584,1.34063897334,0.298594962112,-0.367191033445,-1.70758623143
6,23,2,4,-0.968554181043,-0.940895103045,0.828314845396,-0.437533020267,-0.15496731722,0.856953726643,0.0874307389537,0.498169585991,-0.23964425382
6,23,3,4,-1.31353525153,-1.13268266553,0.667528424365,-0.548840887089,-0.815842449754,1.6021031526,-0.148137079944,-0.934884676344,-1.89657269353
6,23,4,4,-1.32019402119,-1.11463625446,0.264406569614,0.841871130427,-0.341339045705,1.11459265842,0.467981034684,-0.0957934432826,-1.47715806267
6,24,1,2,-1.13320942253,1.19893196673,-0.221340121244,-1.54967838495,0.816612687402,-0.268804282944,-0.551019893341,-0.397080189302,-2.69392537766
6,24,2,2,-0.319822101772,0.867661857879,0.0516504582627,-0.707998551783,1.55780815281,0.337124729708,-0.638648185652,0.365160952539,-0.819414647144
6,25,1,2,-1.01498354252,1.77818240964,0.458680874159,0.115936215604,0.868043427779,-1.94995129191,0.785005160456,-1.69513827037,-3.78624029179
6,25,2,2,-1.23812977699,0.64381657319,0.875265629283,-0.208191636601,0.235665332725,-0.590241866681,0.589567725628,-2.37351724964,-4.26225451106
6,26,1,3,-2.07814723913,0.271284682201,0.332148387095,0.530550021827,0.709994980335,-0.443076874862,-0.632399594061,-1.63017216582,-2.52109663639
6,26,2,3,-2.77453640407,1.17753622595,1.13694157751,0.0152919554179,0.0902228023322,-1.88578294604,-1.10969886523,-2.76412801211,-4.85423643618
6,26,3,3,-2.21451627555,0.306568036387,-0.27901289212,0.21444267111,0.534244720518,-1.41011975125,-0.730026593305,-2.61942527265,-3.6751791626
6,27,1,1,-1.31333671542,0.181485841782,0.604542276258,-0.257253824826,-0.609788302644,1.90549075191,0.37592582277,1.13146874875,-0.379198225763
6,28,1,1,-1.1219964165,0.0481139142154,0.416361792158,-1.14289893995,1.48513554223,0.270618932486,0.133403207226,-0.814143704027,-1.45096611955
6,29,1,1,-1.11732299664,0.383535706254,-0.534843317307,0.254233509314,-0.511283836446,0.255435166497,1.03023972201,0.344747377395,-0.265084230652
6,30,1,2,-0.716503286807,1.29913007032,0.48100832884,-0.652505325519,1.06717438544,-0.725229165424,1.23355103091,-0.0903950035189,-2.29117780552
6,30,2,2,-1.68199727982,1.36517071805,0.667543119851,-1.58617465028,1.11509897017,-0.138615318911,0.0274639192367,0.768972837714,-1.1832827661
6,31,1,1,-1.56467519577,0.86729855906,-0.00697245446,-0.965628542742,1.46839869837,-1.80327682934,0.749615308794,-3.07676113312,-7.05765933882
6,32,1,4,-2.91779077656,0.762828413585,1.27850082625,-0.182680853421,0.655315119172,0.57657633259,-0.074759444963,0.218327231933,-1.4931145762
6,32,2,4,-1.68714063865,0.420453105034,1.80903364617,0.319184209416,0.984281030515,1.04807362501,0.65758535285,0.365416258614,0.259134089868
6,32,3,4,-1.69443549793,0.358702460799,1.30439285838,0.0104813177968,0.425877935936,0.0118694598343,0.955570977588,0.127480646078,0.343407347155
6,32,4,4,-1.56297242869,0.244926976081,1.61203045797,-1.44365234725,-0.200047299095,1.16933808567,-1.23509918485,0.1015052047,0.306805290747
6,33,1,4,-2.73768453539,1.53732276413,0.763459314012,-0.597028705428,0.0643659262744,1.5977557013,-0.888927588968,-0.981796305701,-4.49878840013
6,33,2,4,-2.32088552003,-0.00965228565452,0.764697227932,-1.15502968658,-0.209189216147,1.17144554397,-0.369410161341,-1.67294826619,-2.87375562091
6,33,3,4,-3.61120066113,0.646424392849,1.17764739102,-0.856003850806,0.577735561395,0.786281293877,-0.258183746209,-1.47889930421,-4.50839444871
6,33,4,4,-1.89553552137,0.206545355098,0.596595257447,-1.76817328088,-0.665242030651,1.47207734939,-1.57028901775,-2.06144127569,-2.97384757161
6,34,1,2,-1.75924064464,-0.520586331248,0.112667956537,-2.09627855803,1.36974111186,0.730458928563,-0.209083200219,-1.65280569993,-3.95309609082
6,34,2,2,-0.839665743024,-0.917632612697,1.03172182151,-0.812630437813,1.83446729312,1.31979130188,-0.450471204223,-1.3518942585,-3.21219188466
6,35,1,1,-0.463450307425,-0.0049734090354,1.94994003048,-1.8807853432,-0.219568811386,0.840641602883,-1.14318277435,-0.778444976634,-0.205959261304
7,1,1,2,-0.718150641395,0.772804175328,-0.548039370355,1.25722519562,1.07524783118,-0.039076385858,1.60356830929,-1.05072152777,-3.12239766289
7,1,2,2,-0.997118631717,0.979274202241,-1.08245367397,1.20351627821,0.00867574972568,0.156731745132,0.788296313073,-1.17183329277,-2.27833282587
7,2,1,3,1.62172516885,0.96667137222,1.50832440479,2.35557951178,-0.457078808185,2.00324432504,-0.749648176155,1.07357805723,3.03535971607
7,2,2,3,2.27016184446,0.447806500531,0.493053108552,2.00604547329,-0.404198450402,1.30908733145,-0.560598605676,0.184129021309,1.75919238252
7,2,3,3,1.40397960312,0.644556170479,0.772322011855,2.97518899044,-0.798970174505,0.676539158426,-0.149661609202,-1.21439643896,-0.414402551599
7,3,1,2,0.172134506346,0.627064583143,-0.0339293476574,-0.181255535903,-0.695376553236,1.04265169033,-0.613242969424,-0.432438863811,-1.06878899618
7,3,2,2,-0.556216665568,0.32679589966,-0.210383299134,-0.761652961512,-1.82731288427,0.379197742945,-0.578174553715,-1.81651170645,-2.66347829743
7,4,1,1,0.36839059602,1.12119329076,-1.53236567115,-0.484479544137,1.17102675168,1.91245344808,0.107496571865,1.21773096843,1.85830513796
7,5,1,1,0.150013837404,1.36980819567,-0.120055670655,0.0803309940586,-0.00477166931267,0.41606589297,0.015092041386,-0.0176082190879,-0.51169037743
7,6,1,1,-0.256587073587,-0.203609538602,1.26303974121,0.582770829801,0.113079881852,2.33377479146,-0.567945113853,1.5841177267,2.03437897766
7,7,1,2,-0.0809884209431,0.734822740045,-1.17542208125,0.961959753565,-0.594695245643,1.03506986799,-1.37616244184,0.350048982294,0.914484479773
7,7,2,2,-1.05361337818,0.637045183342,-1.34827285263,-0.106010603027,0.310572855949,0.247884285572,-0.212898353322,-0.754340232212,-2.10491899332
7,8,1,3,0.817323604851,2.08190066534,-0.0106937976389,-0.0701671998026,0.0316394759641,0.854193210812,0.257899355747,1.53727439049,2.15459447678
7,8,2,3,0.11906127435,1.24412657238,0.329785208468,0.253124934707,-0.168852548173,1.68922222797,-0.232388861289,0.776998454803,0.192732326564
7,8,3,3,1.13411413066,1.41630503613,-0.839361635538,-0.311891035776,-0.970998277484,1.01168667785,-0.144771679476,-0.266494998686,0.0891959076995
7,9,1,2,0.558007604837,1.86714442138,0.0149817367461,-0.396055565075,0.00507757397047,1.45738491601,-0.113154562653,0.923208994754,0.563701321438
7,9,2,2,1.33756618859,1.77857837695,0.115671668968,-0.21700995347,0.195392431576,-0.135499013911,0.487286818631,1.67347355667,2.52320048971
7,10,1,1,2.07018792833,1.2157292037,-0.904296236582,1.74562434503,-0.418093567194,-0.29476452601,-0.134346491177,-1.0050631422,-1.86031927002
7,11,1,3,-1.17860915598,1.47545130145,-1.48942173038,0.941292462359,-0.11378567056,0.799053581286,0.520922171898,1.24639243331,0.294490813804
7,11,2,3,-0.232616674096,1.01023211228,-1.17139361145,1.50110738484,-0.941891335518,1.46699702895,0.667050044857,2.32318427467,2.73275610351
7,11,3,3,-0.8107361337,0.369031363933,-1.34715314448,0.712190447454,0.374089600425,1.93225614314,0.166393596439,1.85076631803,1.27833786932
7,12,1,4,-0.812765808964,0.134102549027,-0.375033022091,1.48729082106,-0.695851217549,0.163461487596,0.710698363977,-0.520156085823,-1.8776932405
7,12,2,4,-0.0295386488001,-0.723529442954,0.781858593208,1.2985171342,-0.255075793506,1.59172065525,0.427837810683,0.171476679306,-0.532746941948
7,12,3,4,0.878477398152,-0.258817398577,-0.0168447970662,1.88528591134,-0.637946825789,0.785955141272,0.918934233598,1.07044455778,1.12629136008
7,12,4,4,-0.887819542216,-0.285150108979,-0.0135647599065,2.18099074083,-1.00343840647,-0.536097917088,0.741638724757,-1.49145082346,-2.60275484725
7,13,1,3,-0.648067023874,1.46050862979,-0.116832656648,0.0119678241298,0.113665878735,-1.29331469565,-0.250489948567,-2.38426257616,-4.47770471564
7,13,2,3,-0.447388479342,-0.192431509828,0.0134661543126,-0.211394116522,0.934140787546,-1.05563014503,-0.707527799934,-0.949786424461,-1.58853611148
7,13,3,3,-0.506027312121,1.37455323196,0.455828388166,-1.26891488734,0.153580173316,-1.3152728205,-0.829058023103,-2.08461985469,-3.69233297691
7,14,1,2,-1.58739428158,1.2821011107,0.760676635035,1.31862996739,0.725334456188,-0.764638580151,2.06653482335,-0.669785474107,-2.37455839522
7,14,2,2,-0.6999093171,0.5411014287,0.271683952703,-0.139674903684,0.766032338797,-1.29542607821,1.34523314849,-0.54874786553,-0.838321127993
7,15,1,3,-0.849925754361,1.23561738244,-0.100786570184,-1.38613095666,0.742324290051,0.752397845377,-0.210726048614,0.0666281171156,-0.888144764008
7,15,2,3,-0.77512747438,1.58629240131,0.308930169063,-0.490824344722,0.50644483969,0.0168935634916,-1.25602679497,-0.702551943464,-1.68532466937
7,15,3,3,-0.159524858202,0.849220143112,-1.30895945278,-1.29561709232,-0.246349338703,0.677514982678,-1.68738106485,-1.56024849691,-1.67605896543
7,16,1,1,-1.09016565485,1.39371166764,-0.541882101003,1.51427056381,-0.563581934534,-0.00894842831151,-0.292367232349,-0.230002505643,-0.899222795829
7,17,1,4,-1.10477272523,0.751721522002,0.995593449835,-1.21827030636,1.31768495766,-0.834965658564,-0.280824752872,-0.753777479632,-1.63572174341
7,17,2,4,-0.682983661828,-0.640862038932,0.726478384796,-0.351955083953,1.04207427264,-0.151492358922,-1.39695828607,-1.743227374,-2.43557654982
7,17,3,4,-0.324628274132,-0.152585622514,-0.0394161821687,0.200506595359,1.6992985915,-1.32186521667,0.232776544344,-0.428028159748,-1.63139491175
7,17,4,4,-0.935707081572,0.520528908996,-0.560804037492,-0.179143020327,0.966515440478,-1.38147095915,-1.18733272682,-2.18946969864,-4.83824814575
7,18,1,4,-0.775664719327,3.10924930155,-2.45740014395,-0.345980254449,0.477001707617,-0.376773954754,0.364082441202,-1.48537275706,-3.24418460403
7,18,2,4,-0.319424742024,2.88997114721,-1.03640416623,-0.165710045962,0.418591623169,-0.730651543074,0.227334857297,-1.31396090663,-3.29323031275
7,18,3,4,-1.17517939871,1.67582256087,-1.3228345402,-0.405135269856,0.155905269187,-0.381881330953,0.458512981274,0.0584561790694,-1.43039805606
7,18,4,4,-1.25046849047,3.22870673496,-2.03658839837,0.451498738999,-0.481902269051,0.082984040858,-0.143378665164,-1.30451973033,-3.09335307004
7,19,1,3,-2.78848964679,2.05721899598,-0.196279281691,0.581461859377,0.85001827891,-1.00799489088,0.969233205174,-1.09496139187,-4.62646449461
7,19,2,3,-1.78251037486,1.79067662201,-0.938192532044,1.62424313888,0.578913910253,-0.268544645295,1.49437886759,-0.731673841723,-3.31944184135
7,19,3,3,-2.01809394589,1.37809878486,-1.04740058794,1.72844014084,-0.155326256073,-0.592885314821,0.670619501712,-1.31135076626,-3.28404642804
7,20,1,2,-0.946910822254,1.67579642008,-0.200803809104,1.70279987539,0.0248381992846,-0.476454224594,1.09069305161,-1.85565130419,-4.80385739363
7,20,2,2,-0.742800974428,2.37410701296,0.839161789514,1.24779932848,-0.414519493293,-1.21875598466,0.0246970599279,-0.818881323559,-3.021856075
7,21,1,2,-1.73757001636,0.842108468746,-1.04537069136,-0.163724851273,0.671863175287,-0.0583715755925,-1.00088737966,0.132317840013,-0.88992725572
7,21,2,2,-1.56171306892,0.110249138343,-0.990013024429,0.383941161515,1.3241615624,-1.37083557163,-0.750478655161,-0.103820545805,-0.568374431831
7,22,1,2,0.500508890365,1.69151838909,-1.75205894339,0.679585542354,-1.61943299907,1.24998456915,-2.43403519841,-1.28061076352,-1.02509175848
7,22,2,2,0.647288956956,1.58207470865,-2.4130749857,1.61056893194,-1.07170901496,2.39910960906,-1.41062320204,-0.844916993892,0.608966447063
7,23,1,3,0.459193273332,-0.232994483118,1.07381579673,1.4236093172,-1.09260696306,1.8573134328,-1.27649187372,-0.474335224437,-0.264338679252
7,23,2,3,0.239238266529,-0.827362958213,-0.104452714897,1.16725610813,-1.42284543604,2.33660122162,-0.90691054006,1.2288681686,2.10429934342
7,23,3,3,0.707853248986,0.180184261956,1.55810550677,0.580631874217,-0.693167237786,0.915813960462,-1.27632457385,0.270574854772,2.12670946614
7,24,1,4,-0.231903485004,2.27265563304,-1.12712793373,0.140353205148,-0.504850693554,-1.76397615756,0.342748029785,-0.848591215253,-2.42056805059
7,24,2,4,-1.06813007828,2.85213838343,-0.77970847401,0.317492449664,-0.467680159956,-1.53249092162,-0.357281682844,-1.28825160461,-3.49536871923
7,24,3,4,0.454797370579,1.68282974346,-1.49848340667,-1.37055758214,-1.40283116309,0.968044238205,-1.62494203833,-0.027279410245,0.653330429026
7,24,4,4,1.19667477283,1.90845058554,-0.524895112804,0.324471918663,-2.11074068488,-0.0891263227102,-0.893365231708,-0.0315873471866,0.285095643946
7,25,1,2,-0.96849168207,1.63192814002,2.11166688684,0.628660749005,1.24350212434,-0.736098119016,1.55475643713,0.479887459041,0.355039435385
7,25,2,2,-1.68996315359,2.52988488983,1.71649351963,0.487374749082,1.31739587336,-1.70479671286,2.13449018198,1.04672628206,-0.382105360238
7,26,1,1,-0.407267024803,0.836903827358,0.89012937961,1.00613292691,-1.64577647027,0.512029344987,-0.284217007999,-0.163362354431,-0.320954177517
7,27,1,4,-2.51580264817,1.29877430269,-0.643248823068,0.205733320216,-1.57016006591,-0.843038029842,1.06165029853,-1.99622741757,-5.82546486561
7,27,2,4,-0.61988313614,0.50796980135,-0.0620129194202,1.07203432091,-1.68478155893,-0.92698847833,0.151100223931,-1.66081491507,-3.07590184683
7,27,3,4,-1.5256037383,0.971115719448,0.172489862476,1.36022421126,-2.06693922357,-1.8648603335,-0.270240034078,-3.50022056569,-6.28795836952
7,27,4,4,-1.61323740628,1.00293648275,0.0114057719814,0.469823755977,-1.42481143542,-1.11810127881,-0.0692439220794,-1.70014981852,-3.86284401446
7,28,1,3,-1.07423489427,0.1232994649,-0.563491975022,1.14060737775,-0.230377409636,-0.530234157562,-0.966873756962,-3.32241687374,-5.60236882093
7,28,2,3,-1.51160050193,0.29574911458,-0.831764223524,0.485492698309,0.667128246179,-1.60747733521,-1.37806677737,-2.95821132806,-5.50856187583
7,28,3,3,-1.2007660396,0.449044517201,-1.15303860445,2.48082040083,1.03995895885,0.094581249431,-0.72958836272,-3.39256232878,-6.3221429264
7,29,1,3,-0.327092612762,0.402757937638,-0.950006646394,-0.272254018908,-0.685730185067,-1.78369040004,0.347449411696,-1.28172082062,-2.22631249884
7,29,2,3,0.174286449382,0.114283737297,-0.76123031165,0.0631155204825,-0.466233335762,-0.688864127759,-0.225827718562,-0.996632709578,-1.38192661437
7,29,3,3,-0.418995789431,-0.674164008816,-1.61086996909,0.576766545078,-0.673939539838,-0.00683114805466,0.593729921774,-0.322148509264,0.277967824485
7,30,1,4,0.444072427457,1.53764877935,0.920025990883,1.11825731059,0.983546295767,-0.493224614254,0.661485841006,0.305256530115,-1.76989186705
7,30,2,4,-0.943989639139,1.87749800985,1.13365069869,0.892833410378,-0.316944942099,-0.581113011672,0.853070494343,-0.166347081418,-2.33655001866
7,30,3,4,-0.871692863873,0.767298385726,1.86177869727,1.06708049974,0.264023751285,0.950094730415,0.146196315619,0.0128756282788,-1.76133234004
7,30,4,4,0.83270689895,1.34877120324,0.799373233277,1.02621941909,0.623731507449,0.910783125936,0.292579054657,1.41812355394,0.590878538575
7,31,1,2,-1.22859861444,0.764007291072,-0.948780977457,0.981320680961,-0.360798427909,-0.361820178475,0.0285802160094,-2.25357314216,-4.56932092827
7,31,2,2,-1.03400256469,0.177717820657,-1.50574583983,2.00008520959,-0.643228213191,-1.34710149632,0.953464737098,-2.8497232214,-3.27654510025
7,32,1,3,-0.159884124031,2.98403345447,0.255487046763,0.674413614904,0.239138075445,-2.21265416012,-1.74385907148,-2.0529088432,-3.73802640159
7,32,2,3,0.824306160093,1.80263028893,-0.271238752339,1.39436542133,-0.268794591886,-1.6114582647,-1.24107420644,-2.01601232945,-2.41571956231
7,32,3,3,0.700475124949,2.3038464236,-0.502506799312,1.69812701374,0.0562535986878,-2.19613735555,-0.155118219438,-2.12005085579,-1.96822457335
7,33,1,4,-0.680040316916,0.454042723493,0.0672601422958,1.9243761029,-0.552359073904,0.395324083801,0.992294061798,-0.50983130406,-1.36429522865
7,33,2,4,-1.27773366908,0.576487986445,-0.23373023277,1.11133160323,0.30358895887,-0.976291455698,0.219874023621,-1.93815891607,-4.28666151947
7,33,3,4,-1.77548451594,-0.860828129956,-0.74433327897,1.445670347,-0.533109560294,-0.256704539013,0.501911914128,-1.34994319694,-2.14960318756
7,33,4,4,-1.42402175621,0.407098922056,-0.503533868891,0.55502826659,0.516523515867,-0.982413964086,1.01592237218,-1.01311438386,-2.75425856156
7,34,1,3,0.363726987079,0.641001686257,-0.480406918992,-0.063131147318,0.607611452556,0.44319952169,-0.438941419351,-0.250548542334,-1.4670311377
7,34,2,3,-0.189526138538,1.54828040658,0.142325255896,0.244173321437,0.60623699766,-0.721870664623,-1.23546163587,-1.74010222759,-3.29788133524
7,34,3,3,0.671988360624,1.53824648949,0.0579038466891,-0.223619264283,1.5756396832,-0.260421465488,-1.23163978175,-1.26139211693,-2.68554318703
7,35,1,1,0.165085903978,-0.591115278006,0.730046049845,1.91046875509,-0.0232916872501,-0.977052543964,0.441069746204,-0.672361090284,-1.03692036502
8,1,1,3,-0.482357754159,-0.305921061799,-1.19464262457,-0.692864666931,0.45683719363,2.8261430737,0.0309251177624,3.76621153098,4.87190222619
8,1,2,3,0.00584516416857,-0.710951632023,-0.271945986196,0.134985415311,1.01696011997,1.54930834899,-0.0111135244983,2.25739324975,2.20210540781
8,1,3,3,0.627754694664,-0.462501839868,0.221287242537,-0.515048651433,0.477330740362,3.04925714359,-0.410250182724,3.32181053948,4.4839196279
8,2,1,4,0.511415243055,-0.561902020588,1.84727254731,0.347015780904,0.588465753962,3.29479449777,-1.00464796345,1.61418148489,2.81753582618
8,2,2,4,0.72181265884,-0.738143957504,2.03220309988,0.445744549665,1.118249958,3.24756047332,-0.491805310929,1.63237787876,2.49296575961
8,2,3,4,0.634828652874,-0.752235995274,1.72113643817,0.154184264212,1.2782482267,2.29840743542,-1.60819152399,0.65434294596,0.907258564555
8,2,4,4,-0.113197056799,-0.111307944563,1.64710586942,0.370920670187,0.733224251733,2.71272172492,-0.358350927321,1.53462123777,2.58309535713
8,3,1,2,-0.400235365782,-0.391709655829,0.976343620842,-0.458287864077,1.2871168774,0.607012774977,1.14259028672,1.02300437882,0.471360273811
8,3,2,2,-0.449346360741,0.216897022612,0.851455432431,-1.01496684796,1.59969367011,0.740916757945,0.958116295527,1.2491094326,0.0716499001542
8,4,1,3,0.351081365241,0.480898281867,-0.0624028770042,-1.60888720977,0.465917221728,0.836695710377,0.771572238533,0.68791689845,-0.485467549648
8,4,2,3,0.549457144684,0.594542140293,-0.317044415921,-1.70381256397,0.576020873781,0.303852403417,0.507333553178,1.29671767679,0.198315608051
8,4,3,3,1.12714867896,0.429104117079,-0.0622977695812,-1.65544519925,0.810373597847,1.10164411706,-0.264097848239,0.710027168083,1.23155729803
8,5,1,1,-0.884163315238,-0.594505663971,-1.06247811385,-1.36427271141,0.846681273856,0.787596462988,-0.962293754401,-1.08114483458,-1.71783302436
8,6,1,3,-0.080897160478,-0.45096531978,0.594931596552,-1.06485466608,1.11680112467,2.06272358812,0.223575067297,0.960885245753,0.352319146925
8,6,2,3,0.396037493396,-0.473640859128,0.278574376874,-0.116298986961,1.49816262564,0.80122154612,0.315071043515,1.51830430971,1.81838953666
8,6,3,3,0.309935316622,-0.219504506088,0.634594611449,-0.768642159419,2.53416715575,0.852965570895,0.514753420811,1.54204671947,1.27584359662
8,7,1,2,-1.6902424184,-1.19065408315,-1.13250533765,-1.11386731942,0.725660432945,0.804015758221,-1.26237853391,-0.0184192251326,-0.309117535911
8,7,2,2,-0.0951350294193,-0.45508899002,-2.25586999348,-1.15403626942,0.944573521117,0.979524497468,-0.95566390602,0.213814959566,1.38822217735
8,8,1,2,-0.00227824650309,0.807159261286,-0.372141268654,-1.88812413477,1.81292946525,0.642745769104,-0.263516133841,0.248569471344,0.109810631851
8,8,2,2,1.20047290018,0.0970219606119,-0.669462094599,-1.92099547582,0.406108776728,0.562492796683,-1.14356227291,0.74903206287,2.84173390862
8,9,1,1,0.0306359563047,0.216336609288,-0.457664984429,-1.91936171745,0.119613883679,-0.123620522323,-1.13388894543,-1.26944651878,-1.41117740359
8,10,1,3,0.0159484019372,-1.50372208088,-0.666859321131,-0.128750192554,0.847839587166,2.10652595258,-0.685910416641,2.06196076651,2.88374008394
8,10,2,3,0.834720462268,-1.48209701476,-1.27865873139,0.0503139687297,0.531276892369,2.97612478831,-0.885351485014,2.44740280954,4.05695834804
8,10,3,3,0.391202578212,-1.14250306097,-0.598568566424,-0.404935824825,0.489860547144,2.34193878423,-0.801877198742,0.838512514168,1.75499233676
8,11,1,4,-1.24420940417,-0.850847673605,-0.588349108236,-0.628720712199,-0.865791832188,-0.104765424212,1.78878455749,1.13409611726,0.908334714218
8,11,2,4,-0.992241435955,-1.33195562444,-0.83607314093,-1.04392864143,-0.543825692743,-0.436537286478,1.74287372443,2.3230155637,3.51402945345
8,11,3,4,-0.59978513103,-1.04055625551,-0.81982830236,-1.19941657,-0.568458626762,0.137547274096,1.43879971091,3.44762480051,4.81993436787
8,11,4,4,-1.03157655851,-0.987695771675,-0.278821648508,-1.01937509548,1.16066151179,-0.427265197493,0.487364758513,0.68747956575,0.509043292754
8,12,1,3,-0.546831928982,0.29747208953,0.212912801689,0.677670144147,1.39701592588,1.64074757808,2.4231545239,3.09274447165,2.54431820738
8,12,2,3,-0.205490982217,0.655310324481,1.39947353667,0.9283427141,2.05880971938,1.4898935919,1.7310253993,2.23687684457,1.38304923404
8,12,3,3,-0.863713938369,-0.322801039369,0.840834528868,-0.0827738690788,0.383037501511,1.38402979436,0.663906042721,2.76181133234,3.37601450548
8,13,1,2,0.0263482949487,-0.803755502278,0.711801552219,-1.42951599924,0.401102991214,0.441682203739,0.239733635646,0.209205067567,1.76865027289
8,13,2,2,-0.381765575465,-0.394435234339,0.263688292327,-0.793735737302,0.00459850125675,0.0846706735554,-0.586600672166,0.401497155947,1.79772453767
8,14,1,1,0.216651401467,-1.01495149253,0.825721154179,-0.746810823791,0.575787551302,0.0718789570729,-0.125684336499,-0.553803741899,-0.533050763798
8,15,1,1,-0.675025532267,0.21405060824,2.34795935446,0.863197501364,1.43924524429,2.38445882256,-3.06299152817,-0.781285308713,-1.07034285648
8,16,1,3,0.387583650435,1.25895781158,0.945806345506,0.661791606599,1.84622935135,0.700230129518,0.674965455811,1.56771406638,0.847688434359
8,16,2,3,0.755816975398,1.06234771349,1.07043091789,0.698343632736,1.59585027618,1.63118616847,1.17358350903,2.43690758122,2.80148310784
8,16,3,3,0.134799373153,0.550673408808,0.468164887029,0.234527612266,2.36231391818,1.28645929966,0.986630493231,1.66120551043,0.334626468937
8,17,1,4,-1.09689251298,-0.29536412129,-0.121903953568,-0.532528272329,0.0350488100083,1.06417382663,-1.45707708429,-1.85604360588,-2.22627156826
8,17,2,4,-1.36440224777,-1.11106066625,0.497179489616,-0.122069263495,0.708752644173,0.879737711735,-0.0214197567341,0.222325423986,0.859993832999
8,17,3,4,-1.52898508693,-0.652916717142,0.425003391502,-0.265197165862,0.287974054248,1.11147646168,-0.802546424348,-0.172918449121,-0.395059220356
8,17,4,4,-1.31402656699,-0.467410211369,0.424121257569,-1.13729199883,0.86021174992,1.36507845104,0.248028274711,-0.289416905298,-0.721333364039
8,18,1,3,1.31315647626,0.690757329663,-0.921257626421,0.173471420628,0.664696374251,1.15309943176,0.268694372278,1.22817715716,2.76281077475
8,18,2,3,0.736348317218,1.23774468931,-1.38734077241,-0.978905100697,-0.450385205232,1.01074141396,-0.095909227301,0.624880699538,1.89929627508
8,18,3,3,1.47000848044,-0.304827512261,-1.09180068357,0.286409992897,0.647917324531,2.44977840142,-0.0209421803856,2.8727877411,4.94995281544
8,19,1,3,-1.06350935928,0.559480266008,-0.0239504512745,-0.432456504895,0.606373249187,1.01943277909,0.97665781461,1.66145962191,1.68193552519
8,19,2,3,-1.73699521356,1.3966577337,-0.00777569330522,-0.976505480371,0.41793427057,-0.542537425189,-0.0620568686742,-0.492730604079,-1.87602949576
8,19,3,3,-0.749486091686,-0.481166638332,1.08430958975,0.0581573792239,-0.506551208759,0.305408780909,-0.527648758088,-1.07150237571,-0.84037459341
8,20,1,3,-1.44369968076,0.455315361524,1.33443725429,-0.388837290141,0.997297838752,3.02681701066,-0.292997434135,1.99399656089,-0.0637705415016
8,20,2,3,-2.02217879141,0.684723013587,0.456126104579,-0.76850560645,0.739919950128,1.45573907127,0.606299053519,1.19906896193,-1.31503745106
8,20,3,3,-2.19737293841,0.206209276,0.35187222155,-1.35058345966,1.33715802218,2.17105576185,-0.555469354959,1.28018218237,-0.733751727884
8,21,1,4,-1.22522209283,-0.741576906803,0.0751501086095,1.20378293884,0.129947040009,-1.19021282522,-0.309893167694,-1.55038576895,-1.38554456567
8,21,2,4,-2.29332448312,-1.15049026681,-0.274925205374,1.22486938802,0.296047981986,-0.862146671495,0.894034924024,-1.02824251653,-0.982600944027
8,21,3,4,-1.23973958729,-0.938340620123,-0.739477313515,1.10087312978,1.15840111614,-1.04571506787,-0.316025893804,-0.139763481156,0.367730696717
8,21,4,4,-1.88288001794,-0.954039703367,-1.31145614701,1.20292243427,1.11095378445,-0.0123355601795,0.0262762013158,0.663048813717,0.854841287403
8,22,1,4,0.000773005672056,-0.377666277815,0.123464182711,0.929515854291,-0.551333366771,1.07882941992,-1.47283874113,0.48034836017,1.9238786922
8,22,2,4,-0.206666913901,0.038047506204,-1.24045002697,1.79343767176,-0.592331049299,0.516133948915,-0.529145794313,-0.434070763947,0.822944817627
8,22,3,4,0.358713276337,-1.18472151193,-0.223204679784,0.832528458744,-1.76263702508,1.50201907918,-0.68916402239,0.967952876399,1.69414718877
8,22,4,4,-0.00334209038921,-0.649544808228,-1.06092779134,1.87413558514,-0.142167901652,0.603928869429,-0.974980174,-0.383041885683,0.978711872756
8,23,1,2,-0.0533310779595,-0.488115897507,2.46193617435,-0.232530224327,-0.239170307583,2.95426973361,-0.486623531364,0.488906677505,1.15406699237
8,23,2,2,-1.0584357732,-0.458510568941,1.88314253112,-0.609822574527,0.0719232010832,2.89991672271,0.380546095128,1.23812591492,1.50555306452
8,24,1,3,0.406265781335,1.80747798391,0.567254880727,-0.2099229583,1.08934650459,-0.431480250132,-0.129080551291,0.833459243769,1.38094977828
8,24,2,3,-0.0714170625873,1.51225330634,-0.0412962770775,-0.539993151473,0.923781818503,-0.489689450686,0.909289136912,-0.335146788905,-2.04071505619
8,24,3,3,0.418317798292,0.757185765512,0.338650660393,-0.576755954709,0.98331254822,-0.249237999354,0.709637084239,0.493562180636,0.554410974132
8,25,1,1,-0.291076149207,0.515535849067,0.654017970335,0.863335137093,2.02164104718,0.650225042727,1.91444654241,1.30682317632,0.744243606423
8,26,1,2,-0.27833334633,-1.44214115715,0.05493848144,0.0577167389794,1.05383705868,1.47283260759,0.226997167993,1.3094191864,2.03606029324
8,26,2,2,-0.848998824162,-1.26520032535,-0.948641586092,-0.466832957103,0.122636065631,-0.164988726185,-1.20894060809,-0.321949915668,0.150222645905
8,27,1,4,-0.607236970423,0.512066904483,1.63744558313,-1.0590332612,1.07585916091,1.31508394229,-0.919371189175,1.39450187595,3.73726539133
8,27,2,4,-1.11990148382,-0.596652728,1.07612955329,-0.357985239149,0.105641534486,1.53947274896,-1.33531174902,0.359780939302,1.69399667712
8,27,3,4,-0.774272176569,-0.0135289282621,1.65471242901,-0.461176295074,1.48869910636,0.580960954738,-2.23765981865,0.316380031129,1.41948754407
8,27,4,4,-0.299318676985,0.510667757805,0.340626611057,-0.635861637159,1.49724104458,0.650749752119,-0.825338423068,1.84193020517,3.83545730249
8,28,1,3,-0.738068331115,-0.191098109751,0.405496997232,-0.155778393521,0.773943993517,0.617719452062,-0.820196614431,-1.35688368502,-2.92320432382
8,28,2,3,-1.11789829814,-0.530422397088,1.42912728157,0.0936340975743,1.0793188675,0.0738337719429,-1.12137025631,-1.92945112018,-2.80836620938
8,28,3,3,-1.84613227604,-0.802703268482,0.290907667535,-1.14549039381,0.73228484051,0.476353214766,-0.590691580446,-1.64718573574,-2.55091614587
8,29,1,4,-0.0999041551002,0.280114465232,1.05538580357,0.227922667548,-0.354432944222,0.563329138674,2.34268612717,0.80091127246,1.28840515409
8,29,2,4,0.401904474454,-0.532130907945,1.19004025279,-0.0489524722249,-0.86164334961,0.710587045011,1.56762324056,-0.1583660998,0.189480213308
8,29,3,4,-0.00313135863386,-1.59464283962,0.544431188027,-0.02437465454,-1.17346950271,1.17450722479,3.3236387775,0.0607997741577,-0.837245448626
8,29,4,4,-0.241691523523,-0.975772379298,1.16369730787,0.200164419849,-0.227726501552,0.827521638912,1.74972253037,1.06438227953,3.15622005659
8,30,1,2,-1.5876772808,-1.02310520953,1.61134359712,-0.158300605172,1.28186205815,2.3193646669,-0.195029814027,0.621669308197,-0.481761699916
8,30,2,2,-1.26251259311,-1.62448073149,1.2802160456,0.432074770664,1.60086889797,2.36041975127,0.14231476252,0.727875716164,-0.12864482321
8,31,1,1,-0.939081579101,-0.308580806502,-0.5958465986,0.228364494357,1.70480149685,1.4766422877,0.725069848792,0.300655150653,-1.54952888778
8,32,1,2,-1.32694679736,-1.14587786666,0.865962156664,-0.380376295559,0.265988307454,-1.28024102563,-1.07753204976,-0.57791630062,0.866516682067
8,32,2,2,-1.19666182018,-0.405422807657,0.996047187833,-0.072980501808,0.192700525688,-0.426084530979,-0.922752247545,-1.18272148966,-0.509246896852
8,33,1,1,-1.29189091811,1.01359855111,0.515975705842,0.870933700553,-0.0941974629665,0.486110180477,0.558376054015,-0.550331570249,-2.21339547985
8,34,1,1,0.0402662952885,-1.02523406141,0.728551781464,-1.34362869171,1.02481126368,0.0698249698838,-1.09520786852,-0.404149579381,0.178347591869
8,35,1,4,-0.771905396908,-1.3790640189,1.80041391244,-0.912139916934,1.31223402267,1.84354764314,-2.42247911373,-0.764243304406,-0.61130959263
8,35,2,4,0.138462705629,-1.55386150037,2.75956316528,-0.50713029518,1.39082199982,3.51353273116,-2.68059560712,-0.0239860185272,1.39333925582
8,35,3,4,0.398123840332,-1.35636094275,2.24966974167,0.295489723248,0.970016732933,2.34405583521,-2.5418912272,0.186845877342,0.474576753582
8,35,4,4,-0.0240537917086,-2.29722181067,2.39007908917,-0.540748014137,0.786448797403,2.81149939248,-3.05345767489,-1.2837934735,-0.328213837204
9,1,1,4,-1.03481511889,1.935772855,0.159705999828,-0.14904013224,1.50183386657,-1.43121441001,0.751651445091,-0.459641383774,-2.07542884338
9,1,2,4,0.0860479202212,0.979047580412,0.0312501144159,0.00180438123738,0.634677559841,-0.133980229279,0.523507971762,-1.20982153027,-3.51333367791
9,1,3,4,-0.652886666371,0.403718614258,-0.0613130645765,-0.433155699234,0.54915054376,0.445011083889,0.142515049783,0.590305715747,0.699047735753
9,1,4,4,-0.382368844009,0.388259533032,0.869303132785,0.244899864589,-0.0554387496941,-0.00548737659301,0.0335028917617,-1.0145426179,-1.94032028293
9,2,1,4,0.396505057997,1.09126760918,-0.417474236998,-0.261189886526,-0.465616518033,0.412669799947,-0.275097079325,0.158960795819,0.221079213483
9,2,2,4,0.672718583515,-0.160044607964,-0.703578788285,-0.0720612136125,-0.137240146038,-0.193506769215,0.199307990276,1.02348548955,2.25017640682
9,2,3,4,0.219193527685,1.00736791845,0.398821292232,-0.699836501177,-0.0377400055522,-0.0726561104407,-0.0476465874265,-0.419658494069,-1.29415526173
9,2,4,4,0.565224321986,0.194255701249,-0.210396978961,-0.583265633156,-0.310533337109,0.272374977651,0.0774087289439,1.64433245604,2.62359131809
9,3,1,3,-0.844895820659,-0.142170215159,-0.0298577496083,-0.556748898511,0.838597284981,1.43619706081,0.391716417197,1.09409831247,0.0364867076301
9,3,2,3,-1.63338031502,-0.363604588008,0.438803717932,-0.47039765142,1.02711151407,0.275956141211,-0.36768051936,-0.2974369889,-0.945400140268
9,3,3,3,-0.930153347832,-1.03103060823,-0.186074654509,-0.268220261517,0.712884121742,1.35259028252,0.348569713866,-0.821311085763,-1.95664088769
9,4,1,1,0.397106907323,1.10202389849,-0.547893905981,-0.830325050339,1.18807308468,0.162927976528,0.492929016111,0.980393884538,-0.0462516944822
9,5,1,1,-0.688648779811,0.182594925946,0.783047475593,-0.207376663656,-0.83391686366,-1.16236035171,-1.31650472603,-1.62972552425,-2.477490793
9,6,1,4,-0.135893705654,0.666737951245,1.23689947929,-1.572952718,0.892944715798,-0.19173386546,-0.734716738453,-0.0533459625684,0.213664875023
9,6,2,4,0.853829867287,1.10676668622,1.05921351889,0.266478092643,0.776070505527,-1.26192018572,-0.924179574774,-1.14136411426,-0.89384303215
9,6,3,4,0.427596200224,1.80297996804,1.17452814655,-0.780731989485,0.658662414024,-1.48558860364,-0.539729875988,-0.596079551003,-0.512347942032
9,6,4,4,0.844081734364,1.32887053044,1.42547094825,-0.182226964575,1.06533129578,0.341296121162,-0.388185357636,0.743188437843,1.24984334797
9,7,1,1,-1.73354454354,0.61495819426,0.0208678761102,-0.739402591273,0.903325954312,0.0355849080672,0.00795034604331,-0.976043620227,-2.30723413751
9,8,1,4,0.598988217013,0.593555810107,-2.16076849739,-0.550322319641,-0.782961754368,1.72192387438,-1.03153949016,-0.507432199488,0.249387834267
9,8,2,4,0.191390626529,-0.711709176448,-1.5547512574,-0.824966006874,-1.28848920677,0.494695380929,-0.548637116647,-0.826974826576,-0.856771409087
9,8,3,4,1.24934955655,-0.47815972516,-1.79769780246,-0.131772307812,-0.839457046353,3.31697197166,-1.16509572997,2.27389850235,3.66553760911
9,8,4,4,1.33483593543,0.398294002604,-1.11584610718,-1.24213710035,-0.554750857698,1.66391347457,-0.361126383583,0.232349375484,0.791332058027
9,9,1,2,0.636064191091,1.43348391533,0.15134038565,-1.26094089774,1.45085623976,1.76262412567,1.20595598757,1.38932695116,0.373507226129
9,9,2,2,0.715234335253,1.6746978072,0.837839295416,-2.12481481224,1.08958551058,1.29686289255,1.09045842172,0.488432095524,-0.886211362703
9,10,1,2,0.49049952909,0.42415988234,0.13279809276,0.527535975254,-1.97555836892,-0.310713642967,-1.07353118437,-0.880720732997,-2.06473948101
9,10,2,2,0.948575462724,0.301018120009,0.0207752218198,0.156786228842,-1.05779429639,-0.00861480384843,0.123888026351,0.408452056502,0.157841262589
9,11,1,3,-0.936001018338,1.36989350745,-2.86145054797,0.600163226318,-0.0216490007428,-1.29316412596,-0.32705005777,-2.21304433174,-1.11157623798
9,11,2,3,-0.399746881596,0.692388803831,-1.66275053266,0.6608967205,1.05984702686,-0.17748155223,1.46953101771,1.48091236956,2.51591574463
9,11,3,3,-0.481639037092,1.39226627088,-0.661192867982,0.149545985743,0.513187669674,-2.06599126846,0.926344828765,0.315950291602,-0.173692927638
9,12,1,2,-0.0264185712963,0.450789890118,0.164074921378,0.0970136427899,-1.17934811914,-0.146801469398,1.1567785751,0.279857677929,0.0622781766128
9,12,2,2,-0.843607510134,0.149032375642,-0.116047954723,0.555824239133,-1.02877132775,-0.670792964309,2.69052833001,-0.846925364101,-2.24529268579
9,13,1,4,-0.434312150694,0.527767886463,0.366329030254,-0.665439052708,-0.471027592064,-1.08162604098,-1.18385484764,-2.43038163661,-3.87724046065
9,13,2,4,-0.234199798404,-0.00645143876201,0.53530432204,-0.467663403973,0.740464359925,-1.01931115023,-0.936162765458,-1.30109017276,-1.9616085502
9,13,3,4,-0.433946812708,-0.0630257487938,1.37773888769,-0.446728863833,0.410343482161,-0.461847866523,-1.24987982332,-1.59791962526,-0.738036100112
9,13,4,4,-0.465447351938,0.224493871951,-0.50381903926,-0.662266817794,-0.016055750248,-0.786879881469,-0.948649243214,-1.75946449094,-2.27699097767
9,14,1,4,-0.194331906905,0.800767602591,-0.572813153337,-0.397450426939,-0.80089577545,-0.585013046532,1.36684456563,0.270239346195,-0.335546662949
9,14,2,4,-0.321640683853,1.29689061119,-0.169694806552,-0.59256261217,-1.5364122745,-0.287921424821,1.52007232769,-0.0747548682823,-1.11910793974
9,14,3,4,-0.575856072147,0.980348896482,-0.460963790875,-0.313880232941,-1.28688417332,-0.603502048223,0.803042927533,-0.0813031366396,-1.53316787968
9,14,4,4,0.815319460321,0.376941930592,-0.00987579063753,-1.72677475116,-0.974485096948,-0.165628860947,0.93844949618,-0.555037809964,-0.682634536423
9,15,1,4,-0.474400281287,-0.377388390386,1.23822149103,-1.54037585232,0.478642712334,1.50530427257,-1.27516868972,-2.64938383568,-3.44857360601
9,15,2,4,-0.243261911081,0.617944971047,0.12407644045,-0.701177110453,-0.938888005904,-0.727211562515,0.400552911978,-3.22487025267,-5.54984615069
9,15,3,4,-1.04256043102,0.864358987258,0.28712703099,-1.82014584833,-0.0822216810037,0.428743793883,-0.843506191873,-3.10068808823,-5.67846194169
9,15,4,4,-0.61122821284,1.44170551371,0.893905307774,-1.31362249518,0.052090460496,0.450830846592,-1.28903300551,-3.8980505393,-7.00179538056
9,16,1,1,-0.0406454893564,0.628068249505,0.752246501954,1.8948543652,0.0236052402847,0.209344368294,0.692068747455,0.454305410086,0.762853163367
9,17,1,2,-1.1232035388,0.617807438971,0.0568487010667,-0.742482913288,-1.12523079323,-1.1316721859,0.312115964318,-0.510124180973,-2.5857536877
9,17,2,2,-0.184149307274,1.9784796239,0.864313292992,-1.16915783248,-1.40867082082,-0.8623518585,-0.0927721305728,0.321419722099,-1.00620825189
9,18,1,2,-0.296588152904,1.01294393566,0.269625397386,-0.557863635801,-0.562002171277,-2.22787310366,-0.861158332516,-2.4689660878,-3.79605082894
9,18,2,2,-0.764249008394,0.0995258517068,-0.587417210767,-0.682030784863,-0.473224630155,-0.754054044403,-0.580865850137,-1.14720902711,-2.04594628865
9,19,1,2,-1.71056536172,1.97697645605,0.239955823815,-0.0827724958381,-0.25144521018,-1.56171653759,-1.18890801218,-1.22983697478,-3.26233656415
9,19,2,2,-1.2144890676,1.81829934501,0.998149304169,0.281074955706,-0.316780538034,-1.71718712238,-0.540760751845,-0.314702603221,-1.14961045197
9,20,1,2,-1.45728062863,1.97405139437,1.06601824563,-0.917498978886,0.0870894799569,0.426486271287,-0.134629671669,-0.142360732999,-2.40285527159
9,20,2,2,-2.55309397725,2.24638741283,1.46776119065,-1.67993121298,-0.61409183385,0.0138074141185,-0.636413971999,-1.91291350626,-5.39451128896
9,21,1,2,-0.624158757057,-1.1217664267,-0.871976031819,0.720073767323,-0.52158390575,-1.29325304233,1.47567091487,0.545140695989,-0.048071199632
9,21,2,2,-0.606762481847,-0.448855901174,-0.440271372298,1.34455955111,-0.274233167899,-0.289082627607,-0.286288857114,-0.922924602821,-2.18985295473
9,22,1,4,-0.211685917212,1.60983346014,-1.16362128852,-0.50242320256,-1.06132544252,0.245846498464,-2.37244345735,-1.75947200952,-2.64134015954
9,22,2,4,-0.577921627627,1.44540298729,-1.63795218028,0.00064489006916,-1.29966143818,-0.118900209718,-0.944135851363,-1.17036909528,-1.92405073746
9,22,3,4,-0.872001555685,0.655677412322,-2.32230892339,-0.317970862498,-0.580867624452,0.746850052047,-2.1428318042,-1.2137355927,-0.893706718597
9,22,4,4,-0.107577754752,1.95626928483,-1.72868675475,-0.282514812672,-0.267655461656,0.13455733893,-1.5470025667,-1.78789020584,-3.09399904752
9,23,1,4,-0.784633459812,-0.193366596151,1.02263545319,-0.741716684146,-2.30196968521,1.55457585799,0.994659468646,0.764314132835,-0.207858334948
9,23,2,4,-0.832506456971,-0.26368139266,0.475790604963,-0.610306693347,-0.754923978023,6.80332746789e-05,0.953200202206,0.582820349285,0.567317405052
9,23,3,4,-0.307667042161,-0.948550874748,0.772499823448,-0.397384270095,-0.399135205125,-0.172079653157,0.397527037941,0.815330654577,2.08947325154
9,23,4,4,-1.05401134926,0.208299076391,1.33393743031,0.840287791155,-1.16675670149,-0.742659360108,0.00772032455233,-0.773439816225,-1.48049571757
9,24,1,3,-0.108470568367,1.50248791601,-1.79598360217,-0.973975553679,-0.263520583315,-0.882614603774,-0.497201780043,-0.555105905323,0.406269783065
9,24,2,3,1.40578364337,2.02374491209,-0.441844418218,-1.02008346253,-0.62535636588,-2.19741282937,-1.18946899452,0.327372390345,2.01408754874
9,24,3,3,0.872801889349,1.48929859114,-0.757755953054,0.0864277663613,-0.497528266463,-1.70688579168,-0.614239270781,-0.641687310244,1.08846916604
9,25,1,4,0.533870375756,1.25869200313,0.195974623699,0.549022797447,0.949566722223,-0.873165399786,0.137231706454,-1.33490090778,-2.22218140479
9,25,2,4,-0.689320865188,1.53851511762,0.684421189602,-0.563284964812,-0.72522835061,0.638411146799,-0.34920828098,0.441492838331,-0.600762332211
9,25,3,4,-0.651403185773,1.44778049222,0.380412672192,-0.510928017705,0.821045331947,-1.21498559219,0.35909854877,-1.46456258247,-3.42567166876
9,25,4,4,-0.551081467472,1.10049891616,1.96968680661,-0.258560212535,1.44620605643,0.114789561045,0.910511650638,0.517108725925,0.00796391870297
9,26,1,4,-0.532830518257,0.795294065618,0.460291675808,0.959778521476,-0.80771885067,-0.875449541222,-0.482208163011,-2.370500019,-3.94876677205
9,26,2,4,-0.0639361281799,0.974320668295,0.575747872674,0.400249795011,-1.28977488571,-0.835859194488,-1.05350687156,-3.53625345749,-5.36372740861
9,26,3,4,-0.0670525143782,0.935246380172,-0.659143065555,-0.218389960078,0.120114459506,0.707040765061,-0.782968854754,-0.818961932366,-1.74002907051
9,26,4,4,-0.265552959397,0.488714609434,0.946545881722,-0.0626611646913,-0.229036110546,-1.03439838461,-0.538909263783,-1.00403561626,-2.00474491839
9,27,1,2,-1.31344631095,-0.159268579599,0.782111705308,-0.516094793197,-0.614122476716,1.45191976181,0.514152799281,0.0309358286841,-0.261795582817
9,27,2,2,-1.21285353081,0.0812138925545,-0.00941349611351,-0.726143353224,-0.479985014472,-0.159729301269,1.17488299587,1.27149746214,1.34038629313
9,28,1,2,-0.753859855954,0.562307132467,1.65036873163,0.717105801502,-0.533832088341,-0.365192829864,0.487629670798,-0.960351200241,-2.59027392393
9,28,2,2,-1.217847871,0.825939690533,1.59444855692,-0.0463457125379,-0.517763514113,-0.640757410078,0.31800347934,-1.35583503201,-3.0273794528
9,29,1,2,0.223144106995,-0.414067161437,-0.889290156011,-2.43722391106,-1.32460724085,-0.661492666626,0.0404265088431,-1.74453817966,-1.29616449936
9,29,2,2,0.885425020554,-0.35308191996,-0.784216121395,-0.577506749613,0.222746713741,-0.888270655655,-0.27250376617,-0.387135917825,0.897120695668
9,30,1,2,-0.879698716843,0.800844549293,0.0314470008415,-0.0609027590237,0.278918250798,-1.4161324012,0.8412022537,-1.0851974517,-4.23670560611
9,30,2,2,0.663119155842,0.568640827238,0.641653036076,0.0637405514684,0.00935966230598,-0.569876461754,0.372313725895,0.266099135724,-1.758009779
9,31,1,4,0.0741869331962,0.0418652075642,-0.128507696345,-0.600515654253,-0.364682622979,0.422036917325,0.279515027133,-0.697017356623,-2.14236633554
9,31,2,4,-0.0498906285317,0.301223560847,-0.375429595653,0.359023216583,0.90146153118,0.454754193346,1.20838850946,0.0141320498839,-1.55995099064
9,31,3,4,-0.137187024806,0.566771768865,-0.83492763606,-0.278821084107,0.585790064649,0.435855135955,0.716094402776,-0.245578928324,-1.80880302207
9,31,4,4,0.576656023819,0.0878351785362,-1.47293960062,0.766534835887,0.7496693182,0.499588289268,0.939404329912,0.773744737306,-0.360821055085
9,32,1,4,-1.28013004815,1.85978553624,0.545514895324,-0.682325847537,-0.150713020633,-2.18647888132,-0.34842266323,-2.47481761587,-4.79078471497
9,32,2,4,-1.36441916165,0.954244922294,-0.223827347469,-0.644811964225,-0.0459611570871,-1.79805853559,-0.298896466636,-2.4242993842,-4.30743064117
9,32,3,4,-1.90194078066,1.66683474872,0.355400230471,0.322226970023,-0.081470571639,-2.68977181278,-0.753143763205,-3.62060438465,-7.08700233681
9,32,4,4,-1.02006379403,1.42751284365,0.365930996953,0.0441223006783,-0.696645279059,-2.83098693154,0.0815509806386,-3.05857791424,-5.85271224306
9,33,1,3,-1.83487907144,0.547293498674,-0.261700242843,-1.31798760592,-0.417790338357,0.95592254856,-0.29983604207,-1.24914815678,-3.73001560675
9,33,2,3,-0.56153508732,-0.343472161009,0.313036879394,-0.0215785835822,-0.0420414196344,0.537738693759,-0.139291548236,-0.121278091231,-1.58590825404
9,33,3,3,-0.731543252744,-0.186446821595,-0.517647001582,-1.38553979421,-0.425844100202,-0.159401977724,-0.350949601731,-1.42674685311,-3.44433612272
9,34,1,3,1.35266635645,0.366911820129,0.0217545059689,-0.483778638778,0.204394136239,0.297176139705,0.101727128622,0.136224629374,0.135002542195
9,34,2,3,0.577802633063,0.270699431338,-0.217885120008,-0.484403387018,-0.439190639195,-1.22648729851,0.584593311324,-1.21120442329,-2.89830415845
9,34,3,3,0.344452186455,0.0692473854879,-0.838891137353,-0.0455113922798,-0.096225510683,0.0204223525898,0.288958237999,-0.12251626428,-0.373875131756
9,35,1,3,-1.9959513374,0.977470248016,1.71931217509,-0.166052624424,1.8790316431,0.174901700142,0.472077223288,0.443179973384,-1.62116541494
9,35,2,3,-0.965627241167,0.114379601021,2.35653665958,-0.526361296967,1.11839516078,1.80953002672,-1.24592454578,0.453761842704,-0.0471116640115
9,35,3,3,-1.47830316231,0.719540155438,1.87008830997,-0.252260922808,1.60882918505,-0.153649342303,-0.704331083309,-0.75483173299,-2.35955590847
10,1,1,4,0.746776410288,0.680523517137,-1.38017462116,0.139169435727,0.82309807656,1.55171857634,0.612544491387,2.58604958194,4.45785907726
10,1,2,4,0.0912652998467,0.296339166851,-0.22706818644,-0.27697403559,0.505207130507,0.220309370766,-0.269482769511,1.51638487948,3.03925619118
10,1,3,4,1.17772148076,1.6809301424,-0.630922580512,-0.611820769918,0.705199729617,-0.691673164937,-0.0364498235079,1.97752928717,3.93543400706
10,1,4,4,0.572966122079,0.382470353074,-0.829194062895,-0.586611986388,1.15660337166,1.26840419602,-0.552399996953,2.34924016462,4.7259348154
10,2,1,2,2.79080561518,-0.516640691184,0.201506035354,-0.12819662703,0.0793678006955,1.4045781801,-1.58406783556,3.01932197353,5.33922756788
10,2,2,2,3.2272868981,-0.259121157292,0.930748973549,-1.18239300208,0.795431244354,0.559087483287,-2.4097413444,2.76400244397,6.47269021344
10,3,1,3,-0.877088404567,0.426755894714,1.90174034695,-0.0937013700606,-0.948198152901,-1.10579821441,-0.818808366056,-2.57003357758,-2.90572110288
10,3,2,3,0.889683525103,-0.127799962175,2.36887544047,-0.571643178871,-0.433849479496,1.32233678342,-0.857606163532,-0.732094328617,1.34313208773
10,3,3,3,-0.476177182897,-0.518683155194,1.6569084145,0.379873043653,-0.729277793445,0.317203731334,-0.213976182479,-1.50120109185,-1.80583420444
10,4,1,1,-0.23431479651,-0.160319286931,-0.541945724549,-1.74810323028,0.345900245474,1.64412884307,-1.04413552215,0.073507648377,-0.218949684205
10,5,1,3,1.69175644707,0.5689111319,0.513423385569,-1.22838571831,-0.354048442045,0.176698003761,-1.82427402931,0.240423087442,1.36353759056
10,5,2,3,0.902422045283,0.641176930443,-1.01935758663,-2.15534518151,0.48775975585,-0.672225334418,-1.82172579877,-1.31926189037,-1.51663899997
10,5,3,3,0.535681344979,0.592400113514,0.683805640551,-1.31708293825,-0.528353122104,0.51410493048,-1.40393887906,0.467758952909,1.10901737707
10,6,1,1,0.401725709675,-0.682629467221,1.32919649611,-1.04806095359,0.27021564373,1.36877383093,-1.60345556391,-0.351570574783,-0.22098062125
10,7,1,1,-0.211581508833,-1.40038901271,-1.03758529291,-1.49931372007,0.984063729125,1.38665797,-1.49247122185,0.927931186603,1.04644528081
10,8,1,1,1.01487821615,0.452468409704,-0.756033116303,-1.69078148251,-0.967313511562,1.18350455134,-1.89738995484,-1.8923956809,-2.42480872453
10,9,1,3,0.65827467941,0.469656551794,-0.190413738514,-2.9299594369,-0.169460185408,0.592415540537,-1.78125437622,-3.17504948498,-3.31196252167
10,9,2,3,0.20958118152,1.23904498695,-0.499684919814,-2.97546573672,-1.01618566436,0.743015571455,-2.4951204222,-3.22416987355,-3.39607160605
10,9,3,3,0.907052117618,1.7747995519,-1.51335063181,-2.3650126402,-0.793574882925,1.57151613078,-1.28004705089,-1.53894524122,-1.52526496498
10,10,1,3,1.52123795994,1.49236891262,-0.117630016632,0.0540719621882,-0.615659775779,1.02555231667,-2.61205059155,-0.300435226986,-2.07966334807
10,10,2,3,1.32848584886,0.675531568906,-0.086136841459,0.111011663261,-1.79193275409,0.308519559009,-2.47634979264,-0.858554667759,-3.43687654592
10,10,3,3,1.15243373411,1.0553707426,-0.43974748015,-0.354489335021,-1.40859552745,-0.130007316244,-2.830734864,-1.94753098551,-3.89758887383
10,11,1,4,0.510522092912,-1.1878332668,-0.694869933745,-1.19548316926,-0.253375521747,0.0445748243328,0.357840403672,3.02356878034,5.30425974607
10,11,2,4,0.778056696651,-1.46576871003,-0.986505032439,-0.749952287065,-0.751693151367,0.501926064716,0.62453861703,2.29050195919,3.65232469865
10,11,3,4,-0.147371167584,-1.49502809578,-0.465986191528,-0.774393097276,0.222614196638,-0.486585878621,0.103640643317,1.10481000027,1.99084750045
10,11,4,4,0.830047684414,-0.803888777982,-0.780779101738,-0.791629809451,-0.0684859317159,-0.148826162922,-0.293708276149,2.13754587932,4.25031020733
10,12,1,4,0.262025219334,-0.961668407467,2.34268031203,0.210847116067,-1.04173365046,1.47670082955,-0.884713168318,0.378110826157,2.44797348936
10,12,2,4,-0.216196668066,-0.20627467087,1.28772273165,-0.128939632902,-2.16443999448,-1.10318820611,-0.258637354076,-1.6120615032,-1.64505699004
10,12,3,4,-0.277311393816,-1.43389144779,1.23861188064,0.566552321055,-1.21352785671,1.28939626741,0.033887882062,0.405515951105,2.14065448362
10,12,4,4,-1.84310980032,-0.199533500739,1.48037613259,-0.00671307806869,-0.565108088048,0.0430834271581,0.177882713381,-0.360334969285,-0.824918718962
10,13,1,4,-0.0457245401214,-0.806114414439,0.278150062228,-0.965813585327,-0.228951922172,-1.03759375148,-1.47805294167,-1.50832144235,-0.791042255468
10,13,2,4,0.718478750791,-0.108123487229,1.09919084252,-1.31102787582,-0.0230193496351,-0.415209934363,-2.71426319142,-2.51081768576,-1.92835663245
10,13,3,4,1.11720380421,-1.05590219672,0.839920507478,-1.15606934583,-0.838387143827,0.0376222167093,-1.41744433866,-0.988974516382,-0.942590995974
10,13,4,4,0.594925464188,-0.469481289962,0.935237034053,-0.841199027423,0.344437488657,0.467719684715,-1.74984708772,-1.23535487239,-1.37768083952
10,14,1,2,0.261401325361,-0.746092472758,-0.716257801699,-2.59332798829,-0.0726527383489,1.31500867187,-0.333019035044,-0.757688322684,0.122067650041
10,14,2,2,1.08476112393,-0.267265619474,0.103084135036,-1.90686830616,0.389598136892,1.21968519526,-0.155595968414,1.1800919264,2.81570587136
10,15,1,4,0.978108089929,-0.153517865882,0.00747856203207,-0.810415807974,-0.599207433373,0.197057162478,-3.06975530112,-1.30362678391,-0.234882211305
10,15,2,4,0.0298688817281,0.025459282865,0.224686123323,-0.607242582907,-1.54995890378,-0.310182234401,-2.81353826687,-2.65901542438,-3.00745930211
10,15,3,4,-0.235969762401,0.406409051811,-0.266958133558,-2.33037055356,-0.290955071096,-0.463717884202,-4.20713038125,-5.04971463416,-6.25812907865
10,15,4,4,-0.111704775036,-0.386389568015,0.221942547353,-0.866891413506,-0.971740507695,-0.926756884586,-2.9261493713,-3.18738009868,-2.83710094994
10,16,1,2,0.237401108372,-0.513749980128,1.24800499451,-0.848128205224,0.631570581545,0.740785339551,-0.645954646758,0.409755489645,0.69863748077
10,16,2,2,0.340297249504,0.569585488971,0.964713893176,-0.878706662994,-0.213963943325,0.0516384794926,-2.20047562322,-0.630325757617,-0.87739212631
10,17,1,1,0.862443720299,0.0483222555972,-0.325354210251,-1.89035465342,-1.05909049013,-0.205736298579,-0.900814532297,0.32577207483,1.987850778
10,18,1,2,0.504280110714,0.541275371014,-1.0424791776,0.113305776392,-1.54310626236,-1.12971015421,-1.57584906328,-1.21216096274,-0.7604610997
10,18,2,2,-0.117050281838,-0.222051357977,-1.74773678545,1.01844868384,-1.89368847876,-0.833020228385,-1.51689608213,-2.35635348242,-1.97965557809
10,19,1,3,-0.479723375951,1.3374791917,-1.10735308365,-1.39836817247,-0.606543119215,-0.125469064402,-1.74787577259,-1.47258795283,-1.38926439694
10,19,2,3,-1.26944767747,0.489149834652,-1.02268828608,-1.65181330644,-1.4674001166,0.714421508343,-1.54491735911,-1.43545257735,-2.25387406843
10,19,3,3,-1.25043151831,0.611286961,0.0223137891996,-1.32917987963,-0.326940921535,-1.1726186272,-0.553164806819,-1.90100968619,-3.12138594235
10,20,1,3,-1.00222501814,2.72473089917,0.754785355714,-1.43277887972,0.150892725387,-0.33820946751,-0.1858925996,-0.294934537352,-2.16767764902
10,20,2,3,-0.41440973174,0.832553373037,1.85209824867,-1.03187933117,0.53516017295,1.84092973966,-1.20043075877,0.450760124761,0.152087871359
10,20,3,3,-0.955116901547,1.20643169657,0.81617885928,-1.12523597789,0.914451995333,0.0175999058755,0.0520720330692,0.404515867084,-0.724286369073
10,21,1,4,-2.07781825619,-0.944015748229,-0.455284750823,0.11713146637,0.211466424009,-1.61641044298,-1.12159683265,-1.54397557753,-2.52285024587
10,21,2,4,-0.0304158831652,-1.19244980697,-0.0219694593652,0.029378693164,0.679856183776,-1.19560808133,-1.71592325293,-0.475675546679,0.0407780258195
10,21,3,4,-1.89938156704,-0.784660630458,0.050764707474,1.05233042435,1.88269851312,-1.50196931141,-1.24104697947,-0.956208434304,-1.20373469658
10,21,4,4,-0.985907028322,-0.355296702075,0.101239737318,-0.220566212327,1.51952817453,-1.93530250225,-1.76832761097,-1.24198058807,-1.89056217004
10,22,1,4,1.74664173984,-1.15418926763,-1.50282213329,-1.37646504033,0.110103817058,0.162343950369,-2.70354277264,-1.11211968337,-0.141849921194
10,22,2,4,1.7395649625,-1.12859609293,0.114374666697,-0.989092657226,-1.58942292453,-0.723035284171,-2.71086357085,-1.96262043983,-1.27444236597
10,22,3,4,1.78689956456,-0.271901226861,-1.05300365323,-1.40300453613,0.0145446184752,1.05879810544,-3.72214481687,-1.91254106729,-1.17307621568
10,22,4,4,1.21763381457,0.125139437707,0.212938444866,-0.253138163827,-1.03837017218,-1.51936571213,-2.47268482136,-2.52377116979,-2.53065112284
10,23,1,4,1.06842133417,-1.81353693744,0.811136583092,-0.814183962072,-1.30959329898,1.05360052984,-0.0494289999079,-1.1314392163,-1.91532365806
10,23,2,4,0.189102092865,-0.532503130241,0.160441629547,-0.433598357375,-1.59802511846,0.671943077705,-0.297174579716,-1.3709194601,-2.02680697744
10,23,3,4,-0.056234921681,-2.28679782855,1.1352647194,-0.67752263415,-2.38994296427,1.73843353496,-0.0241493705339,-1.71576619503,-1.49242486473
10,23,4,4,0.43354863739,-2.04916961626,1.81720320328,-0.297380566806,-1.68113805708,1.5773019689,-0.456164618316,-1.44285828404,-0.0317425560238
10,24,1,4,-0.171935319313,-1.62036598231,0.767625667511,-0.829453269406,-0.921126621701,0.596279986112,-0.119186204285,0.757478719971,1.75729659862
10,24,2,4,0.355159538949,-1.20536906373,-0.26513222297,-0.525740203019,-0.312423794983,-0.0975950710107,-1.3099819524,1.11025312443,2.56412649066
10,24,3,4,0.43625358814,-0.82136366412,0.587757671005,0.0721196283617,-1.24288141025,-0.465125680664,-1.42919087075,-0.331239372364,0.248740851826
10,24,4,4,-0.46541835981,-2.050547633,0.630310837399,0.226630344142,-1.18028460422,0.444265181366,0.0417660010736,0.357387176496,1.45170886313
10,25,1,2,-0.376013614998,1.54967453463,-0.37037606844,-0.707076249874,0.498901159811,-0.439370139128,-0.365798983322,-1.33025630009,-2.8740104683
10,25,2,2,0.926757975495,1.28368918418,-0.507931529218,-1.15801020692,-1.2052544038,0.0326448767016,-0.955446713859,-0.799893895851,-0.715735266117
10,26,1,3,-0.891313403596,0.839732386198,-0.97108499028,-1.35753836152,-1.19115110943,-0.526865273525,-2.71226367891,-3.78188251828,-5.0966599073
10,26,2,3,-0.1675951873,-1.19607302948,0.430656120437,-1.14049600471,-1.71559551067,0.0256638804557,-1.91182120456,-2.65029873848,-2.14802667176
10,26,3,3,-0.361008772,-0.0260663986541,0.00793295875902,-0.623750796205,-1.07037049383,-0.401908252442,-1.91460473154,-2.01838095106,-1.68321623621
10,27,1,3,-1.50121158039,0.385240648399,0.0952997796173,-1.28112435548,-0.412203746233,0.011865728175,-1.41422410686,-2.63005760547,-4.9140374968
10,27,2,3,-0.935099281542,0.527221579183,1.15938929693,-0.807813961236,0.302380012974,0.00149516732706,-1.78446496906,-2.45960608296,-3.31604628382
10,27,3,3,-0.969889736007,0.199364728626,0.876103484679,-1.60775566892,-0.154206308519,-0.313939265091,-2.35829223804,-2.58468471979,-4.1272840566
10,28,1,1,-0.972256030128,-0.445177223271,0.473579153951,-0.500467614099,-0.539353102305,-0.928080994888,-2.29980549253,-3.81015730554,-5.71492620939
10,29,1,1,0.0511514375477,-2.08576912916,0.000362836154756,-0.774426983181,-1.72473635638,-0.385307263109,0.0229834925496,-1.74406542019,-2.18425793018
10,30,1,1,-0.249121510192,0.57671766134,0.818178937567,-1.47900348844,0.684385452869,0.205248929894,-1.06304575063,0.68005196433,-0.293148908253
10,31,1,3,0.124003388979,-0.0126053330278,-0.995930948319,-0.954634486703,0.0477370538759,-0.994978727954,-2.33254096014,-2.46092133959,-3.10226365366
10,31,2,3,0.102800725277,0.0232377862145,-1.11556717085,0.050999200676,-0.687818831114,-0.652277739336,-1.5642790975,-2.1096836442,-3.30616311553
10,31,3,3,0.715847785674,0.994984144698,-0.0261177284049,-0.738868157758,-0.440969532695,-0.861465876422,-1.47154299154,-0.854261928586,-1.58092550917
10,32,1,4,0.230068627385,1.54744978709,-0.484645209787,-1.04409423518,0.224653125129,-2.61611264499,-1.52546581642,-1.13915696014,-0.503249591507
10,32,2,4,-0.504996725572,0.735968618794,-1.16384306086,-2.76776624524,-0.326509895805,-1.94688676511,-2.46749372545,-3.62395759661,-4.28163608747
10,32,3,4,-0.708522445614,1.24650894645,-0.541296029922,-2.15829546475,-0.176058788211,-3.29362382266,-3.10706824553,-3.76794946759,-4.21470625981
10,32,4,4,-0.279047825718,1.37323947704,-1.50811750964,-1.82830442957,-0.198129499447,-1.6909694297,-2.58179274203,-2.67945388098,-2.85392157292
10,33,1,1,0.50401221029,-0.920076949178,1.2542386224,-1.57508204943,-0.530723578574,0.90929004697,-3.16279812921,-1.62784008234,-0.941568622752
10,34,1,3,0.253027775251,0.133390304805,1.46876185996,-1.69709283744,0.0621099137842,0.689715877504,-1.93431066994,-1.49982196054,-2.18798907393
10,34,2,3,0.535595625024,0.405360597653,0.377430400524,-1.87827658066,0.445832374839,0.174740340184,-1.44935792396,-1.31048011336,-2.74588020779
10,34,3,3,0.175702846846,0.563132447737,1.57106062553,-1.08954062763,-0.043601261476,0.722267345368,-2.21949913874,-1.25604048749,-1.98779758208
10,35,1,2,-1.49696585115,-0.871050838204,1.00467317119,-1.63294188897,0.757467933694,0.275189294247,-1.88230127098,-2.76321040221,-4.62336648695
10,35,2,2,-1.28029082736,-0.44533395651,1.167962893,-1.82563648998,-0.617938659413,-0.635190304047,-1.94097259228,-2.05556664938,-2.55620011844
11,1,1,1,0.0269204746034,0.0461359832058,-0.915474164719,0.404022979318,1.64456486383,0.722268612261,1.96089796619,2.04853392424,0.956853234448
11,2,1,3,0.981171065783,0.0712110374797,-0.927091022745,1.70973556869,0.68424568732,0.826017536026,-0.275375939332,2.14855202591,2.12013361765
11,2,2,3,0.719990218584,0.904388592066,-0.56771542283,1.40188548783,0.907230357704,1.80660002312,-0.14105541927,1.6913693228,-0.690999537208
11,2,3,3,0.275331823009,-0.474401326516,0.284509028322,1.27936105585,1.16889757097,1.05595577828,0.119162270379,1.59559228794,0.0074894613777
11,3,1,4,-0.612067215444,-0.381409332257,0.0135563051917,0.653159654945,-0.132965577125,1.95680962654,-0.260961998495,0.355980573781,-1.03570272245
11,3,2,4,-1.19012880174,-0.962865297865,-0.14681282073,-0.120239777374,-0.167470510493,2.03306060453,0.333743038903,-0.159484471289,-2.07161099505
11,3,3,4,-0.132285118485,-0.827886057932,-0.158971230471,-0.0480964809861,-0.0173685375467,2.04875031491,-0.126654726249,0.517792331742,-0.603230270177
11,3,4,4,-0.983702202495,0.17330139687,0.291843972129,0.030945630811,-0.178962913453,0.495103348984,0.00979955799189,-0.337217895057,-2.40576729066
11,4,1,2,0.461063862534,-0.777062641174,-1.20358079841,-0.607090522802,-1.21859598734,2.31576384511,0.615583325951,2.76135986791,2.60284896457
11,4,2,2,0.604367901607,-0.679249958904,-2.47397547982,-0.277793214432,-0.961141741003,3.35053125776,-0.789526114841,3.22480437823,3.88451075442
11,5,1,3,1.42998264259,0.551165446713,-0.706461151088,-0.0405238602555,-0.839403923691,0.917892911677,0.825475888761,2.26313007178,3.24722471941
11,5,2,3,0.88370135681,1.45958644011,-0.252598561275,0.963696114871,0.794098300316,0.954980278538,0.586151206743,0.941799890793,1.12053731176
11,5,3,3,0.151690175099,0.950680199814,-0.986897969,0.824252406704,0.405739470701,-0.34453797799,0.0298285065474,-0.199117349025,-0.628831660308
11,6,1,2,1.57653069251,-0.561159089834,0.110277451177,-0.275569450152,0.234828113325,2.99964347891,0.191141550268,1.91630223938,1.53674428727
11,6,2,2,0.667505571773,0.0435313158015,0.601536357385,-1.00174131137,-1.03499133093,1.71000765102,-0.440285528095,1.72984579105,1.5674877813
11,7,1,4,-0.43627083052,-0.632699206962,-2.61680498846,-0.174943146178,1.41697108707,2.44236201735,-2.38428805193,1.09133534565,2.32258509032
11,7,2,4,-0.119348330549,-0.804329112032,-1.075111393,-1.20766525566,0.830649514074,1.00629081405,-1.52348754385,-0.237226993671,-0.0948384301258
11,7,3,4,0.284458412946,-0.285092993048,-2.28201478999,-1.0496241886,1.46384635942,2.43830555263,-2.15338792586,1.64596923904,2.95255444637
11,7,4,4,-0.321968466121,-2.05028308502,-1.8181437643,-0.50116998884,1.84876486733,2.02064215802,-2.70597325343,0.660222656516,1.77549400415
11,8,1,1,0.931130006768,1.15799343593,-1.19375264907,-0.245446833692,-0.831035926674,2.08589624514,-0.651579447689,2.00220070275,2.92988698529
11,9,1,3,1.34690005152,-0.629510250224,-0.549529395341,-1.30880785246,-0.152473587848,1.0545093315,-0.866267645484,2.49645260489,1.80403562715
11,9,2,3,0.949180570014,-0.181938916422,-0.681855442471,-0.210400658208,0.334814243822,1.10746939907,-0.860426111155,1.23774749183,-0.238979123015
11,9,3,3,0.0205107399242,0.0222531153266,-0.572197784531,-1.46754816054,-0.131838719772,1.48678112904,-0.344260262448,1.56244838822,-0.422896175125
11,10,1,2,-0.30908899267,-0.57564746336,-1.92695637343,0.79010592825,0.0913735757957,1.81669967532,-0.232039976991,1.02162022034,0.298359123431
11,10,2,2,0.428481114986,-0.428385219268,-0.324657199355,1.50683785649,-0.701175520957,1.78691829741,0.340228532961,0.381061084017,-0.959966012933
11,11,1,3,1.90117772636,-0.686726227475,-2.2672190544,-0.420262521395,-0.650346513421,3.07016629151,-0.105312996697,4.70403802967,6.70747350338
11,11,2,3,0.0652293939026,-0.672303094315,-2.29874217588,-0.185699726713,0.0281045857468,1.66307709739,-0.0943781454116,3.0860904019,3.87546925066
11,11,3,3,0.9942918619,-0.679368145017,-2.49191351029,-0.503374237944,0.292165504026,1.74415575255,-0.623660713897,3.67689663199,4.59565104161
11,12,1,2,0.787686085537,0.660403397869,0.736801098628,0.972202708818,0.565578163861,1.27392377824,0.773622243021,0.910686555514,1.24828942566
11,12,2,2,-0.142236138078,-0.481248485527,1.79506301106,0.674505967923,1.08904746195,0.991382869619,-0.467413107373,0.215470647166,0.839872803674
11,13,1,2,-0.166379111892,-1.33510945857,0.0794423922822,-0.777707454485,-0.027052715265,-0.0295549308978,0.706673824107,-0.725756352834,-1.55274767445
11,13,2,2,-0.11580689922,-2.00249676884,-1.21933189547,-1.12524046945,0.377173840304,0.295306977406,-0.168388321133,0.152035488216,-0.768073400615
11,14,1,3,-0.67729482945,-0.472954907145,-0.159807176211,0.776948818283,-0.0525342954279,1.10515184376,1.84547714734,1.91666284429,1.78073844821
11,14,2,3,0.273473005579,0.214041584584,-0.877310291756,-0.417412290962,0.544195114067,1.23414349642,1.73970653422,2.10535463182,2.08913542329
11,14,3,3,1.00099221299,0.746395282542,0.224255788349,0.500298443996,-0.316877146788,1.05715946131,1.49874613794,2.00602204669,2.7965219445
11,15,1,4,-1.0229736342,0.679029225738,-0.0511507273383,-1.15095954739,0.327756789048,0.787166551527,-0.627849046734,0.295129765462,-1.6945051932
11,15,2,4,-1.61501856754,0.158137112262,0.846791295527,-0.999928552156,0.831285765763,1.87406515404,-0.865532159981,-0.93314074305,-3.91207437604
11,15,3,4,-0.891069250563,-0.301906698598,-0.172155497958,-1.32524619302,0.191994361054,0.725695639283,-1.32768548739,-2.02327846558,-4.30779547394
11,15,4,4,-1.45457409421,0.657192060248,1.1546793638,-0.864452681363,0.51127913839,1.89528649191,-1.23999888265,-0.924154628242,-3.67441998808
11,16,1,1,-0.45173733791,1.19958146703,-1.10183591678,1.87803273438,1.21293475518,1.68679604994,0.489292162149,-0.224436298339,-2.86665303392
11,17,1,1,0.136742580122,-0.323136829392,-1.1209564476,0.729616791204,0.795745666784,1.3002697582,-0.223188162583,0.465201591159,0.743660253029
11,18,1,3,0.102504798869,0.173731849532,-1.70889400549,0.850468760242,0.813510614188,1.13665157218,-0.814061262451,0.303862793682,-0.569764979122
11,18,2,3,0.585727516981,0.632072868626,-2.98874032689,0.191120983937,0.155587458272,2.68770556419,-1.54512667096,1.14816637226,1.35528634336
11,18,3,3,0.079482058977,0.464063310099,-2.60892195053,0.839422833075,1.31632338388,2.11716444863,-0.664302968891,0.743796748803,0.360290807796
11,19,1,2,-1.18197059424,0.843278640048,-0.0799528304654,-0.752075679543,1.00638856542,-0.171078681,-1.06333181485,-1.54511946091,-3.71760906644
11,19,2,2,-1.57059767457,0.965792168826,-0.956829460223,-0.439336537546,2.04748715364,-0.400090672558,-0.281861019502,0.125349981852,-3.31622605355
11,20,1,3,-1.55714481564,1.32657026591,1.14481450373,-0.16032424585,1.04901791303,0.771877863395,0.303255141602,0.861133344349,-2.19837584138
11,20,2,3,-2.19760149604,0.316989021246,1.09621744895,0.368939618791,0.496707138196,1.25448449911,2.18437147338,1.77739720338,-0.604142954697
11,20,3,3,-0.87013153389,1.64948543312,1.23924018568,0.538123891933,1.56373388117,0.92770281446,2.18727750703,1.60939037202,-1.44765635267
11,21,1,4,-1.11697630404,-0.534099847563,-0.695399699203,1.98557397772,1.20262471057,1.1358044672,0.565251036547,0.592827768855,-0.637175969943
11,21,2,4,-1.2994108047,-0.0756155518253,-0.313477535822,2.35952241844,2.10533905986,0.847258152416,1.87507471836,-0.130547078533,-3.33157392656
11,21,3,4,-1.21232951316,-0.0782839637899,-0.674050496636,0.503036444241,0.729592313888,0.800635558622,0.82663243805,0.726430552612,-1.1426949879
11,21,4,4,-1.19718021736,-1.10843846394,-0.423950934039,0.938049263669,0.807600776646,0.875596144147,1.39156134847,0.281989876686,-0.747330697714
11,22,1,2,0.929469292675,-0.0538153881336,-0.824062333794,0.880733010257,1.20916412623,1.84130911803,-0.559541138134,2.74560544819,3.46322853719
11,22,2,2,1.08698725084,-0.300321170969,-1.91612297365,1.62608738408,0.291576295369,3.11495714685,-0.223400148754,2.30643916309,3.65931480997
11,23,1,2,-0.00979053707697,-0.174371515515,-0.163215964213,0.317715079489,-0.265520154184,2.11985558134,-0.32015210012,1.8193692136,1.50728294728
11,23,2,2,-1.22892213048,-0.0193640047431,-0.472845983587,0.588026775038,-0.253252297598,3.22040824005,0.838921792689,2.38878016609,1.17540375937
11,24,1,2,0.800008669531,-0.66393179787,-0.897271317345,0.127686798719,-0.339396974533,0.789118673277,-1.24379059455,0.776465521871,1.1480386626
11,24,2,2,0.628363484662,-0.225652650154,-1.8556316644,0.12756638007,-0.20334502474,1.52529626609,-1.66801832651,2.12140379242,2.96350141708
11,25,1,4,1.67066270961,0.14662879791,-0.485610053836,1.15528034377,0.50680575567,3.18589659241,0.70563018195,2.94075493949,3.09696556698
11,25,2,4,1.44487424023,0.946404242025,0.0430105442132,-0.574050365743,0.308412362897,1.68478248607,0.911120272791,1.96697455101,2.43230483596
11,25,3,4,1.28073736072,1.38069081024,0.353511186024,0.898301745052,0.510852047686,2.53231851989,1.32022262576,2.89692335195,2.97481889122
11,25,4,4,1.42723453135,0.961040213683,0.359645857973,1.08358776836,0.868630960416,3.40168178549,0.522360216391,3.41690514651,3.3163087205
11,26,1,3,0.072893938183,-1.89787023906,-1.13942138681,-0.273054584373,0.0788699656619,0.830481769402,-0.383842806559,0.770886282579,1.38589431415
11,26,2,3,-0.672155964573,-1.4879712838,-0.925922956459,0.493362100183,-0.587985158138,0.273725502701,0.745229551222,1.27339467882,0.898563022462
11,26,3,3,-0.495944465816,-0.907993571027,-1.1879223708,1.06156822772,0.0603708010111,0.514309595381,0.615922745979,0.0291769055286,-0.594402674155
11,27,1,2,0.566168467499,-1.01977492063,-0.434892610183,-0.67851747801,0.560338799339,1.34192822256,-1.74371133661,0.820530453634,0.288061163446
11,27,2,2,-0.0111298060135,0.696945739119,-0.362390223917,-0.0783967403155,-0.505516489606,0.319126347126,-0.0530146615304,0.241805839387,-0.496769294478
11,28,1,3,-0.728758878334,-0.279901729974,-1.09738435797,0.550326081441,0.0769407611487,1.14257157907,0.103144903327,-0.403029500539,-2.72818980062
11,28,2,3,-1.96252587585,-0.510806503056,-0.879861063395,1.49369663694,-0.533413976164,-0.454764443726,1.48400146524,-1.31753288007,-4.25791430537
11,28,3,3,-1.52011968231,-0.888399856353,-0.967831265007,1.30994888425,0.144530221772,-0.163914161993,0.257770338641,-2.28199799248,-4.69357387361
11,29,1,2,-0.136477282966,-1.10707082744,-1.0324916923,-0.139497017018,-0.643076779287,1.77851015747,2.31797973918,1.97630594792,1.65669028707
11,29,2,2,-0.873414926248,-1.92150783352,-2.39497378281,-1.01669502068,-0.808521979118,2.14107407873,-0.763873998995,1.29590116621,2.05089693549
11,30,1,1,0.0704880735502,0.240132097591,0.929955182006,1.09814568644,1.21817639782,0.852258960903,1.40233163505,2.14652823097,1.40803784275
11,31,1,4,-0.786451217347,-0.196034118187,-0.797529577855,-0.138524448464,-0.284255291285,0.256040774496,0.600340881485,-1.55491441722,-4.54656932569
11,31,2,4,-0.577079347573,0.14124513757,-1.18815631018,-1.09922615657,-0.329849086426,1.34002790306,0.614444383118,-1.51226875992,-5.52874269744
11,31,3,4,-0.405309314679,-0.352843789137,-2.62078932612,0.938140275422,-0.826494457652,1.60868886982,-0.686570914433,-1.51696800702,-4.02248772867
11,31,4,4,-0.513805747414,-0.270285276988,-0.628649748502,0.597805153605,-0.308712820858,0.235856195508,0.532832536714,-0.835560540952,-4.43577234621
11,32,1,1,-1.18333030273,0.844728294871,-1.31249686443,-0.905233540143,1.44588784876,0.342625570959,-1.56936618879,-1.29675736469,-3.84641960098
11,33,1,2,0.434752366891,0.583769276953,-1.75434409124,-0.0532231910453,-0.752715147101,1.41856535707,-1.08552639917,0.60292355579,-1.23345585603
11,33,2,2,-0.401673767749,0.972676500659,-0.298615075031,-0.11326397685,-1.16527556687,1.00595122192,-0.973327085608,0.0826935455976,-2.63791235767
11,34,1,1,0.767920388255,-1.12252983007,-0.493205182368,0.333537281511,1.35070689552,1.14619721729,-0.0856282493238,0.529197229881,-0.996046011493
11,35,1,2,-0.714447914337,-0.858198393312,0.31110258868,0.798883076771,1.56783925591,0.189538359662,0.531062880698,-0.342642570388,-1.77918802232
11,35,2,2,-0.715105483434,-0.617926415133,1.04117969704,-0.153154899214,1.05590873201,0.0805901393884,-0.159397211239,-0.262935594805,-1.99279543853
12,1,1,4,0.737014916689,0.451884226594,-0.382932151328,0.952420622511,0.861758733284,1.0545051007,-0.258678552833,1.07731479844,1.5955144691
12,1,2,4,0.698109048953,0.430176102521,1.09492088805,0.984586562194,-0.334714232641,0.619555562711,-0.0473015571354,0.10527234775,0.974350161698
12,1,3,4,2.51035452515,0.0110679123223,0.984971412899,1.52286572852,-0.659320296952,1.65199395323,-0.216249989154,1.59252180713,3.61103601288
12,1,4,4,0.676747836931,0.289433740425,1.9399355055,1.4487297893,0.291154090695,2.07584665464,0.721487877739,1.13313247892,2.75341270657
12,2,1,2,1.62924120994,-0.260211888524,0.286493129527,0.0197445869337,1.01510788386,1.2725643289,-0.817060812853,-0.132861368392,0.851739131434
12,2,2,2,0.199905965155,0.567431552924,0.0892302874225,0.558780965981,-0.086266603217,0.433598349935,-0.404633331636,-0.385982670528,-0.456002830667
12,3,1,3,-0.272434539952,-0.599746987642,0.582159969899,0.344429696224,0.42288351364,0.384033008356,0.0312077960631,-0.309069762149,-0.580503741912
12,3,2,3,1.07683811964,-0.763919689445,0.401294136859,0.934442529192,-0.552081964563,2.21276569229,0.601837008092,0.103051710322,-0.124602280601
12,3,3,3,0.639703454979,-0.988484927538,0.637024130615,0.149733495747,-0.209617476179,1.04997928964,-0.238520077192,0.352115109322,2.03117539326
12,4,1,4,0.766968851023,1.77592703602,-2.32976822574,-0.632043206377,0.904815898778,0.76539699319,-0.769337061562,-0.240945324747,0.914257326533
12,4,2,4,0.960802500337,1.60401373076,-1.70945297014,0.159719993037,1.13382836416,0.925072144643,-0.227284818358,0.547673159004,1.20798296174
12,4,3,4,1.65408137679,0.603613707528,-0.605020140929,-0.784695732759,0.860593713316,0.922085128376,-0.262075799162,1.18193643785,1.21486798006
12,4,4,4,1.45163834677,1.89471717428,-1.70029981139,-0.485325531964,1.01673589647,0.683167058894,-0.0546677995097,0.115352737204,0.388467105132
12,5,1,2,0.947197991327,0.850028941042,0.26512291933,0.388755138653,-1.07471314402,-0.232174415042,-0.486660814292,-0.193548697373,-0.409354515412
12,5,2,2,0.471476141508,-0.574032287879,-0.663315983847,0.877344295272,0.218041903441,0.307195759826,0.534825910761,-0.545403786771,-0.994632674451
12,6,1,4,-0.867184082383,-0.697405559347,1.4799421675,-0.343976340324,0.587818063909,1.31421466896,-0.409640952266,0.914142308103,1.92775162835
12,6,2,4,-0.708472893837,0.841163702215,0.830798473834,-0.453868480636,0.591758233087,-0.492489311379,0.718206271609,0.858669916379,0.922905028046
12,6,3,4,-0.534439737532,-0.0342240394658,1.8257733612,-1.20860882922,0.241895041129,1.16040598031,-0.22830823685,0.187896263422,1.17386857486
12,6,4,4,-0.0349783430626,0.913930817707,1.51173202086,-0.439853397095,0.229766348444,0.29579279927,0.134718694783,0.876810788923,2.00040132755
12,7,1,4,-0.55077358384,-1.15469672822,-1.64864803154,-0.893390288281,1.28330684878,1.53014633506,-0.723040741833,1.56308828035,2.89277292589
12,7,2,4,0.57336431779,-0.321839469375,-2.62641460237,-1.60408228711,0.275622889156,1.99139080103,-2.11690573645,0.964799652794,3.3659479082
12,7,3,4,0.577938173936,-1.10224074739,-1.31232291244,-0.534730318953,0.722850363527,2.08145200826,-1.01478727061,0.797221997774,0.539098539027
12,7,4,4,0.0042038553915,-1.06191980917,-2.20605415931,-0.536324901058,0.392036373451,1.63123130332,-1.98413015496,1.31722059025,3.22822396819
12,8,1,3,2.2333408925,1.5311706824,-1.82688496893,-0.0587735935496,-1.04922231286,1.84419940951,-1.63492639483,0.933566450756,4.65330394003
12,8,2,3,1.87436830961,-0.00101717771889,-0.819308812985,0.271227786197,-1.48059951159,1.4246689195,-1.14128727074,0.926751489852,2.84747651417
12,8,3,3,1.13086440635,0.349212426812,-1.38195718578,0.110181189624,-0.809987530823,0.926058889535,-0.275435736574,0.187707782664,1.50557653464
12,9,1,2,0.129126862799,0.548193992113,0.113821201459,-1.51163752657,0.179637763498,0.835791233333,0.335920833279,1.10125954254,0.430579407388
12,9,2,2,0.172388622855,0.793499139288,0.264542910254,-1.60624677543,0.294332834487,0.365671341449,1.83573029868,1.06703314731,-0.0874280047632
12,10,1,2,2.14008295033,0.66529278472,-0.874288344303,0.72146971675,-0.944239290154,0.380287593894,-0.56436113993,-0.972391075979,-0.684473816211
12,10,2,2,1.72404256601,1.80059309464,-0.388919193842,0.0564908559203,-0.73967716266,0.142257043178,-0.875686326269,-0.174159917333,-0.20569227381
12,11,1,1,0.379015384977,0.450794332336,-0.88408516271,0.309500608999,0.420973784796,-1.0094072726,1.56121956288,0.706093669965,0.989301404482
12,12,1,1,-0.798984522302,-0.279957225018,1.48578541836,1.09560720894,-0.441602134232,0.0501358205973,0.692562446288,-0.863669784337,-1.20536652443
12,13,1,2,0.191350274624,-0.383395816349,1.06195825159,-0.991228869669,0.315569292083,-0.446242638552,0.438796521874,-1.52913620798,-1.97217611113
12,13,2,2,-0.293043553958,-1.42700582458,0.185977765179,-0.593476389985,1.38686231243,-1.22604702819,0.348708271824,-1.85753177732,-3.00817962876
12,14,1,2,0.0434709516998,0.349475625868,0.353622031541,0.0411931910226,0.274082145211,1.00868328483,1.00137097009,0.363601639416,1.00047002793
12,14,2,2,0.130538722679,-0.776646323135,0.28413734538,0.307682203449,-0.44358295448,1.33024028481,0.203673867714,-0.516700880948,-0.669589777753
12,15,1,1,-0.253351678644,0.969215719507,0.558098000666,0.0649176403351,-1.03502579681,0.138675708548,-1.71692745636,-1.29295016652,-1.69597365751
12,16,1,4,-0.68001402634,0.993694707288,1.31973921652,-0.551611527498,0.541647316405,0.756282808312,-0.722301908637,0.501884950784,-0.121670300102
12,16,2,4,-0.53520122079,0.736624477155,0.500522114607,0.421681597164,0.86522171265,0.587681334648,1.00363127308,1.26157170332,0.870744684551
12,16,3,4,-0.561384725334,0.981730853817,0.175488698077,0.196695097866,0.803731866327,0.0179838197207,0.857297782863,1.09454713988,0.569962470441
12,16,4,4,-0.91984666023,0.182919420481,0.159852694212,0.0476111767999,1.00652088483,1.14899131486,-0.313075984826,0.0989893910039,-0.411809683329
12,17,1,3,-1.11760062774,-0.282320541592,1.27791487798,-1.49988593984,-0.625176790727,0.551327679948,-0.57950429527,-1.3444553215,-1.33814448148
12,17,2,3,0.920034876318,-1.00901029964,1.42357849606,0.0757081262397,-0.887570792182,0.984571434102,-0.635582361074,-0.839772080111,0.459546379305
12,17,3,3,0.874923995317,0.36192502971,0.602757178592,0.0557911908234,0.251856526075,0.211060282995,-0.730071709979,0.891164079519,1.82688501047
12,18,1,3,0.646949624293,0.748533526846,-0.899825603869,-0.313043949849,-1.1496027091,-0.246822778785,-0.284144118755,0.292778806384,1.25026842911
12,18,2,3,-0.0953749351264,1.46126351041,-1.5165344461,-0.0252488548864,-0.30473102025,-0.0697989213945,-0.879978601182,-2.63678196675,-3.53052403378
12,18,3,3,-0.731252692256,0.405438153127,-1.39692040604,-0.167476904317,-0.957690881989,0.388374721842,0.609651582786,0.807808518079,0.878747639719
12,19,1,2,-0.651061580222,1.63763512692,0.966467291637,0.517701473945,0.584785661665,0.013570843691,0.159164058746,-0.118791978355,-0.712843716918
12,19,2,2,-0.66192447017,1.24268472736,0.859684465853,0.62701131813,0.224285915097,-0.237952671249,0.626791882463,-0.831238804247,-1.73045034812
12,20,1,4,-1.0544711353,0.95533467091,0.742686023749,0.457343439819,-0.888222578498,0.172371002184,0.0290888647551,-0.401611279473,-1.9377613773
12,20,2,4,0.244742714868,0.828713517131,0.684039570084,-0.843170034068,-0.370664537355,0.567481988196,-0.384933323338,1.38615536051,2.15674552275
12,20,3,4,-0.36998763994,0.88644136931,0.828589348835,-0.753400761195,-0.342689371854,0.306698243819,-0.473805806893,0.0194612054305,-0.448046210123
12,20,4,4,-0.526562686881,1.64605243491,1.61888772314,-0.890295015725,-0.862958575998,1.26992788548,-0.259556173176,1.66915644221,1.98830880061
12,21,1,1,-0.569210571241,-0.0284105890063,-0.840609949182,1.07011279287,0.189422009633,-0.862940850073,-0.0649062247508,-0.886915678809,-0.883251930589
12,22,1,4,0.265855981789,0.231961239107,-1.08431872488,0.313011711888,-0.768818978416,0.402441820019,-0.450637693602,0.929845065768,2.28741171807
12,22,2,4,0.075204715239,0.885669279027,-1.1987138216,0.635367691951,0.460579243816,0.00323176867258,-0.233879348849,-0.199652026269,1.5379169102
12,22,3,4,0.0049570336961,0.307015035028,-2.56081442765,0.397155232074,-0.511177129424,2.79878097219,-1.81767509301,0.0717005001807,2.59381230012
12,22,4,4,0.516339244731,1.14523048954,-2.67505209674,0.0982547058247,-1.1553329088,2.17885121156,-1.64626444359,0.689958764782,4.05787786396
12,23,1,3,0.332443424153,0.0333212558175,2.09176309768,0.550188243564,0.448096319157,3.71954006737,1.12301551052,1.47408527339,1.35221315518
12,23,2,3,0.537734340689,0.186328537355,1.83115656895,-0.918128134565,0.271777743732,2.33578322285,-0.40497953113,0.540416683094,1.7859077353
12,23,3,3,1.0894118178,0.793568402972,2.73586566912,-0.445393050371,-0.385336625286,4.44280188895,-0.520911123401,2.64130408064,4.78013186729
12,24,1,2,-0.772555498183,-0.160821901539,0.0997297688557,0.807448131798,-0.285624631325,0.744315482243,0.937485285558,1.12109784052,1.83228620996
12,24,2,2,-0.803668523987,0.388275069878,-0.181062167048,0.486638930688,-0.372525206885,-0.571650147769,0.441202269146,0.308447450966,0.0978100648907
12,25,1,3,-0.815612366906,2.04269353354,0.60628692267,-0.683408693119,0.502238362855,-1.15183221702,1.54235702407,-1.7460021262,-3.87316711757
12,25,2,3,-1.0815247174,1.26073080089,-0.534834666064,0.336701345387,-1.20116658938,-1.77575712469,0.671617555001,-2.01349860057,-4.03253980663
12,25,3,3,-0.931376270395,1.08316194868,0.121538688222,-0.827715313983,-0.842181635993,-1.77280484275,0.53481273592,-1.87148099858,-3.47290207923
12,26,1,2,0.680435043433,-0.30795849265,0.673978103156,0.0347825001981,-0.216529430138,0.913966028284,-1.15970132059,-0.617488626792,0.583179319556
12,26,2,2,0.779672612863,-0.502221806005,0.659761813362,-1.83445627069,-1.08672885629,0.584656658931,-1.76042937138,-2.04722569312,-1.1576813758
12,27,1,2,-0.509678690779,-1.12948991046,-1.71136380699,0.474533283755,0.489709605033,2.59334231005,0.471150781391,2.3369744354,2.71253703092
12,27,2,2,0.042367910198,-0.928576042044,-1.46340299977,0.750436953463,-0.685326883748,2.16454751454,0.234522322852,2.59264978556,4.15304943435
12,28,1,1,-1.94963764155,1.41950703096,-1.0793228365,0.42758511144,-0.1034800891,-2.01232782657,0.141048111146,-4.29658898163,-7.69410169184
12,29,1,4,-1.53662590022,-0.366385543318,-0.523937971251,0.816835123889,-1.64031740128,-1.17858979442,1.51840382508,-1.10203998341,-1.56901126823
12,29,2,4,-1.52808179634,-0.533860433506,-1.03713106892,0.614206529981,-2.33877298145,-0.111590788012,1.23464569687,-0.426609813,-1.00912883365
12,29,3,4,-0.504480658412,0.566928048568,-0.716873552123,0.892942552525,-1.30009399982,-0.812774350138,0.613918700096,-0.832755464344,0.0595219358446
12,29,4,4,-1.08291209495,-0.403493888625,-0.795399993399,0.597248087303,-0.747378838931,-0.241351322297,0.859143630071,-1.09991181239,-1.0521781333
12,30,1,1,-0.157340966337,0.0745170137111,1.10942354855,-0.933698539658,-0.16586678502,-1.12503225195,-1.50544587053,-1.27040860726,-1.51602889255
12,31,1,3,-0.98788556296,-0.0587043106299,-1.46097973327,0.858063052318,-0.783253573499,-0.458632617569,0.412869013998,-2.72350582391,-4.40315122351
12,31,2,3,-0.442224475121,0.523029499193,-0.68851140864,0.0275319925208,-1.12484895305,0.282374797239,0.211255538733,-2.44080487668,-4.84366444834
12,31,3,3,0.0106480770034,0.443385337438,-1.29167078826,0.475592643781,-0.156757706674,0.371398629883,-0.0841096879894,-0.914512124894,-2.42898745039
12,32,1,1,0.0513871396899,0.409281231902,0.120691862819,-0.0396517872738,-0.685978619229,-0.319340384527,0.698322612442,0.72852570895,1.28880097543
12,33,1,4,-0.802859128439,1.67995150717,1.46017194463,0.586730535028,-0.245657676109,-0.785938130741,-1.57967508107,-1.27943905588,-2.3081315808
12,33,2,4,0.149202403026,0.694796943665,1.86744323123,0.322597318362,-0.201491764781,0.354060092322,-0.967525336138,0.105789381892,0.790770059956
12,33,3,4,0.188242122619,1.39861679824,1.26127268061,0.102509486336,-1.20688293313,-0.252675230024,-2.15796948082,-0.763179245654,-1.06418713719
12,33,4,4,-1.01063487421,0.486742731777,1.78544265748,0.249578461391,-0.236415477792,1.00783663032,-1.32314172004,-0.87555127338,-1.09477963511
12,34,1,1,-0.947204812585,0.428199211594,-0.353245038633,-0.500964142301,-0.0295320475764,-1.0994941801,0.0770164047807,-1.88709502174,-3.51839617591
12,35,1,3,0.394998187786,0.623237702197,2.07652681414,-1.41167146883,0.684596789074,1.14753266181,-0.280300414089,-0.311481081006,0.166061283841
12,35,2,3,1.19837874609,0.162730066547,1.53287485393,-0.583721249894,-0.0994600827569,0.946838662134,-0.40424675806,-0.502466378892,0.122765545814
12,35,3,3,0.293601588786,0.323109817338,2.05969094245,-0.517472084215,2.00107705406,0.903795147161,0.183827409091,0.179986324705,-0.086042671128
13,1,1,1,0.439156834164,-0.907466917572,0.605722793595,0.295546540447,2.16518824456,-0.372771689035,-0.0420781016084,0.695054520548,2.41205078862
13,2,1,3,0.548630137007,-0.123841276267,0.0550687347369,1.68209733254,-0.629330226638,-0.495231849403,-0.517498101487,0.0734611297244,0.808220029888
13,2,2,3,1.05221416945,-0.306604675155,0.118768945344,0.72661259359,-0.0581874900159,0.767615480857,0.399851407285,1.91670233379,2.89383716726
13,2,3,3,0.550795181181,0.36603336281,-0.0792173234798,0.920951746331,0.900190269569,0.465042144089,-0.648425646416,2.01385693336,4.19065018987
13,3,1,2,-0.454244267707,-0.186143797002,1.83433022576,0.767124463337,1.80915500679,0.0598669996008,0.707025615551,-1.98527929392,-2.78826275921
13,3,2,2,-0.146951569356,-0.256637353031,1.27407082409,0.200298179817,0.962034731568,-0.386344364994,0.900345512202,-0.30960692707,0.345549222423
13,4,1,3,0.004048728181,-0.71290341484,-1.06833299397,0.238745007897,1.44917637064,0.147283920376,-0.885885436725,1.49158291136,2.38282378021
13,4,2,3,-0.448534497473,0.405023316289,-0.48054122622,-0.91172824457,0.946782959187,-0.689683017522,0.133709717135,0.502218087268,0.186446710991
13,4,3,3,0.547591524458,0.287695919967,-0.315158950812,-1.04231912721,0.821693113849,-0.049291224084,-0.758504281251,0.106115899938,1.54046262894
13,5,1,2,-0.0500609472054,0.222301826254,0.401543879152,-0.022440618871,0.155941409771,0.21242610102,-0.413758141138,0.161860652618,1.83598900429
13,5,2,2,-0.0722805372359,1.23306505173,0.847853801709,-0.440974667781,0.0637404794786,0.0869811681819,-1.31504532011,-0.531158805507,0.440792353212
13,6,1,4,-0.467550518454,0.0362839541011,1.55584660502,-0.352045942163,1.32020509141,-0.0609055382484,-0.466504221666,0.844567905439,3.05062536184
13,6,2,4,-0.336222307611,0.511013985282,0.717500170972,-0.526100491674,1.7040019653,-0.0690364448928,0.702284169532,1.30911786815,1.74252264373
13,6,3,4,-0.866809018946,-0.744388318194,0.821296444325,0.563788984152,1.09674287596,0.130798346231,-0.840044747757,0.110979701585,1.74311034722
13,6,4,4,-0.255598351043,0.478430422713,1.21348787875,-0.880736171778,1.21082948291,-0.139044434037,-0.342960241921,0.129734447991,0.821171558274
13,7,1,4,-0.126929311503,-0.174822574979,-0.995695555276,-2.10787215647,1.72636834399,0.959738658541,-0.909772336653,-0.705195166812,-0.337208603461
13,7,2,4,-0.832896351255,-1.04059667981,-1.06156127199,-0.935155266417,1.11658359544,1.03583497725,-0.63040623412,0.669938426436,1.78484608201
13,7,3,4,0.0655298569744,-0.152995709422,-0.213964706445,-1.47406608389,1.35974621466,-0.0479957225348,-1.5490719658,-0.66064219511,0.054354027922
13,7,4,4,-0.534718116351,-0.653374400876,-0.0220844743772,-1.80201115795,1.76927700653,-0.14212904446,-0.526502945577,-1.14251490954,-1.12949182884
13,8,1,2,-0.0988421279899,1.61930890217,0.639729086362,0.259485947264,0.250171388346,0.136154210512,0.75021812221,0.67721102671,0.931414558977
13,8,2,2,-0.303631121523,0.967092864365,-0.546677866805,0.367005210313,1.13964265208,-0.333484772501,0.209910692752,0.285322854168,0.177752421458
13,9,1,1,0.132800924274,0.169005849973,1.65838324211,-1.9714688838,1.31710644264,1.05065279134,0.896072596037,1.5711187137,2.58093692646
13,10,1,1,1.53534739575,0.0198024394105,0.016707879451,0.345032993108,0.741183182565,-0.106790000069,-0.397163671063,0.318837701107,0.381748118794
13,11,1,3,0.589916607735,-0.10743855055,-1.24981276167,1.07860648875,-0.21934851745,0.111696665992,1.21978456485,1.33008134991,2.26091412348
13,11,2,3,-0.32576543509,-0.0413376842661,-1.66679044423,-0.466803814582,0.238428143796,-1.09849747403,1.83327081466,-0.0735088553728,0.752584545712
13,11,3,3,-0.239921053683,-0.642023471201,-1.49598485149,0.976211957857,-1.06560678739,-0.820855775814,1.60397032198,1.03742450166,2.34959348825
13,12,1,3,0.153695379417,-1.42830729183,0.32756957768,-0.74945056211,0.926159965265,-0.0865269045914,0.10542934095,-0.642718306275,-0.290056277618
13,12,2,3,-0.437621063343,-1.50619069147,0.450009375368,-0.0473333263401,0.802486890811,-0.836967163371,0.190263593491,-1.67428157088,-0.970933756836
13,12,3,3,0.0108919315084,-0.682165697804,0.743890362346,0.0424037671748,0.639918258523,-1.23734992175,1.02882150001,-1.73273559186,-1.03352996045
13,13,1,1,0.0488268720733,-1.02302834111,0.160493996627,-0.981426061578,-0.366662100618,-0.784931851115,-1.00405488206,-1.85286225919,-0.864097380513
13,14,1,4,0.463295226689,0.0234975386512,1.37296946213,-0.409173652362,1.77230954682,0.364506572137,1.00571247487,0.0197237002211,0.821928729896
13,14,2,4,0.38000854808,-0.380135326632,0.15984799915,0.298059690806,1.10635916149,-0.180983223041,2.09761832624,-0.0122350275208,1.00575399989
13,14,3,4,-0.386913913915,0.0673830449896,0.407548386852,0.520027761768,0.0355877168213,-0.783285168145,1.16971850814,-0.76235882438,-0.146444360244
13,14,4,4,-0.566068149732,0.701262218084,0.70207120872,-0.354681508819,0.989791669841,-0.467334690865,1.35669270919,0.140984342681,0.519840128817
13,15,1,4,-0.45154704219,-0.533758681175,0.731893197344,-0.754356487513,-1.58903514367,0.735005361542,-1.52522558575,-0.94234289205,-0.37647921084
13,15,2,4,-0.398597525015,-0.506688856784,0.324540836629,-1.41235174114,0.1550631464,-0.649339070072,-2.73408720391,-2.6076161061,-2.54736685041
13,15,3,4,-0.686501894876,0.292915204953,0.726768409905,-0.795939377559,0.240183542606,-1.0109037688,-1.10238961442,-1.33073559609,-1.35350247232
13,15,4,4,0.445746523501,1.46920381354,0.751584694468,-0.58154218158,-0.174295341684,0.0584516490017,-2.60066933906,-1.33666693482,-0.568416490673
13,16,1,2,0.137031222336,-0.00805145092014,1.27727783625,0.582268987699,0.405679823083,0.0211944506075,-1.17927791335,0.300434575986,2.07799519172
13,16,2,2,0.311732967352,-0.491962589414,1.01650543087,-1.0372301213,0.603370499758,-0.0158211454666,-0.987840564448,0.111078661675,1.84549095773
13,17,1,2,-0.221134089888,0.549888067739,0.32199175279,-0.147264490491,0.344504048588,-1.16994293386,-0.14399857178,-0.504412118408,-0.745137565579
13,17,2,2,1.40741910315,0.306284272422,0.50441923007,-0.777625536205,0.643315877996,-0.45741057826,-1.14168178278,-0.749615841994,0.231027345504
13,18,1,4,-0.325040227946,0.559505902438,-0.233350597615,0.0192537039583,0.365642570554,-1.21782818538,0.388375928509,-0.293196161175,0.559014657384
13,18,2,4,-0.407223868781,0.579038185666,-0.662085612758,-0.656285006741,0.793201823719,-1.37548024371,0.652821767771,-0.0969233829798,0.054101124308
13,18,3,4,-0.0827199906748,0.541981668382,-0.811713168132,-0.177384617367,0.629468208487,-1.18874545859,0.293839292559,0.523700833632,1.68701919537
13,18,4,4,0.368740045522,0.0827272151105,0.0505063396511,-0.706038442748,0.92367870173,-0.51958976625,-0.268226170039,-0.807643277804,-0.509497279208
13,19,1,3,-1.25332778885,1.17307364269,2.05500406814,0.864393529384,1.13168736683,0.288907285573,0.968499236075,1.85502110032,2.43296332501
13,19,2,3,-0.358830367534,1.62111684558,1.90145546588,0.942217151326,0.834099936192,0.213953852023,-0.0971803324831,0.785008712161,1.11236912094
13,19,3,3,-0.681100701618,0.788783368389,1.97139734327,-0.0909574827982,1.09796804611,0.728036613855,-0.306887683577,1.32899160032,2.3421459805
13,20,1,2,-1.76495210584,-0.244026365565,2.279506221,0.407275488108,0.602752789045,1.42158528076,-0.467364375926,-0.988909138669,-0.377136302053
13,20,2,2,-1.41846213022,0.428062851932,1.39445823415,1.25659065456,1.37088270985,0.897334652244,1.47317979681,-0.190538932199,-1.12495328694
13,21,1,3,-1.13101229169,-0.923077278161,0.473958336959,1.59081787217,0.568657396464,-1.1399316807,1.01014207118,-0.933282104546,-1.50354253202
13,21,2,3,-0.964649284245,-0.729760115113,0.950309296603,1.9506240419,-0.01314826155,-1.10558158849,1.73911959028,-1.38513870893,-1.54299907882
13,21,3,3,-1.42076717114,-0.554762929815,-0.0223330874789,1.44513265532,0.21363959749,-0.572343783091,0.0355832091508,-0.303225777688,-0.387762373494
13,22,1,1,0.614948305071,1.09434401997,-0.48952514659,-0.153099411689,-0.315460056824,-0.941915059927,-0.466250908193,-0.490618277611,-0.418088829431
13,23,1,2,-0.437063064392,-1.74712828022,1.61927443505,0.066742109879,-0.3376199495,1.41622268079,-0.274165651212,-1.309323809,0.500962636645
13,23,2,2,-0.00671509486701,-0.896480898685,1.63141452085,-0.646731857058,0.13928426157,1.41361758269,-1.3198139032,-0.162732875701,1.85192855285
13,24,1,3,-0.0957182884572,-0.299369935308,-0.967122657285,-0.0270078224641,0.489178375326,-0.419361560599,-0.156538631515,-0.0382935972409,0.493621691318
13,24,2,3,0.200703092473,0.0489906458794,-1.09749414307,-0.44440591671,0.823070486921,-0.36471047374,-0.326452433612,0.361436745599,0.811576783693
13,24,3,3,0.670410414732,-1.05047403422,-0.88836390938,-0.208301077987,0.243278602391,0.250253997693,-1.12189241194,0.195032833755,1.33143841748
13,25,1,2,0.330047988971,0.962821262554,0.342516708002,0.429713315829,0.149254967905,-0.168716297258,-0.18215089962,0.767468491607,2.19774462119
13,25,2,2,-0.28113488366,1.38124379838,1.46272286955,1.09784246327,-0.179654590326,-0.267518022183,0.397458592024,-0.436707325875,0.495018696964
13,26,1,1,-0.272217833246,-0.799661077621,0.43906077599,-0.771248320995,-0.639376825745,-0.461966083748,0.918650985539,-1.07675630148,-1.17854048368
13,27,1,4,0.383255754579,-0.531905838923,1.22857779145,-1.99680924676,1.26356971438,-0.125788241197,-1.20068900292,-0.297912990444,0.73205525798
13,27,2,4,0.462827639173,-0.00516572335907,1.51987025452,-2.27272715203,1.80054097643,0.0833791580489,-1.29916086255,1.31120376608,2.58612463666
13,27,3,4,-0.708467725303,1.12000068461,1.27383865588,-1.11740723302,1.10784964473,0.401848417427,-1.50621862257,0.804303691121,0.948318386647
13,27,4,4,-0.444808589538,0.779488913696,1.22888612324,-2.10162282216,0.610311786512,-0.696523097106,-0.949691326392,1.05925538855,2.6964426906
13,28,1,2,-1.48689276467,-0.168449629783,0.346247400217,-0.827265305244,0.117110364344,-0.0388208194068,-0.469257854535,-1.20769727174,-1.09544491064
13,28,2,2,-1.12356519102,0.1508776461,0.471186018336,-0.570138439326,0.791492904832,-0.380876587658,-0.146731410943,-0.999891367958,-0.343628772311
13,29,1,3,-0.455120766475,-0.869222502066,-0.124580092788,-0.617618890676,0.992901552695,1.00095724698,0.638967677348,0.832888438158,1.6405095142
13,29,2,3,-0.505714932931,-0.675309256176,0.268946635724,0.955511573478,-0.378812375834,0.527354556677,1.44133453657,-0.328131876074,-0.812340586598
13,29,3,3,-0.02204336251,-1.02737959426,0.0725514816631,-0.0509468946777,0.544000757364,1.55296638735,1.29990827699,0.788413996504,0.972791869837
13,30,1,2,-0.500228430249,-0.889201023975,0.894036454779,-0.628234720561,0.500184019979,-1.07587448549,0.855943405483,0.738697077789,1.95702079299
13,30,2,2,-0.698485408251,-1.50780354935,0.289647854629,0.405011997929,0.905699747656,-1.75565193427,0.936963171607,-0.405471482155,0.0716780143095
13,31,1,1,-2.11063823381,-0.432211251957,-1.63721591021,0.224925740356,-0.730602395688,-3.05958435737,1.63481185063,-3.93460187133,-6.13000000136
13,32,1,3,-0.657178545216,-0.120020349907,0.208920794665,-1.14919335925,0.486539517484,-1.83943990878,-1.04899925282,-2.28387991887,-2.45653221373
13,32,2,3,-1.72299986679,0.237427891512,0.511823197412,-0.230477819353,0.708438812613,-1.66371731107,-0.218086714252,-1.36164451641,-1.71073386227
13,32,3,3,-0.554337122428,0.0293994582706,0.318514196705,0.297821325397,0.414794189139,-0.597552003544,0.310238349626,-0.182691939352,-0.551842270777
13,33,1,3,-0.252835358551,0.451305337722,0.888289802301,0.609585850724,-0.187869467777,-1.63382649024,-0.770144894318,-2.10272678385,-2.58754993016
13,33,2,3,-0.0814558248365,0.553121220841,1.56436024954,0.201061973488,-0.408851372075,-1.55833726249,-0.571901714681,-1.50607464205,-1.0671674191
13,33,3,3,-0.732139857443,0.909188127537,0.829647431007,0.176713890998,-0.858529098139,-1.27323479698,-0.58265933943,-2.24409374882,-3.39226630357
13,34,1,2,-1.0119901048,-1.31851081996,0.217719429257,-1.01157528088,-0.821186101153,-0.617410824635,-0.76542454182,-1.29867818721,-0.505469945106
13,34,2,2,-0.635508192942,-1.38260942152,1.12187936546,-0.146979821523,0.295105064896,0.362630178679,-1.10683876705,-0.132250301676,1.07929485187
13,35,1,3,0.0715989911254,0.482263387345,1.6531972669,-0.184443398639,0.293367097284,-0.872694200189,-0.559428616285,0.0910842651785,0.943629183436
13,35,2,3,0.0195108257975,0.310226480456,1.58742819581,-0.0112854752295,-0.907009201073,-0.688714152386,-1.01430081765,-0.542047209149,-0.108415338043
13,35,3,3,0.5613969538,-1.63695458599,2.73472110253,-0.406308588909,-0.0864944318862,1.35272084226,-1.09574485427,-0.272671046856,2.54862338962
14,1,1,3,1.53956534941,1.0116088911,-0.223900986883,-0.0221142370892,1.70963764438,-0.363373141419,1.99173301539,1.9972386226,1.66699428728
14,1,2,3,1.74021825736,0.353591620255,-0.56934555235,0.172746043562,1.62954413915,0.814586556751,1.7315642929,2.49921905046,2.89908535932
14,1,3,3,0.987601560795,1.18591150143,-0.902260362841,-0.19646333477,2.39234105619,0.763854690446,2.65047887444,1.7213200072,0.299510377901
14,2,1,1,1.31391596429,0.235312300453,-0.174725427311,0.720290263241,0.14222932416,1.16162120056,-0.396495356311,1.18096401523,1.52561207942
14,3,1,3,-1.18478536566,-0.356446938106,1.2820899703,1.18567733027,0.420049416499,-0.968991319491,1.12164508274,-0.704473036343,-1.14400201566
14,3,2,3,-1.04764852475,-0.752878760586,1.03385584107,1.54366743026,0.178420069636,-0.233484958513,2.25430683446,-0.763111881276,-0.475872132769
14,3,3,3,0.465292251488,0.614139025577,1.90654181293,0.986490202751,0.548190166381,0.457628537204,0.915962455289,1.60677533577,2.47199558912
14,4,1,1,0.31156573319,0.0615880377189,0.141893978948,-0.642941738694,0.764199866773,1.14955465393,0.174940464266,1.70120785959,2.43680586184
14,5,1,3,0.0736500939972,0.051213580994,-0.878925104025,0.945596007809,0.682322529794,0.411207688738,1.2867244361,0.107675044197,0.35468229235
14,5,2,3,0.739139541448,1.02129245139,-0.000548565910733,0.249574179384,0.400991739894,0.737971279965,0.154303372936,0.557913728187,0.780775798308
14,5,3,3,0.429896428557,1.54022490077,-0.44781561517,0.23650391167,0.342249392182,-1.15712742366,0.76044189765,-0.105190171245,0.0917105589709
14,6,1,1,-0.439353027291,-0.321203408514,0.935010384408,0.103398351152,-0.301603013717,0.810051268029,1.51142452256,1.52883325748,2.01217595122
14,7,1,3,-1.12071593691,-0.184909158862,-1.58749573191,-1.04013898838,1.04814243253,1.07351175851,0.0576579372435,-0.527730244328,-1.36917909752
14,7,2,3,-0.997287956213,-0.118355466051,-1.41217666144,-0.5090441929,1.54687790865,0.75565366991,0.262924663731,-0.00368919406392,-1.13836956027
14,7,3,3,-0.33561100254,-0.109336371359,-1.25583577112,-0.460132381792,2.40940644673,0.164761623412,0.256349789606,-0.537186563518,-1.90662822217
14,8,1,3,1.20638396093,0.741632356785,-1.52695410062,-0.899780234444,0.0472133865891,1.21727932658,0.628471885173,0.283303158489,2.50793255565
14,8,2,3,1.62752234397,0.316769409451,-1.3904028002,-0.276475489597,0.651559093528,1.84403155158,-0.322747496683,1.54748575969,3.65337279394
14,8,3,3,1.79877841908,1.01325605367,-1.74119097494,-0.0584973268664,-0.608317098927,2.21283578006,-0.12983807139,1.12402303242,3.68490656942
14,9,1,1,0.622769115813,0.364304907093,-0.176232538581,-0.749587210358,0.404441583814,0.0755197463099,0.904740646084,0.283554134228,0.674773463695
14,10,1,1,1.04377483429,0.447162122254,-0.91365110453,0.181392187915,0.157816026906,-0.59642406538,0.798970500232,-0.0440494683008,-0.198957017212
14,11,1,2,-0.419442193867,0.308813307426,-0.928447164502,-0.629511325921,1.22044648721,-0.341864756176,1.26819938081,1.53535343994,1.81556734209
14,11,2,2,-0.680954730473,-0.12525484324,-0.928686090685,0.648341238603,2.47305863557,-0.497687016137,1.47813945815,1.53850617181,1.60080883764
14,12,1,2,-0.0648581081609,-1.39084825849,0.756700699014,-0.0726936018206,-0.277501676703,0.544664865658,2.36606812063,1.31461264319,2.45941377648
14,12,2,2,-0.880563950901,-1.47565217969,0.751623710605,0.292969509071,0.118614388472,0.407706718873,2.25865804189,1.75456360009,2.7137031205
14,13,1,2,-0.576925650252,0.0643371971399,0.351013445306,-1.45649285711,0.290683127467,0.119561468771,1.01892747658,-0.309879415389,-0.940534888238
14,13,2,2,0.0891047811772,0.778954739696,0.488739618848,-1.90946724228,-0.526859954533,0.366002931255,0.695942832124,-0.469111189481,-0.150670913955
14,14,1,1,-0.711112334594,-0.105003458681,0.387986191062,-1.07923388652,0.901150016379,-0.0290476723536,2.2205937304,-0.706227350479,-2.37613706069
14,15,1,2,0.460925261537,1.94710742371,1.39332023764,-1.49217210344,0.120044909836,0.712252310244,-1.70759891291,-0.198578291302,-1.33698192525
14,15,2,2,0.17260958168,0.362908582347,0.770993115118,-1.56445073199,-0.678101570349,1.08112709559,-0.914015300021,-0.838448799718,-1.7982558962
14,16,1,3,0.615994935824,1.05528020412,0.555906037533,-0.636579311941,0.827601614925,1.55361639335,0.944191039423,1.0631698141,1.25882732265
14,16,2,3,0.69761107849,1.44420446325,-0.14146935461,-0.545444110974,1.61487140947,-0.192648281483,1.47806969495,0.388639428434,-0.674179809183
14,16,3,3,0.595533515407,1.46914544663,0.222808884511,-0.551151839406,0.653897726174,-0.250690718342,1.68930529052,0.572461205867,0.769585105415
14,17,1,4,0.0146995962127,-0.774474398542,-0.219373986335,-1.45069983149,0.563028978165,-0.306712787887,0.185733676095,0.366889299467,-0.336092433634
14,17,2,4,-0.335277734526,0.25932920243,0.244835885979,-0.85091545409,-0.610873764261,-0.0984214994175,-0.0414158480726,-0.318910617443,-1.47021653629
14,17,3,4,-0.576451276555,-0.34401016031,0.691514052007,-2.17722730696,0.537011906391,0.358249078545,-0.0814225764751,-0.752998369532,-1.63931003116
14,17,4,4,0.500304736793,0.0886086615247,0.308891477678,-1.11173976136,0.753874463768,0.0718641614189,0.697604796683,0.479243021969,-0.686073372702
14,18,1,1,-0.104488105085,1.34519428366,-1.02767281155,-0.861694815813,-1.03747169878,1.03377944786,1.84299056249,-0.301282286271,-0.78540299673
14,19,1,2,-0.486093252864,1.38730861937,-0.20773281079,0.702768321113,0.670259927192,-0.266317322779,2.49458503618,0.967983103715,0.738596081395
14,19,2,2,0.0289335391942,2.74583428162,-0.156390203059,0.721730106103,0.936230909789,-0.160084111641,1.63161970061,1.39591057256,1.59233913576
14,20,1,1,-1.63543264533,0.920551791118,0.830222177783,0.0708379586177,-0.994892076656,-0.92026533384,1.95597266028,-0.354456798848,-3.27277128003
14,21,1,2,0.292309632409,0.15103243024,-0.902880501391,1.23212367103,0.728076709819,0.903518958761,0.697998434921,0.117585062662,-0.384557047517
14,21,2,2,0.0545461326148,0.10025645981,-0.838597353046,-0.615098765212,1.71944855311,0.505028015813,0.0372073712197,0.74347199973,0.586960590656
14,22,1,3,0.595932657387,-0.118243316911,-0.942065397555,0.151517962256,0.0973649116956,-0.974889538722,-0.595757187245,-0.608220288137,-0.295634904326
14,22,2,3,1.21127180052,-0.808322939187,-0.599493645069,0.0673296459241,-1.10934659552,0.246512616226,0.909988629841,2.06363972223,2.96678812538
14,22,3,3,1.58208891766,0.39706523608,-0.1102349264,0.010154483559,-0.814197920726,-0.641414265514,-0.19968168979,0.201049736358,1.0392358013
14,23,1,3,-0.270678072297,-0.620974553952,0.634002119811,0.414168666709,-0.722814688271,1.58404004924,1.75876514542,1.32342138156,1.59061672773
14,23,2,3,-0.085305748896,-0.925540602147,0.39488481676,0.563274216623,-0.520217190721,1.03143430755,1.69516022376,2.08099211568,3.22076977591
14,23,3,3,-0.630886873098,-0.365914607907,1.56856800298,0.262254874674,-1.23574764135,-0.27235572517,1.55055403207,0.60978381781,1.3475012021
14,24,1,4,0.0206025111457,1.43159568302,-0.23253096022,-0.0634231571548,-0.790464326448,0.954970609009,1.5321736518,2.79556872112,3.31159155335
14,24,2,4,-0.862794971256,0.00998732459385,-0.171461946989,0.212944643906,0.681297772969,1.11251727325,1.75753433977,2.13627259136,2.09500724437
14,24,3,4,0.679082741596,1.38162421461,-0.22338450262,0.0639862692188,0.110543017591,0.9779555039,1.3499049289,1.53504624037,2.03521391214
14,24,4,4,-0.666975768486,1.74055038658,0.277399413046,0.879955973012,-0.257340254154,0.560765218544,1.28171243035,2.02816987142,1.48091575345
14,25,1,4,-1.09188552372,2.37317136633,0.0925763296367,-0.245008454437,0.61470564872,-0.842553662011,1.3506825939,-1.63810574168,-2.69294085749
14,25,2,4,-1.22741165109,1.16054034404,0.0801857875494,0.324901981721,0.277109059219,0.0573440768724,1.79405041357,-0.471487893305,-1.3609937923
14,25,3,4,-0.921859407429,1.47297293263,0.172779770501,0.347310401033,0.161950737736,1.1573435448,1.9861968198,0.195360587289,0.108689027989
14,25,4,4,-0.562651515603,2.08966957727,-0.293937918163,0.668315483481,0.126172375915,-0.317370902434,1.59704036413,-0.544931572178,-0.637850890481
14,26,1,3,-0.726830117258,0.0656000796639,-0.391557967382,0.585336333109,-0.941975248042,0.801764296319,0.100319209865,0.342406123756,-0.147918187846
14,26,2,3,0.26585423691,-0.222747850714,-0.78241802665,0.434521960983,-1.02836913685,1.05688115723,0.369887691675,0.240640480819,0.2331420701
14,26,3,3,-0.307595970541,0.0818166705696,-1.45073611177,-0.262157239043,-1.66965685942,0.516990798687,-0.211771375848,-0.668221221148,0.0463848936096
14,27,1,4,0.580220448889,0.456590901518,0.318041109582,-1.00990988394,0.936163747441,0.416898312971,0.59787515467,0.749776914241,0.983755065586
14,27,2,4,1.39205341643,0.700609386636,-0.523330232681,-1.29041389209,2.02649961265,1.06359179877,-0.678960100648,0.459111947124,0.204021884905
14,27,3,4,1.48697248684,2.30956371566,0.923937685506,-0.781704963781,1.36488332871,1.27249080926,0.920368697827,3.07928543377,4.23359540951
14,27,4,4,0.814738783334,0.43209125125,-0.108431795323,-1.59049403155,0.735405654773,1.29731920166,-0.686672010632,0.253775786996,-0.212395205721
14,28,1,4,-2.35257217803,-1.01032744933,-0.411984068132,0.245903353284,-1.3316213874,0.432284920289,1.27615606007,-0.918983964048,-2.84538507802
14,28,2,4,-0.680020716846,-1.12812116173,0.0650374115616,0.237021551884,-0.998637028728,0.76670893201,-0.594143991836,-1.35795445997,-2.04494593399
14,28,3,4,-1.73902936578,-0.855936239144,-0.582091867041,0.0172842019866,-1.11374438426,0.0418999491574,0.828620580816,-2.04213769728,-3.30989259326
14,28,4,4,-1.80406566631,0.191624257938,-0.393833808133,-0.154689104225,-1.43893838691,-0.0688773084361,0.446934917576,-1.11203053592,-2.88602529932
14,29,1,2,-0.96549808186,0.492710946451,-1.42282203747,-0.476376036444,-0.911416683853,-2.06988608451,0.607565123453,-2.43633873384,-2.82967118045
14,29,2,2,-0.619047182697,1.29903676424,-1.89044393366,-0.800961840119,0.217847145742,-1.3983330046,1.04383936761,-2.61483878291,-3.38032336397
14,30,1,3,0.111352853535,0.101203524524,-0.732477651302,0.366406479693,-0.0216833746081,0.148464791422,1.54325989742,1.2436572664,1.50396105161
14,30,2,3,-1.59056876625,0.184061797308,0.0452051324234,1.34094023034,1.00058081012,-1.36156142477,2.34556891367,-0.0862042142846,-0.661675348255
14,30,3,3,-0.394692026556,1.35965945379,-0.340605582021,0.259195716036,0.751209908626,-0.985406526713,1.57615195297,0.532306379869,0.0400898982523
14,31,1,1,-1.06754942272,1.02241209617,-0.994982651032,0.786973628571,0.45672299237,0.334566969464,1.8596683236,-2.45329307132,-6.07580941946
14,32,1,1,-1.00987019099,1.08645465916,0.551024202598,-1.40480810055,0.779028936108,-0.445558473303,0.267870690036,-1.36408827172,-1.92690992709
14,33,1,2,-0.23469425945,0.340569545556,0.469888276649,-0.511603713359,0.918153065158,0.564188769342,1.54010868995,1.50439619351,1.2981496569
14,33,2,2,-0.399877685295,-0.364430254386,1.72169772392,-0.541527860551,0.193557261108,0.539870065498,1.48680717148,0.286354462232,0.460209478013
14,34,1,4,-0.194232010114,0.411474010221,-0.337393410137,0.808492409588,-0.197193804797,-0.144749380429,1.67950367146,-0.524428400683,-1.7918035265
14,34,2,4,0.440437960349,-0.385114452471,0.0240713612544,0.872619527884,0.00104625447116,0.356504939796,1.9933934603,1.11804330204,0.906984609752
14,34,3,4,-0.34050140641,0.591105845126,-0.33056617372,0.573530279765,0.343540495929,-0.689876232225,1.0798115513,-0.446612435896,-1.5958566159
14,34,4,4,0.36897603205,-0.856684487704,-0.0540476458689,0.629456581447,-0.449914995956,0.471734801732,1.57454763039,1.23333995299,1.82485954773
14,35,1,1,-1.4939300105,-0.227237981314,0.255583748355,-0.789761065308,1.64024039115,0.0675447463369,0.624596537463,-0.330240438445,-2.31955009124
15,1,1,1,-1.08155746951,-1.04396016924,-0.972185030103,-1.40649833823,0.766406356157,1.47267456706,-0.0654408988566,0.278314099967,0.224352855257
15,2,1,4,1.00536963442,0.444959363282,-0.773356316003,0.319819495484,0.626968642745,1.08572122724,-2.01169477625,0.525323294024,1.56802379384
15,2,2,4,1.73843558523,1.08224661726,-1.60245922574,0.877606453603,0.0440787759442,1.91366980853,-2.06176173304,1.16064344292,3.18556997591
15,2,3,4,1.10579560964,0.952175556449,-1.07389458463,0.513867461438,-0.426305497535,0.842980073092,-1.54699135112,0.753230829249,2.29002945986
15,2,4,4,1.58009045176,0.877061343965,-1.10624462062,-1.03392863531,0.126142370931,2.46906717349,-3.04550463586,0.461717481719,1.97872643635
15,3,1,4,0.209819496466,-1.32455793287,-1.16023676783,-1.84576144101,1.23574360098,1.8673805935,-1.34300594865,0.165960889839,-0.00795732807437
15,3,2,4,-0.690666267785,-0.484416262411,-1.18907604985,-1.71399832519,1.27388749369,1.59463237624,-1.07483420929,-0.532481189118,-0.818171457793
15,3,3,4,-1.45474346398,-0.711639173076,-0.850734114953,-1.36345995403,-0.0424017164539,1.42019021414,-0.218273313891,-0.352158740613,-0.168789509955
15,3,4,4,-0.302023163087,-1.68147336902,-0.985359333634,-0.693944658409,1.25814951307,1.46547551512,-0.692745783138,0.824687366654,1.63259329101
15,4,1,2,-0.0756929253596,0.623900233996,-2.23813134774,-0.110178158375,1.391690273,3.1345619697,1.33489921858,2.65906133842,2.70658909359
15,4,2,2,0.417782461144,0.0139548812456,-2.26969642512,-0.565571949124,0.26043350367,3.89095329768,1.33668129469,2.87082165251,3.23612225972
15,5,1,3,0.115645472533,-1.916983933,-0.951772772264,0.0546398297642,-0.267285764877,3.15831522042,0.306895195511,2.03996426247,3.10211235902
15,5,2,3,0.649177516717,-0.644802547623,-1.36133951871,-0.304681372179,-0.0869243853864,2.57897718182,0.407461082831,1.86801386531,2.67531683415
15,5,3,3,0.218949002875,-0.0831512892138,0.344405020168,-0.0878942534902,-0.176439324897,2.53169415889,0.305691123606,2.24860625781,2.62342768287
15,6,1,2,-0.577098933021,-0.370334741866,0.382919858463,-0.669944211068,0.129025040436,1.34386941255,-0.331683496071,1.91320655644,2.85023522979
15,6,2,2,-0.739207956862,0.589140763578,0.814671391966,-2.20459242863,-0.492692964533,1.16923886872,-1.71285973697,-0.732836148744,-1.86438595559
15,7,1,3,-0.441262153573,-0.991145959214,-2.47032201604,-0.0702036809061,0.49735890363,2.69684892021,-0.96964982236,1.96726026511,3.92981692947
15,7,2,3,-0.255251294529,-1.07502218628,-1.7386015537,-1.09176805929,-0.362441178667,0.509966145914,-1.51252674833,0.513541143232,2.2981542649
15,7,3,3,-0.217670106688,-1.14060843776,-2.58588866903,0.335644605793,-0.27107817819,2.03336253935,-0.967885896442,1.27708262709,2.19204690749
15,8,1,1,1.58381655213,0.616973601285,-2.78117599513,-1.62305310317,-0.440326192271,3.86226538315,-2.18156702218,0.869044976346,3.62707358386
15,9,1,2,0.774401117293,-0.783431085322,-1.28724022394,-3.06359464055,0.247385268542,1.72326215861,-1.09327538263,-1.84130521831,-2.42519933563
15,9,2,2,0.699661372562,0.224777017526,-0.259357994587,-2.61147621791,-0.202133348856,1.66205709918,0.359395724719,0.449576458179,0.0585756049093
15,10,1,1,0.557553903165,0.00527956610093,-2.17621049928,-0.29774087056,-0.859449336958,1.88541538742,-3.34623319794,-0.68444028773,-0.395633512305
15,11,1,3,-0.763178556279,-1.42333915026,-2.66789428872,0.485629481104,-0.132846906138,3.87153157184,-0.126359063586,3.15234701855,5.46897691708
15,11,2,3,-0.72845531976,0.307160260146,-3.13566115601,-0.328325370934,-0.832685883388,2.82735393043,-0.807104897148,0.528204412331,1.8650101357
15,11,3,3,-0.41797264551,-0.00843871049207,-3.04105052048,0.0125633071622,-0.991286246077,3.37959320066,-0.504345250287,1.04633019969,2.37075386944
15,12,1,3,-0.912430209994,-1.210260002,-0.118911366204,0.86228325994,-0.317106499746,1.30307879582,0.787594469253,1.96129313429,1.68848079122
15,12,2,3,-1.46418823864,-1.66981026614,-1.50592372306,0.555505999541,-0.64818596766,1.45213546638,-0.0615915445091,1.58278665361,3.24783011724
15,12,3,3,-1.00591450958,-0.157072684389,-0.308512601735,-0.120788814361,-0.225375864525,0.880291882221,-0.0680418762537,0.941059303027,-0.27876361022
15,13,1,3,-0.0782870129522,-1.53946539577,-0.815188572284,-1.10261455354,0.259689503605,0.719052916615,1.36551951539,1.76198848186,2.66088093409
15,13,2,3,0.386550568713,-1.25220538742,-0.438657678479,-1.7535156462,1.55039163288,1.18301408874,-1.65508431657,0.198017917666,1.05010133785
15,13,3,3,0.0311104315803,-0.728177747638,0.150674997732,-1.15475319532,0.380521591673,0.553275662016,0.682852212421,0.948202417001,1.40901211821
15,14,1,4,-0.212648318341,-1.16158520977,-0.600862764403,-0.397087987298,0.0641356242691,1.80421029412,1.18215012044,2.43199549757,2.80152664587
15,14,2,4,-0.706801108835,-0.950791147501,-1.45867817639,-0.884474983053,-0.374266041018,1.15925334245,1.15887521423,1.66555504538,2.37200923129
15,14,3,4,-0.50730193257,-1.34493901632,-0.56667513272,-0.205546928933,-0.609640393101,1.76761871661,1.35246554217,2.42706385235,2.77645443766
15,14,4,4,1.10179310591,-0.448551749618,-0.0600019888216,-0.0320750041279,-0.140194181443,0.91454001479,1.13394453695,2.58195238429,3.25407420394
15,15,1,1,-1.02129904073,-0.719660005121,-0.20931183838,-1.36137704981,0.512508678001,1.4634616702,-1.24437106986,0.0269665623897,-0.53208687655
15,16,1,4,-1.01752746583,-0.74100143901,0.0966263960245,-0.466732327213,-0.0749524933408,2.35165707223,0.419408183313,1.58060185057,2.0720566743
15,16,2,4,-0.218233108996,0.349193575366,-0.0445157713977,-1.15181216009,0.154235326645,2.31989927111,0.540252854845,2.16478463233,2.7765705209
15,16,3,4,-0.714856085061,-0.855044434028,-1.39328805222,0.0228847282829,0.684893634964,3.59393686853,0.816514190927,3.35540764565,4.22081346323
15,16,4,4,0.376897464205,-0.0419431051895,0.827507991472,0.448296048042,1.26808774428,3.86509168425,0.550093013763,3.99016467271,5.04698368514
15,17,1,2,-0.325201694341,-0.897881692621,0.201123337924,-0.246939178596,0.105024053729,1.07214709804,0.0782440777972,1.27619130986,2.0835663571
15,17,2,2,-1.79687737968,-1.80258915209,0.784173712487,-0.0106064768353,-0.357006590793,0.609313328429,-0.0857211846931,0.426820592127,1.6481582541
15,18,1,2,-0.38057960046,0.0128296748693,-0.865601446561,-1.34420223577,-1.2389718655,0.629577757281,0.818870868735,0.574388303992,0.847373098093
15,18,2,2,-0.242504241956,0.577330650295,-1.83168854756,-0.546507073645,-1.40525582964,2.26894718279,-0.0688663358023,1.19972499995,1.94034611387
15,19,1,1,-0.534775035167,0.511619718123,-0.32133556235,-0.225708101466,1.0420704088,0.539221826723,-1.10575739207,-1.42572472633,-3.55206407285
15,20,1,1,-0.696860233805,1.09343220356,-0.472089446334,-0.441645154348,0.582770992896,2.00801090562,-0.732318008132,-0.950771958585,-2.61158200486
15,21,1,2,-1.77391435539,-2.30949663146,-1.8767378925,-0.445678897362,0.312195540561,1.21641490503,-1.9923879179,1.17017073771,2.64274881843
15,21,2,2,-3.24796590712,-1.27302545778,-0.435833616115,-0.388611786337,0.601178430673,0.131542321965,-1.67461012583,-1.36546536058,-2.56083144031
15,22,1,3,0.371485236925,-0.727224644691,-1.68029788792,-0.347139065024,-1.08497579912,2.31730919951,-2.04975505191,2.48909610588,4.34466452024
15,22,2,3,-0.137504942613,-0.396663529075,-1.74446865896,-0.261876975271,-1.39241645285,2.52680124798,-1.05533026689,2.59398529164,4.32984611528
15,22,3,3,0.107285836141,-0.790907466321,-2.09409711716,0.461818482967,-1.99591384274,2.68237814285,-2.04754470987,1.02908765781,2.37267574182
15,23,1,3,0.603734511755,0.636633083975,-0.78158299375,-0.261236920706,-0.367939123842,1.54011195869,-0.259967226498,1.36599546646,1.65402804936
15,23,2,3,0.580889025508,-0.340206646386,-1.47754428746,-0.668511128245,-1.16163237233,2.61230184658,0.00899426059214,1.26212356281,1.65910451083
15,23,3,3,-0.383757628491,-0.335436319431,-1.22624851442,-0.867294764326,-0.407718228514,2.21593256315,0.405353158347,1.72574143739,3.28992517092
15,24,1,4,0.0308484584635,-0.266812647749,-2.28027315258,1.60814326482,0.271297453827,3.1123649038,-1.37749167491,0.939119913873,2.48388778304
15,24,2,4,0.49617751687,0.152224286262,-1.75480505231,1.06314695582,0.685597509279,2.64817934018,-0.481030054903,1.64367963173,2.54321400105
15,24,3,4,0.695433795633,1.02414949812,-1.51850840335,1.07332384632,0.439421801572,2.38467129426,0.622867595285,-0.356083514733,-0.911857996683
15,24,4,4,0.47001580835,-0.377900468129,-1.29145445059,-0.540833320465,0.458510522117,1.41191682845,-1.38944015728,0.654491548651,1.73009384057
15,25,1,1,1.40470254697,0.894632518481,-0.9690372167,0.230463502368,-0.715374500419,2.35453294043,0.580643357424,1.96924711883,3.42014612932
15,26,1,4,-1.10286629843,-0.703209266727,-2.10513165923,-1.13631929447,-0.620504557063,2.98770403662,-1.69810555334,0.28453881548,1.19871405199
15,26,2,4,-1.1602677449,0.130458030032,-2.63918664917,-0.416014294993,-0.375054870024,2.92126093324,-2.1804689836,-0.749319548783,-0.023497594151
15,26,3,4,-0.389708706893,-0.856966749719,-2.36978418463,-0.113814702478,0.254755698936,2.93702165709,-2.67937805866,-0.0472920077635,1.52817209078
15,26,4,4,0.185764656523,-1.53372030132,-1.73382036814,-1.84403226975,-0.803879892378,3.42835863248,-3.12249673344,-0.650789732457,-0.139867481816
15,27,1,3,-0.738455444175,-1.70087338356,-0.00412859628692,-0.689033318593,-1.38527001267,2.65125529523,-1.93275435982,1.64019332175,3.27561934535
15,27,2,3,0.548802539582,-1.43779466675,-1.48075444109,-0.664605817256,-1.02516807851,2.07346407103,-1.83970985359,1.61564249286,3.33644876531
15,27,3,3,0.819502350406,-1.32967104272,-1.31897390635,-0.388346260383,-0.461518998608,3.16335313494,-2.86150131401,2.27700541419,4.39390541507
15,28,1,2,0.110456371561,-1.41363872937,-0.911967516277,-1.3273174789,-0.46941162275,1.85821162158,0.251900895416,1.35647723598,3.13067909295
15,28,2,2,0.964559530133,-0.962647287741,-1.3401026896,-0.519305258421,-0.645877104904,2.16369949721,-0.113666987836,1.14256771249,1.84089135404
15,29,1,3,-0.300890069178,-2.00455512843,-0.440365731412,0.945394254352,-0.849333027141,-0.0686252894877,3.27182463977,0.142249227051,0.871451289322
15,29,2,3,-0.993782847973,-1.22015299872,-0.13602410661,0.873378079489,-1.02726425479,-0.952901928153,2.1568936007,-0.940463288525,-0.791615803108
15,29,3,3,-0.756461703044,-0.745814760906,-1.02734179903,0.476846252049,-0.751664146072,0.205749317062,1.7137734403,-0.150721986672,-0.0364433048074
15,30,1,1,-0.417217728405,-0.882888789346,1.02668405971,0.0286765274694,-0.401842338315,1.64337558016,1.05549129061,1.24711508771,0.495339113288
15,31,1,3,-0.0275805137613,0.375841835373,-2.58742673896,0.668190707706,-0.620149887762,3.15271570217,0.125391575848,-0.480024280814,-0.731618992294
15,31,2,3,-0.320299449361,0.716837287639,-2.9523356364,-0.749595415603,-0.527136309411,3.73088249494,-1.02440828654,-1.43611202358,-1.57754060682
15,31,3,3,-0.601318338093,0.751357503247,-2.91981088378,-0.0108656524745,0.0311866332198,2.33564856609,-0.994233446362,-1.06524476806,-0.579008228594
15,32,1,4,-0.626607788589,0.490477994082,-0.107585447666,-2.05067635549,0.524838114555,-0.523113998542,-0.277093610276,-0.141319846815,1.02928421308
15,32,2,4,-0.0945555292493,-0.0730918321964,0.330906744868,-1.4206234573,-0.312512132844,-0.10030401252,-0.797652419653,-0.435744937742,0.628636816615
15,32,3,4,0.124238391214,0.985707013615,-0.312563756052,-1.67079781994,-0.152362068775,-0.808296006336,-2.41752543687,-1.24654448205,-0.174997178055
15,32,4,4,-0.898991954189,-0.010833603311,-0.105624857645,-1.06968018756,-0.724592793411,-0.735450003441,-0.344361102561,0.292958208469,1.51096132411
15,33,1,3,0.0409521009403,-0.78500001445,-0.0784700268856,-0.988043854511,-0.922413645906,1.21501421691,-1.67976535707,2.02957073515,2.9105150475
15,33,2,3,0.275868129625,0.371096481082,0.522950935896,-0.150724781281,-0.823408896637,1.3303084018,-1.51464282192,1.5515617311,2.00822612427
15,33,3,3,0.165171361743,0.111397514264,0.317272774797,-0.160578896201,-1.42547789657,1.89936431883,-0.631315666928,2.52307481239,2.16084402172
15,34,1,4,-0.106708217993,-0.891515557262,-0.104657910766,-2.05348261968,0.291402890485,0.423467413029,-1.26102832208,-0.331619638577,-0.801648232988
15,34,2,4,-0.227894143684,-1.85202268665,0.0432718554027,-1.69710807225,-1.11506850894,2.0895358487,-0.610072680158,1.36826068117,2.3808826196
15,34,3,4,-1.35426847585,-0.749842769592,0.174297485112,-2.11877431618,-0.274577683261,1.15072170395,-0.672688485689,-0.535855466354,-0.860982750393
15,34,4,4,-0.148648394624,-1.06929594839,-0.336426757419,-2.00838511482,-0.807407789458,1.84968263711,-0.383606675422,1.33491849857,1.93616079687
15,35,1,3,-0.260074796079,-0.929348857302,0.596946474912,-0.784683111082,0.953528647104,1.75091264321,-0.190794668344,-0.226622331744,-0.540742156065
15,35,2,3,0.839357568075,-1.23019154398,0.399393643901,-0.526493157191,1.59175911813,1.00458690772,0.0585257112862,-0.0997658257773,-0.679503772954
15,35,3,3,-1.33346980177,-0.330547219244,-0.224669167728,0.0260987974788,1.26099120962,-0.0435711800825,-0.344535221592,-0.207914558914,-0.971647455655
16,1,1,3,-1.12720017359,-0.0114552792459,0.449808395013,0.380033375662,1.04127436781,-0.301289368454,2.22380565447,-0.285468769652,-1.95900076319
16,1,2,3,0.625519218695,-0.126233005058,0.349282210783,1.39978108864,0.675074034422,-0.106165892639,0.969167291302,0.453809412037,0.454200278814
16,1,3,3,-0.317166126827,-0.680254609772,1.3873728574,0.125328153999,-0.398144394644,0.682923834116,0.657815709636,1.10928425078,2.04818903304
16,2,1,4,1.34914768647,-0.0670502888372,0.52344180095,1.5281659703,1.21596643589,0.0620156205955,-0.515614420924,0.782974759832,1.02395187905
16,2,2,4,0.829244341332,1.01972442487,0.041239144769,0.34418771752,0.899844890865,-0.692996864548,-0.4112865431,0.862553201028,0.770279227169
16,2,3,4,0.578151501303,0.349049697345,0.980686119005,1.64369345603,1.02109120812,0.449643471794,0.746071058002,1.46744245831,2.53820424379
16,2,4,4,-0.246092166648,0.740153539922,0.837918354047,0.761867169504,0.252662046893,-1.05328893576,-0.336314492345,0.272261484724,-0.275220419239
16,3,1,1,-1.21068981758,-0.691087017948,0.205222968919,-0.478454182279,0.362130491495,-0.0219464813399,0.912330423878,-0.880500365929,-1.02878392472
16,4,1,3,-1.02189634488,-0.0481616616977,0.0446983703855,-1.86053333552,0.831887882122,0.804697083934,1.16367645522,1.83562928112,1.02056074212
16,4,2,3,-0.78026555524,0.928993259345,0.768606068043,-0.0678955589223,0.401611775319,-0.122950337454,0.664673025747,1.60868985141,1.03730405022
16,4,3,3,-0.726400001338,0.866284717735,-0.511944030629,-0.501767294414,1.47159094518,0.537661470891,0.750735700804,1.18742894606,-0.188646228172
16,5,1,3,-0.591276832538,1.42362734242,-0.419662451662,1.64451249236,0.0525323207037,-1.43814666376,1.54357704248,-0.0190879805177,-0.719162418674
16,5,2,3,-1.47862777975,1.22944771301,0.132866672595,0.271357981262,0.544995801002,-2.05046846694,0.995456342425,0.58832777396,0.0720992424854
16,5,3,3,-0.841646579753,0.0422500743965,0.633497226654,0.758573311115,0.796156462614,-0.942751478156,0.536972522633,-0.208908621364,-0.00619579731734
16,6,1,2,-2.23424566034,-0.17369953322,1.34748882003,-0.594072192183,0.702174370922,0.938180842483,-0.350456130488,0.0966146816636,0.615114673348
16,6,2,2,-1.54487898518,1.31818165136,1.11715476373,-0.452472558447,-0.38599069493,0.0311187343015,-0.686185934581,0.51296676952,0.46386175063
16,7,1,2,-1.42063103216,-0.836204096509,-0.179809924028,1.3958542406,0.223837064867,-0.773898723366,0.536241761905,0.219357734104,0.237353418001
16,7,2,2,-2.16447927643,-1.34958252271,-0.32605290538,0.0136180917035,-0.145747971751,-0.585374314147,1.1262040292,0.0527470236683,-1.10926484768
16,8,1,3,-0.246905075284,0.281607497603,-0.327484887622,0.368104346043,-0.424220516951,-0.14505264292,1.02785686208,0.576706775612,0.0994781768466
16,8,2,3,-1.43678077984,0.0620252876705,0.330104236866,0.995448151208,-1.41385280393,-0.454974880988,2.63376817716,1.09221753119,0.16138349255
16,8,3,3,-0.481303944076,0.633812320995,-0.0566443216266,0.601467019823,-1.65315398615,-0.940851865007,1.45588763691,0.760844736612,0.425264796183
16,9,1,1,-1.95962600568,0.631139204462,0.234517476934,-1.58626050141,1.15521189543,-1.07586857655,0.183844340571,-2.38656279396,-6.58410630906
16,10,1,4,-0.0230886172082,0.157838752685,1.25389346035,1.6320087341,-1.02005111381,-0.0845086128568,0.52640298529,-1.08071183264,-3.08283052322
16,10,2,4,0.591562267036,0.018573110587,1.47227200269,0.789939988178,-0.710927413086,0.696747686307,0.553505776488,0.930001623421,0.651153901142
16,10,3,4,0.486073815655,-0.860382921834,0.190094585053,0.620858706206,-1.01974138848,1.04340213736,1.02593523723,0.74466922489,0.490527865725
16,10,4,4,0.0346820540506,0.533909101758,0.664191078875,0.988591250261,-0.606210128932,-0.910523549381,0.281206730344,-1.19967091667,-2.8090168413
16,11,1,2,-0.364125557695,-0.252850495057,-0.24622532831,0.222815071484,-0.119174609851,-1.97247482063,0.510858094847,-0.111476276738,-1.28642321363
16,11,2,2,-0.484896599847,0.338189548621,0.547038325053,0.121341802486,1.49278999016,-1.52392921421,1.98025023781,1.47871212021,0.60253971705
16,12,1,1,-0.584107701115,-1.45241871087,-0.0725329330296,1.15920809528,0.0473956083073,-1.06261671191,2.4946059,0.0894199270946,-0.096921823211
16,13,1,1,-0.530895830342,0.200474798283,2.1508328382,-0.233164923806,0.092098767208,0.513088276502,-0.660964558816,-0.703517557647,0.142121192745
16,14,1,4,-1.82580517822,-0.271029213154,0.755313265178,-0.510774313749,0.387940601424,-1.49544937277,1.02274471389,-1.7761031062,-2.54948234573
16,14,2,4,-1.60793482766,0.48979848976,0.370713992444,-1.25987535128,0.432397044311,-0.380731875704,0.646190320968,-0.676074743774,-2.01542958993
16,14,3,4,-1.71067447098,-0.584668168523,0.323284062151,-0.804582105769,-0.623208744896,-0.439755173959,0.994490749149,-1.10622031376,-1.6204023393
16,14,4,4,-1.99712016923,0.463953864073,0.756242382297,-1.05752793596,-0.560157117386,-0.984438400265,0.551731334091,-1.59092349685,-3.54204671425
16,15,1,4,-1.59624131432,0.774083396186,0.950654376166,-0.549503416039,0.0896249585491,-0.627411011934,-1.39235806045,-2.62864102757,-5.3777020906
16,15,2,4,-1.36316113515,1.42368414012,0.874913942416,0.585798962113,0.227250265922,-1.28268035869,-0.741744930877,-2.84054258562,-5.62758666405
16,15,3,4,-0.319533261868,1.19084613659,1.25310084402,0.124443339204,0.372272668616,-1.22225843588,-0.47532434176,-0.996542344851,-1.89360512797
16,15,4,4,-1.25233750922,0.745082139937,1.94916625961,0.148406266879,-0.165284650312,-0.0702385349535,-0.293420308683,-1.13195068001,-2.79894934258
16,16,1,3,-1.35833418276,0.299667186675,1.25968074131,1.2741728934,0.160491019119,-0.933246534618,-1.10962044679,-1.31415550273,-1.82895988411
16,16,2,3,-0.407643464463,0.171826309014,1.22335870615,1.43902381735,0.0737278462142,0.891727474316,0.165164960168,0.491372821431,0.521737931938
16,16,3,3,-1.26774320195,-0.116064036182,0.988198658965,1.32365834344,0.648184478022,0.0757884147325,0.670446086632,0.43170610396,0.046115699504
16,17,1,4,0.00483322759846,-0.64863953894,0.233227115612,-0.0940385794171,1.23783484412,0.129929333664,-1.31889225117,-0.265377540006,-1.02239333915
16,17,2,4,-0.884338368802,-0.267548341975,0.459553328543,-0.221290688572,0.322476185654,-1.08103842732,-0.378530112963,-1.00377220502,-1.96653473389
16,17,3,4,-0.560132737446,-0.732044722122,0.181581213341,-1.26442600574,0.543286568004,-0.781697065244,-1.48763638388,-2.12281610338,-2.71537151788
16,17,4,4,-0.411848004311,0.0284590915864,0.198917254439,-0.18622136516,0.839897163108,-1.37041519582,-0.321831398213,-1.0450274019,-2.41564172858
16,18,1,4,-1.61398819508,1.65885113033,0.244577486123,1.00087160624,-2.43235327008,-2.18495130354,-0.188647514024,-3.29169385384,-6.68439211702
16,18,2,4,-1.54283176307,1.50293102042,-0.328554731265,0.772618834668,-0.162453079181,-1.54345297503,0.646252538806,-1.90298886363,-3.32637190941
16,18,3,4,-1.4910147038,1.63625512447,-1.04612156613,1.928774152,-1.25667517475,-1.84603987114,0.576655219036,-2.9976299402,-4.5330074499
16,18,4,4,-0.555746319565,1.52165065723,-0.00327515120151,1.56099962409,-0.974112262647,-1.25630348203,0.604414888197,-0.963535927196,-1.87917570132
16,19,1,3,-2.31051070062,2.12888033928,0.363616984797,-0.491281729001,1.09647336933,-0.897378393809,0.436505677319,0.722445355769,-1.06990554861
16,19,2,3,-2.89446748838,1.43169280218,-0.757635240157,0.197398262695,0.207654021301,-2.26420138615,0.540000251987,-1.30480842358,-3.08424138303
16,19,3,3,-2.2161982854,1.64352197537,0.595808542423,-0.318879425073,1.67774841509,-1.77087074422,0.277498850463,-0.669269461083,-2.42984098134
16,20,1,4,-1.86820569792,1.75144499556,1.53126171543,0.685581262378,-0.889323585659,-0.333742536333,1.18375924601,-0.1945631773,-3.65294525743
16,20,2,4,-2.06359845905,1.35240914502,2.01724990118,0.552716468582,-0.135197834638,-0.285410868627,0.226727300321,-0.362601394698,-2.03064813572
16,20,3,4,-2.01513578485,2.782781098,1.78172038703,1.02729127187,0.0111912757764,-0.819030953799,0.273337758557,-1.2845811746,-5.82145598339
16,20,4,4,-3.48545560475,2.46072337281,1.87131912912,-0.576951264944,0.26291731574,0.256513048548,0.498623236344,-0.816355825706,-6.53596545343
16,21,1,1,-1.54749928241,-0.127527901288,-0.721052402633,-0.0219298069795,0.749034709901,-1.31798076069,-0.686222395119,-1.26914576829,-2.56787869025
16,22,1,1,-0.864879938016,0.906669402966,-0.369136892716,1.21502359476,-0.938915518778,-0.760054777625,-0.321004407078,-0.690871236049,-1.36431182383
16,23,1,2,0.355347747386,0.758428767212,1.20399498449,1.56284714005,0.713413481039,0.666646038638,1.29107754133,2.15738349748,2.88702896161
16,23,2,2,0.423386476364,-0.505207004706,0.717723275463,0.184824786667,0.0388722840324,0.429507223558,0.147052432695,0.799071379364,1.20663849921
16,24,1,4,-1.10679281516,0.247163883721,0.608045091885,0.421439937364,-0.262336696754,-1.12475898158,1.65138208272,0.302278619206,0.6134237758
16,24,2,4,-1.09287807597,0.201741683516,-0.250564514457,1.57048254221,-0.407800778463,-1.84153933445,1.80534216746,-0.454140050237,-0.142962148054
16,24,3,4,-1.63886566034,0.338691178913,0.303181212646,-0.148983060343,-0.422043531449,-0.581861044095,0.827583055059,1.30239567808,1.82294225658
16,24,4,4,-1.42496581111,-0.739297912672,-1.35705232287,0.280435846063,0.358787251142,0.174413653404,1.19242868862,0.382087739496,1.83104288081
16,25,1,3,-1.25013205556,1.65009402986,1.99521765685,0.521007688356,0.217409167243,0.294411645458,0.296669636223,1.62344292302,1.45297526792
16,25,2,3,-1.14340194263,1.38303737637,1.49909086862,1.42387524583,-0.117527525495,-0.876726477402,1.93317336767,0.222668570129,-0.736343539929
16,25,3,3,-1.52357177925,1.99564377976,1.15806905995,0.549148675851,0.6503463346,-1.34274722789,1.12588110174,-0.849933944719,-3.75244585011
16,26,1,4,-1.34332961107,-0.488795321729,0.0694511372212,0.0276702128393,-0.274590653561,-1.17025980261,0.0873931020854,-0.26848930453,1.06696960113
16,26,2,4,-1.95097230445,1.08920671677,0.289857277875,0.413612055145,0.36580575236,-1.65159555531,0.727151406941,-0.879865128289,-1.91923366043
16,26,3,4,-2.00272259557,1.1368823219,0.662021571869,1.83027677465,-0.423732026759,-2.64962503979,1.66331117293,-1.37849543704,-2.68580630445
16,26,4,4,-2.66110880024,0.624526642343,-0.697823339489,0.362703210745,0.039114344005,-0.837518878093,0.011987275331,-1.43200501273,-2.33282256354
16,27,1,2,-1.97222636998,0.26079853339,0.0773977252793,0.887503090874,0.762142137639,0.106156405099,-0.267022339826,-0.439487482917,-1.20364716502
16,27,2,2,-1.61401735062,-0.523963182961,-0.792136816339,0.782527635133,-0.330271612709,0.0206135688805,0.294507021555,-0.191142659707,0.212960471986
16,28,1,4,-1.68857844801,-0.00911515985791,0.648188920595,0.234641298544,1.38353869644,-2.02402907656,1.27737644185,-3.43687493249,-6.73526004137
16,28,2,4,-1.99663129325,-0.291465793295,0.427474333748,0.783321980505,-0.883026675966,-2.07923339248,1.04898731746,-3.60888419017,-7.04818302268
16,28,3,4,-1.68558203519,0.158388469696,0.156863257309,0.973233880447,0.282409476313,-2.44499124279,0.350083517166,-3.02634321306,-5.26416628632
16,28,4,4,-1.08712484494,-0.527168494496,0.205415431253,0.815685111765,0.616096772064,-1.48908730552,1.15195377871,-2.79534528099,-5.15047462346
16,29,1,1,-0.392531944729,-0.434301965517,-0.6335459366,1.37894980936,0.045191840827,-0.842961215435,0.719826440831,-0.3961817856,0.78645013925
16,30,1,4,-1.53480540037,0.0850214236496,0.133626232147,-0.0304141040862,0.855489575333,-0.142150287148,1.6272998263,0.836339172104,-1.34390352653
16,30,2,4,-1.53751611573,-0.00911761533443,-0.19725208166,0.851634569835,0.870124211432,-0.590641068401,2.38922370148,1.45687181877,0.0379428399856
16,30,3,4,-1.57252436584,-0.0958930212099,-0.464390799359,1.25859599436,0.0686884384121,-0.0396170723054,2.13696981278,0.940487392067,0.0217399620113
16,30,4,4,-1.53092235245,0.178833818283,-0.489836815443,0.493959666511,0.489669076018,-0.896215676997,0.844643034419,0.210097729258,-1.24257423062
16,31,1,2,-1.3341513051,0.729893183853,1.48804609829,2.10176853084,0.960308962907,-1.27358794163,0.812697910712,-1.72402457569,-4.97363795447
16,31,2,2,-0.644122416349,1.02529944604,1.25374142579,2.04088930004,1.36689663142,-1.05447776881,0.0785213644943,-2.06241841927,-4.40679402462
16,32,1,3,-1.29567783402,0.700143005461,1.33327336077,-0.0369558319451,0.150951416421,-2.07873584866,-0.446535913004,-0.610735723149,-0.110014995999
16,32,2,3,-1.71014102234,1.58484199891,-0.0588739106471,-0.738240612686,0.49335258853,-1.72999496478,1.42975272219,-0.818465158277,-2.0566189199
16,32,3,3,-2.15095844551,0.771445877696,1.37713221253,-0.246782403179,0.873529877019,-2.59779713589,1.62436235952,-0.0616785062634,-1.24574130226
16,33,1,1,-0.319804234381,0.983540881309,1.85703394103,0.316639181093,-0.1350629224,0.698059895881,-0.093217212289,1.87283938356,2.58595878442
16,34,1,4,0.784853755472,0.445769737451,1.72986736212,-0.380083084483,1.32073829805,-0.0320368303878,0.233171314589,1.72541896652,2.85592853436
16,34,2,4,0.632996034779,-1.14006366255,0.635206391741,-0.609554183344,0.77879987401,-1.29490088115,-1.89514808956,-0.221429621466,0.502039343947
16,34,3,4,-0.507760861626,0.429225727853,-0.0706933112769,-0.793525891576,0.536726679618,-1.5577039047,-1.02608672278,-1.82205217647,-2.50547566791
16,34,4,4,0.501823425889,-0.365077248604,0.83150951799,-0.836322498193,0.888793368716,-0.447476503027,-0.62145706264,1.2589698739,3.04072237738
16,35,1,3,-0.141174692447,0.0505955542373,0.35001255946,0.121430988376,0.00720544482462,0.852514923833,0.0560812484737,0.237044914,-0.0900788071656
16,35,2,3,-0.464389361114,0.382682726869,1.00850011577,0.423432292815,-0.556102821564,0.00938166167505,-0.0363664570972,-0.261732972225,-1.24222745784
16,35,3,3,-0.39047628204,-1.11281451539,1.36753061492,0.390385921119,-0.668969507853,0.92848482569,-0.2579782569,-0.331920971059,-0.111279457057
17,1,1,4,0.807717291232,1.74023284923,0.0249503562748,0.00486698005492,0.667806631524,-0.324206521512,-1.08551354206,0.289728056048,-0.160118234656
17,1,2,4,1.01379886244,2.3437469088,0.894028778258,-0.0442943579581,1.24112323577,1.18122365253,-0.414696983981,2.04544940369,1.51334288817
17,1,3,4,0.0179069052919,2.27507867769,-0.497400455605,1.3698038934,1.18272745645,0.287439863424,0.0951071064303,-0.254751995485,-1.39389667982
17,1,4,4,1.15857159706,1.58842020315,-0.101237996876,0.40638535054,0.0233218071247,0.807277970279,-0.998982642569,1.06394616388,0.889805366708
17,2,1,3,1.22736353664,0.994393517307,-0.642238271255,0.252768050227,-0.0849460793764,0.943820183997,-1.85054917788,-0.150953929095,-2.00785262578
17,2,2,3,0.967274853913,1.25797294557,-0.964905162716,0.175635530176,-0.331881536562,-0.292675588782,-1.90050879701,-1.26044873457,-2.58643246742
17,2,3,3,1.77400759225,0.66413883904,-0.847689967946,1.19399888097,-0.375126086988,1.86700109863,-1.761204565,0.857560407084,0.497668714523
17,3,1,3,-0.121717245339,1.06179071991,0.971527200547,0.424620178085,2.05067212818,0.999775101386,-0.467340820859,0.507991092658,-0.950756056462
17,3,2,3,-0.799946793746,-0.0407037776811,1.11786792094,0.177173068362,1.2496224342,1.03308363218,-1.63201085865,-1.45259796112,-3.51170745434
17,3,3,3,0.212207258677,-0.348835610857,1.06136072763,-0.23634377438,0.295693489629,1.57320028502,-1.82738620317,-0.0439946835925,0.112954980398
17,4,1,4,-0.48248670624,1.34175923022,-0.592908977523,-0.15867236494,0.520420166019,-0.674274214321,-1.10865074392,-0.810150085849,-2.90319995549
17,4,2,4,-0.529244168274,1.76081137824,0.019190989452,0.626414729423,0.850951500466,0.85369456378,-0.439595361711,0.987558075519,-0.852255069701
17,4,3,4,-0.0513394605381,1.31161161323,-0.773802599779,0.153652909909,1.24733322469,0.759967519979,-1.70738603805,1.3945218438,0.636119042435
17,4,4,4,0.424831032259,2.32670866159,-0.556345492782,0.841366711749,1.26024650349,0.228205307557,-0.116754815965,1.14310742274,0.158955825928
17,5,1,1,0.494018208677,0.890962415001,-0.566455138728,-0.3980972202,1.03796270355,-0.741273550447,-0.100131509339,-0.0592098983796,0.201250056912
17,6,1,2,1.13322179657,0.731922420641,0.280722695358,0.036802278645,0.838286819361,0.0865620137309,-2.08258439879,1.30742043176,1.80152014898
17,6,2,2,1.31021906478,0.422118202919,0.664705975652,-0.693136515949,-0.458630860864,0.455267181715,-2.39724341588,0.636132876102,0.738982397817
17,7,1,2,0.623925422706,-0.0865012915511,-2.36643236144,-0.544023832538,1.04692783538,3.11284206876,-1.05279081771,3.17466643476,5.1279144791
17,7,2,2,0.178763555961,-0.0421503220784,-1.75986933655,-0.95780129761,1.22305476598,0.748339946252,-1.35795408925,0.6914219627,-0.0386792374221
17,8,1,2,0.657244520196,1.58819927883,-1.1233240792,-0.0592926646595,-0.130251764776,1.25388589438,-1.22135956159,1.03560635308,2.54916153528
17,8,2,2,0.433753036248,1.38965402125,-1.86980912974,-0.50978494012,0.015714842368,0.615402310435,-2.88941852198,-0.472831301831,0.202433498994
17,9,1,3,1.45977660158,1.35042223726,0.210191011983,-1.08827213671,0.896568224582,1.10661890256,-1.08100092664,0.962950346922,0.93756937708
17,9,2,3,0.646062094086,0.255687659822,0.476497629316,-0.877031946965,0.599503276278,0.549752780925,-0.219812225838,0.606665910346,-0.556451112739
17,9,3,3,2.16427370624,0.879627084311,0.434979219608,-1.05722748441,1.04514444844,0.232500011337,-0.75672938596,0.915502915024,1.64176332553
17,10,1,3,1.56091968187,0.679931736557,-0.0681782250756,1.02012558291,-0.275619808002,0.359085620409,-0.292006207818,0.0637756009257,-0.991215315172
17,10,2,3,1.83899071492,-0.157305571519,-0.254843398341,1.85294603112,0.257033205471,0.443526557926,-0.781399581248,0.245490414905,-0.222987640887
17,10,3,3,1.58948367659,0.772589199427,-0.82190780059,1.36587091518,-1.34109097187,0.00648700565327,-0.616193103521,-1.22459459385,-2.39126764618
17,11,1,1,1.15173938852,-0.0368648071188,-0.8690941208,1.08358107339,-0.351551723873,0.211907745479,0.959143186645,1.65640623638,2.59455277618
17,12,1,4,0.293153855859,2.03710464051,0.339970130092,1.11561428869,1.18403631885,-0.370931623216,-0.013683559017,1.01610899294,0.650086384878
17,12,2,4,0.957365175157,2.37416701127,1.07753734235,0.969277460851,0.953427339052,1.83182368591,0.0240796882546,3.06272687413,3.04580196805
17,12,3,4,1.36544046131,1.38067369987,0.949104192973,0.831414903527,0.438871722243,0.228862097592,-1.04142772895,0.833710221477,0.474392871894
17,12,4,4,1.49076616332,1.50981345752,0.873534313058,1.05142620281,1.11452670736,0.0435951094996,-0.991172067244,0.734749747889,0.89548151822
17,13,1,3,-0.423464401088,-0.104183842137,0.146569733145,-0.547131139569,0.825559052708,-0.748654848641,-0.820848125169,-0.790686669275,-1.75804952973
17,13,2,3,-0.371305270224,0.407319510504,-0.224703489441,0.458197944428,0.938438970688,-0.395603300092,0.10637499342,0.262125938343,-0.464674487809
17,13,3,3,0.269732323218,-0.87278438669,0.291221580142,-0.903962486344,0.088054334178,-0.457982497174,-1.15397670135,-0.0280896660432,0.0454826093309
17,14,1,4,-0.240794366252,-0.466382016258,-0.541256694258,0.25498404364,0.389232180581,1.06698827809,-0.184334044078,-0.339634034525,-1.41828185025
17,14,2,4,-0.420354967806,-0.0828846544753,-0.818932319132,0.629979370698,0.122536123484,0.584246352031,0.322637742071,-0.580115722453,-1.36268525224
17,14,3,4,-0.454515362368,0.0107048396275,-0.787934691579,0.180555660195,0.541382386079,0.329674718055,0.565754786004,0.175010558245,0.0420951475685
17,14,4,4,-0.355085335956,-0.253699822316,-0.513406171461,0.285882790927,0.712231156826,-0.848161656783,-0.0836511583373,-0.415594997306,-0.571785315987
17,15,1,1,-0.244775277283,0.741854918099,0.705635616319,0.441145747681,-0.197248431494,0.728747717486,-2.15401064891,-1.64283675821,-2.7146350788
17,16,1,2,0.11916338306,0.520937217246,-0.175916765774,-0.153902517161,-0.0286688107932,-0.601512743861,-2.34344514123,-0.981026548863,-1.1314116591
17,16,2,2,0.924277052303,1.39125736691,1.0628810307,0.137279202915,0.69406167227,0.468470137709,-1.49511941755,0.49911411683,0.44519509063
17,17,1,4,-0.00976169829841,-0.290647287056,0.250549218637,-1.89490191128,-0.186518309807,-0.576596912095,-2.96532932628,-2.61754248281,-3.0372660913
17,17,2,4,-0.700166415439,0.0705126827819,0.842006813151,-0.965624554486,-0.145168852181,-0.266813352414,-2.08732955044,-1.78569188336,-3.59702863354
17,17,3,4,-0.174918825865,0.549476473281,-0.0393441395842,-0.453714054881,-0.594204149108,-0.569177105824,-3.03866232374,-1.66604133329,-2.51691920944
17,17,4,4,-0.112122633173,0.607952562897,1.21104123214,-0.908892806811,-0.419704334476,0.582229138446,-1.94418241272,0.582644286403,1.07308434846
17,18,1,3,-1.83720114854,1.53343072545,-1.54072554348,-0.402867432141,-1.07006014424,-0.0589228000318,-1.41537468812,-3.0522748219,-7.16818991051
17,18,2,3,-0.380359031192,0.884541062524,-1.48178085425,-0.417327908514,-1.23312884075,-0.194185343242,-1.20852351315,-2.03057242908,-2.97122282772
17,18,3,3,-0.992928701455,1.34190170842,-2.12618961862,0.93797444286,-0.935782292883,0.257073763426,-0.913324418458,-2.40970590908,-4.35688943633
17,19,1,4,-1.43339093008,3.24530386936,0.49070091013,0.289092407531,0.883125718068,-3.01171914905,-0.12638868492,-0.981076380479,-3.13458668106
17,19,2,4,-1.76871046612,2.5065060266,1.17132639511,-0.161660249447,0.929996051342,-2.37656169693,-1.30310518435,-0.410709382082,-2.15951367467
17,19,3,4,-2.47170036193,1.62687689237,1.34747301331,-0.453506216715,1.36240310487,-2.90388239975,0.097388986236,-0.46087601711,-2.21201985492
17,19,4,4,-1.40023780845,2.95293821041,1.59862450054,0.788635211142,0.728855164553,-3.29230634848,-0.538810811217,-0.325143175866,-2.82335233063
17,20,1,4,-0.389638824293,1.81907844185,-0.325914699354,0.404670189659,0.684667184641,-0.880269386523,-1.31265463508,-0.945301149829,-2.56500112796
17,20,2,4,0.153992992888,0.684907955362,1.38191279232,0.821858461961,0.869719749264,1.58204958153,-1.25166821405,1.16075456973,0.992008025363
17,20,3,4,-0.752094673986,2.56870129539,0.873951344118,-0.0910780300608,2.05800973766,-0.331745039074,-0.458893015151,0.785937670454,-2.20424635074
17,20,4,4,0.567209509025,1.1263946275,0.543772481102,-0.508007891168,0.932413363792,0.68426104076,-1.39516447179,0.0686014169863,-0.785012707519
17,21,1,3,-1.12689905781,0.218556249938,-0.267298853249,2.05971864215,0.53375499732,-1.31008667698,-0.808068306577,-0.910411100347,-1.35327785202
17,21,2,3,-1.17218125525,0.414077168513,-1.12313850835,1.63915372027,-0.564157210538,-2.3503312223,-2.29106073162,-1.90052832818,-2.02979572652
17,21,3,3,0.661198521929,0.385431018099,-0.882912128276,1.11673218248,0.945808871021,-0.554351177642,-1.05505275643,1.34389625516,1.59752829967
17,22,1,4,0.0332123299456,0.81399642899,-0.806188021144,1.53227237604,-0.0231414830358,-0.123321277098,-1.21156959721,0.00213535555532,0.13213500459
17,22,2,4,1.07053618913,0.722556740986,-1.76858706732,1.73047523576,-1.26152202728,1.15127935819,-2.06421555831,0.38678404717,1.41244357096
17,22,3,4,0.132206776594,2.0355987095,-1.18696904009,1.83776896328,-0.281484157843,-0.792712335676,-1.95185540447,-1.41576391525,-2.0902628403
17,22,4,4,0.736531757684,0.899804792417,0.0871271862144,1.15832073685,-0.145400762541,1.08466901589,-1.84744962008,1.2169893077,0.571455413026
17,23,1,3,-0.0263761707845,-0.540170992102,0.945137593028,0.574496697305,-1.59297479554,0.220281874762,-0.486486816263,-0.523535464083,-0.904650768642
17,23,2,3,0.00191913940033,-0.64143315432,-0.426233585736,0.420396118942,-2.18675983806,0.948752317998,-1.42021166542,0.453134528267,0.501437524486
17,23,3,3,-0.918887276685,-0.38671280261,0.404509937405,0.894928442156,0.0513879951493,0.190335817362,-0.511348727713,-0.0455193482475,-0.51406447208
17,24,1,3,0.00715846014903,0.971622042174,-1.07955749116,0.879945907407,0.637316190981,-0.0116970477738,-1.224231785,-0.508024856405,-1.15567906529
17,24,2,3,0.185938613661,2.31050432699,-1.40291265512,1.0414397646,0.985440423654,-0.0269499676629,0.0982146736268,-1.12235315098,-2.74004998121
17,24,3,3,0.494450355456,2.1252149863,-2.21265124584,1.07310345742,0.0798171917456,1.72442854737,-2.17782818114,-1.6816233602,-2.49781673092
17,25,1,4,1.14603294758,2.19084271708,0.232093055507,0.643252923338,-0.128704146221,0.0382577326508,-1.49195539668,-0.684576250702,-1.31755587579
17,25,2,4,0.0365377727921,2.26746080268,0.590696753637,0.448443677708,0.965059462364,-0.673979891695,0.00374764288584,1.11221931373,0.348509942185
17,25,3,4,0.728581974004,2.31305686647,0.319413489923,0.907469913594,0.797540512455,-0.6759786601,-0.239744320876,0.796013994595,0.681363086046
17,25,4,4,-0.491101855377,3.00709643976,0.403090153678,1.26441591201,0.231672716965,-2.06838933259,0.614751527175,-0.461386579123,-1.68987183752
17,26,1,1,0.966997255637,0.779860360569,0.417883831754,0.837810579193,0.133489575601,0.0866592044202,-2.62772281919,-1.39228290649,-0.954496113164
17,27,1,3,0.0654655168831,1.40832116377,0.222945684611,-1.02567720808,0.178587873508,0.161720099531,-2.3503469927,-0.457212667495,-1.82094706667
17,27,2,3,-0.0692255337722,1.12040394174,-0.261212405779,-1.23893710814,0.800724853285,-0.775814985293,-2.04591235243,-0.649904545134,-1.72115523554
17,27,3,3,-0.0610721021058,1.14329652105,0.393222282665,-0.489848600385,-0.0839680603395,-0.434257167038,-1.21225714202,0.769282173886,0.853240829492
17,28,1,2,-0.809318748304,1.07854012901,-1.03447084811,0.0944442169699,1.71806629811,-1.34995115113,-1.71388479584,-2.68370441954,-4.65725786044
17,28,2,2,-1.46549675597,1.82675442919,-1.38851929315,0.206492179229,0.819218523821,-2.1289120652,-0.667726128518,-3.3862786289,-5.54544780801
17,29,1,3,0.290648001056,-0.274377404486,0.100492855,1.13877241217,-0.977237208519,0.448728630388,1.00133627469,1.47793492643,2.35626272742
17,29,2,3,-0.299082019144,-0.472245599111,-0.124099413622,0.681735383907,-0.880223760517,-0.685940761126,0.163096369776,-0.861702484176,-0.970843620589
17,29,3,3,-0.201628960367,-0.000568191143185,-0.81145780967,0.561263882787,-0.514024347238,0.352493479994,0.526947101299,-0.0625549245522,-1.18085069024
17,30,1,1,-0.752698147184,0.468683634195,1.10267298091,0.645552108082,0.0508631578329,-0.16671252306,0.680353961199,1.01554869655,-0.166349949611
17,31,1,2,-0.179964089597,1.12309516627,-0.735006526514,0.343700013903,-0.129608995789,-0.373836026976,-0.64206359176,-0.333543672716,-1.72163226448
17,31,2,2,-0.125141212274,1.47619707622,-0.316105234201,0.867773418564,0.653589373492,-0.945151440875,0.191066288687,-0.487125668813,-2.50683213048
17,32,1,1,0.668311876788,1.08439456504,-1.43468308411,0.47533451993,0.146491712506,-0.0948358046029,-1.40233521459,-0.232467280089,1.15584113747
17,33,1,4,-0.616850514241,1.66189675409,0.997813830178,0.943330368615,-0.112085989709,-1.26869753733,-1.12042148469,-0.0623025219551,-1.5397090141
17,33,2,4,-0.15392572444,1.74523757602,0.221525962768,0.862913474562,-1.07033546652,-1.42294588437,-1.38353923966,-0.237056691047,-0.836471611058
17,33,3,4,0.493223614199,1.30818015397,-0.19384574408,-0.0425462023021,-0.140537877178,-1.46950607033,-1.37539660348,-0.873581558641,-1.52211619052
17,33,4,4,0.94900705464,1.3558153083,-0.05042728438,0.692303664982,0.117060852948,-0.205512687005,-1.4195698482,0.834187850375,1.40109909651
17,34,1,2,0.477213205697,0.444601307167,-0.0541477278641,0.0568175559859,0.238375425403,-0.6798121699,-0.737664615164,1.0099260795,1.67301499863
17,34,2,2,0.10190721978,0.0230820803617,0.286330927375,0.613386959639,0.671349776004,-0.663417876542,-0.481308101645,0.60202472413,1.02855531989
17,35,1,2,0.350424167057,0.812369201395,0.741431487838,1.38702454844,-1.23753283261,-0.0827857069816,-1.04477318258,-0.220502407586,-0.164408322371
17,35,2,2,-0.1888742492,0.671434237104,1.40533109691,0.289814991477,-0.144813700821,0.94138164206,-0.906431834205,-1.07493795515,-1.67555765889
18,1,1,2,0.439606969719,1.2047757693,-0.910282937772,-0.816572968363,1.16462973004,-0.72775848761,0.366730873044,0.695639716905,2.03479989766
18,1,2,2,0.756579020297,1.42767038751,0.0307036335643,-0.801861457742,1.11718018523,-1.36079549265,1.48345729036,2.27420095503,3.37655908743
18,2,1,3,1.1064228442,2.30941676081,-0.0251115069363,1.64982863612,0.849375617623,-1.95531014351,0.463837228618,-0.724263112082,0.0219019931323
18,2,2,3,1.33715201054,1.57278343976,-0.55956731244,2.13233303465,0.602373364575,-0.454556665024,-0.592509518155,-1.35181404258,-1.32929429535
18,2,3,3,1.49471732688,3.30196254646,-0.165465622566,2.64041894347,1.1605687468,-1.58705214433,1.30420692458,-1.12656998943,-1.19740564396
18,3,1,1,0.668302427808,0.580503676627,1.64549578535,0.718221709951,0.621285111158,1.06112202636,-0.688744471659,0.484105607687,2.21511559927
18,4,1,1,1.35667241779,0.235118380099,-0.341463636283,-0.761058881006,2.35582686177,0.111926998095,-1.6397299024,1.24755633313,1.71727027192
18,5,1,3,1.04835485205,1.11868683702,-0.386526287522,-0.23795727638,-0.331714117349,-1.28992127039,0.142210911606,-0.876539059532,-0.260960977566
18,5,2,3,-0.423455944997,1.44506551538,0.446005090126,-0.000330497764925,0.339916063238,-2.32946225523,0.268337560101,-0.801086724335,-1.12237829861
18,5,3,3,0.632442271075,1.6682228846,-0.471202551398,-0.193234640525,0.65431855141,-1.50117801368,-0.277059460854,0.598821982619,2.04879850621
18,6,1,1,0.531461392721,0.640261331398,1.86702268123,-0.712053081401,1.02735482175,0.402998018948,-0.608312329286,2.34206243446,4.06757172738
18,7,1,3,-1.17161048087,-0.219972166847,-1.23344022817,0.87847039487,0.857675373281,-1.28666460238,0.538087234766,-0.797033083622,-1.94081680795
18,7,2,3,-0.379726224385,-0.542223178259,-1.20092823048,0.0927033487308,1.11159265544,-0.844710047396,0.703598793489,0.796827923184,1.2767331289
18,7,3,3,0.0653718512283,-0.199845992614,-1.28462879545,-0.531845741325,0.52798780932,0.255088437332,0.284817683085,1.92750446074,3.04903014858
18,8,1,2,0.496553165117,1.17821574655,0.780629579509,-0.37787271141,0.604501499673,-0.471979684873,-0.176642223486,0.573202662751,2.05622709805
18,8,2,2,-0.203356661207,1.1666647319,0.342973232185,-0.409427612916,1.04340176849,-1.23688816744,0.827917543676,0.7979019135,1.10731450595
18,9,1,2,0.802148827857,2.32013673732,0.710277347595,-2.07786679728,1.32722135725,1.18774832683,0.34257981327,-0.00155783310354,-1.07425933088
18,9,2,2,1.54106841008,1.40710335416,0.691701125605,-2.62181109447,1.38408866063,0.984047365316,0.00748468042094,-0.710710172278,-1.97497559318
18,10,1,1,2.26633195568,1.85163928377,-0.106203797962,-0.19653877849,1.10580333995,-0.919113314723,0.0198088937655,-0.783494911967,-1.42396915578
18,11,1,2,0.692838729079,1.66145302398,-0.813223327779,0.491408053147,1.17858094018,-1.5347490997,0.0834587065805,-0.520501163027,-0.56105160753
18,11,2,2,-0.765904231679,1.78427673789,-1.01664670079,0.16474735122,1.48858721659,-2.18040882126,0.684568560292,-0.177236523026,-0.797273854861
18,12,1,3,-0.0372718727487,1.20166400642,0.705704578718,0.769321640476,0.94184404814,-0.0310742256709,2.00455287155,2.73914401098,2.11395630287
18,12,2,3,-0.0309397052348,1.88588938969,1.6127157474,0.928599538591,1.78872579497,-0.250564874924,1.29402428698,2.65002746543,2.94207725572
18,12,3,3,-0.541954022475,0.977509402057,0.253398497222,0.450433663893,0.207178291306,-0.486898501461,-0.0461654058577,0.648244092259,0.57140584652
18,13,1,4,1.2120726258,0.01172798782,0.142647355024,-0.869061013487,0.376801532372,-1.36077892484,-0.271748807234,-0.190853170959,-0.634929503095
18,13,2,4,0.435854742674,-1.40508775342,-0.0593177130571,0.557587169589,0.837903874179,-1.81092416305,-0.0120619934578,-0.11652387703,0.499553626693
18,13,3,4,0.503921225588,0.179711287001,1.21539576939,0.0595074693515,1.69030182161,-2.50052713359,-0.819393312051,-0.682652504111,-1.07208619153
18,13,4,4,0.776255526176,-0.0618541422315,0.971146645571,0.0321826157682,0.957999886143,-1.99610951664,-0.794403036185,-1.1656785554,-0.979111977117
18,14,1,4,-0.431507275868,0.771394501396,0.19791852211,0.221928642083,1.43281974156,-1.17431269825,0.778949137306,-0.666897082718,-2.40643138852
18,14,2,4,0.157936088705,0.539287907208,0.700318189708,0.0414674518412,1.41587271374,-0.288399556706,0.255266951936,-0.0813658068919,-1.26208107099
18,14,3,4,-0.458340994822,1.19811868003,0.412225888019,0.0261740261238,1.19332960754,-1.40611006699,-0.113165740013,-1.09332179343,-2.2295009864
18,14,4,4,0.467924629265,0.410421723301,0.054042190732,-0.323674475114,0.926281201028,-1.02215482943,-0.507591934247,0.431131074529,0.699520475084
18,15,1,4,-0.0971678367173,0.679000101912,1.7091266269,-0.42182987553,0.354175827373,-0.651301277493,-1.14670326067,-0.876241365441,-1.30996369835
18,15,2,4,-0.175256883453,0.42984188242,2.25051585276,-0.325336804149,0.254276888883,1.11168913722,-0.570831303204,0.225438463521,0.62443828692
18,15,3,4,0.429323264263,0.57744745435,2.52647723281,0.0577199729447,1.46301809075,1.00073184558,-0.917704200959,0.850029604202,1.87130176103
18,15,4,4,-0.555896558586,0.164490491416,2.12900386749,0.117934173783,0.00894894818373,1.46609586588,-0.770026146893,0.0483835085349,1.37490082806
18,16,1,2,0.65698913387,0.835411110006,-0.294244704748,-0.0377957370107,2.06815949072,0.884189516978,-0.929978648501,0.536411104786,1.32349031861
18,16,2,2,0.942983373014,2.10509316572,0.232028272415,0.652480562714,0.245045163328,-0.378503947307,-0.770111776763,0.914563500555,2.76752781533
18,17,1,4,-0.32453908236,1.84062215296,-0.459910476636,-1.82304205074,-0.242102893796,-0.920998839229,-0.148266700508,-1.69742671788,-2.49944602011
18,17,2,4,0.425636506887,1.55551001489,-1.2811266212,-1.08501753823,0.178969113668,-0.987020809247,-0.986437587724,-1.85003805496,-2.04067855304
18,17,3,4,-0.298604454252,2.40159644912,0.0242628164202,-0.472206238555,0.615494589663,-2.24777980293,-0.0244235359866,-0.94944800187,-2.49359014903
18,17,4,4,0.436897521581,1.15513191851,0.681833846742,-0.796712592577,0.348283320719,-1.4199846039,0.284940637451,-0.331030574521,-0.172751302929
18,18,1,3,0.784496885849,3.1429576858,-0.959156256907,-0.293713260206,-1.04756143815,-1.89211984055,-0.124176108918,-1.64268655283,-2.54882603139
18,18,2,3,0.966783876575,3.48428065827,-0.0548575551836,0.968543875224,-0.438589458556,-1.79989994063,0.52981071164,-0.0871210547824,0.419575619369
18,18,3,3,0.72663980065,1.71107134498,-1.29910723138,0.682916501519,-0.359568513082,-0.795522457177,0.331776264058,1.02109852353,2.43472567409
18,19,1,3,0.511052159954,1.60844511621,1.96705093312,0.0334431774597,1.07614374649,-0.545042330296,-0.141092933137,1.59335218608,3.88061870904
18,19,2,3,-0.26397909416,1.6505427664,1.04288188179,0.197572795725,-0.0128232837133,-1.43897829622,0.258895618259,-1.32906461962,-1.75841291114
18,19,3,3,0.649940713185,1.08821369401,0.484745400093,0.793105619634,0.538340383323,-1.87975507378,0.582148511464,-0.934502470437,-0.172035506091
18,20,1,4,-0.674308057574,2.17945415214,2.20675775999,0.377981218028,0.270024422027,-0.910279087919,0.315966488344,0.445991866773,-1.02755104246
18,20,2,4,-1.17309807152,0.990856349072,1.29704293595,0.586817494673,0.708331808384,-1.04004995721,1.20465417509,0.354282441016,-0.360926771466
18,20,3,4,-0.109324002765,1.01567043385,0.612735686209,0.496890390911,-0.209531186666,-1.15939840779,0.468013404488,-1.36316008871,-2.44231803927
18,20,4,4,-1.20435422773,1.15454452421,0.258393522234,1.89172309869,1.1260396756,-1.78279749473,1.2056654528,-1.96464923865,-3.65469824562
18,21,1,3,-0.479058385164,0.262912500893,0.591169633934,0.995277758768,0.538299702096,-0.69867508192,0.889269460467,-0.246610699471,-1.93693160649
18,21,2,3,-1.03346597366,0.744622303264,-0.565829430233,1.71710984491,1.40249725694,-1.51729323278,0.53641860696,-1.67955010213,-4.32041617576
18,21,3,3,-0.452349118396,-0.0828734300261,0.989281021026,1.81718992609,0.876623610452,-2.01000987954,1.47849770582,-0.103957372079,-0.384258334193
18,22,1,4,1.17512581816,1.9246718443,-1.91037294963,0.0366713356617,0.812951296304,-1.28256250825,-0.238968703103,-2.38070300423,-2.10066946561
18,22,2,4,1.10685642607,0.919839208945,-1.54280744384,-0.356347686629,0.973988592719,-1.23513202916,-0.382473600403,-1.29058187718,-1.16697703618
18,22,3,4,-0.146263971087,0.874994934673,-2.14871644091,-0.110441870618,1.42366629793,-0.580634817238,0.0751844881436,-2.52584428756,-3.2536403644
18,22,4,4,1.40671676916,1.00332663919,-1.2781019791,-0.487069579553,0.934319885105,-1.67256178278,-0.583552374853,-2.06658640715,-2.23862861106
18,23,1,3,1.02987120232,0.0982727564337,-0.239515474207,0.672532935027,-0.32356730751,-0.613327737205,1.31950655258,-0.335365144711,-0.0858598759816
18,23,2,3,1.6274365631,0.653849738085,0.412733112098,2.01318284804,-0.0132456785724,0.994211269299,1.08251020529,0.155116440798,0.487905387749
18,23,3,3,1.50707426161,1.01018209974,0.313876690907,0.787234728648,-0.0284505165739,-0.0326635305055,-0.0137619352345,0.119146327244,0.302890362828
18,24,1,3,0.691250301583,2.00837256597,-0.118848369053,0.80142895907,0.335250029454,-1.64577576857,0.492301219207,0.668454306527,1.58017182856
18,24,2,3,1.41329245042,1.58429785203,0.0776983772172,0.381209761502,0.470138271668,-1.54367860453,-0.357391338648,0.362080799867,2.37729627254
18,24,3,3,2.65568219228,1.75372894618,-0.722933060003,-0.0375998873111,-0.32080891287,-1.27644792818,0.144818746166,1.24274079385,3.75627429241
18,25,1,1,0.467628291183,2.99313036049,2.0178751401,0.715834287123,2.47459380376,-0.0907486621661,1.57291099014,2.37559702938,1.37709471529
18,26,1,2,0.51191693897,0.617909142921,0.492169644902,-1.53438788617,-0.840646062599,0.198521103907,-1.8069073069,-1.57292499741,-1.15533635054
18,26,2,2,1.03579332192,0.853650511729,0.101060769234,-1.88296281595,0.410962690728,0.666687927579,-2.30657063313,-0.955946651331,0.51422971055
18,27,1,2,-1.5247044917,1.90488456122,1.04564539909,-0.385233021612,-0.294827492728,-1.64159042342,0.166806959823,0.665590424897,-0.159225851504
18,27,2,2,0.124477372862,1.94424380189,0.211757608438,0.51043383057,0.179027891324,-2.24285864601,0.871239932098,0.0629351535057,0.0941759645179
18,28,1,1,-0.733401231189,0.186745779536,-0.284114616648,0.633679886087,1.09390362575,-1.56372533119,-0.287366292067,-2.27789905874,-3.81444334411
18,29,1,2,-0.387317990745,1.22615212134,-0.17412499233,0.110227917029,-0.390316121402,-1.77064497271,0.720303557618,-0.97524469911,-1.30929191839
18,29,2,2,-0.684425968577,1.32923266893,0.246678047055,-0.44715261042,-0.899718203945,-1.87867002953,0.0398728643741,-2.03805916327,-3.55994997044
18,30,1,3,0.812017730652,-0.0140980608848,0.907714757529,-0.00379160993884,2.24551828541,-0.977824450962,0.209881755068,0.410351748241,-0.764748552436
18,30,2,3,0.0874683155761,0.231902078484,-0.112181476512,0.0841086349355,1.50546580982,-1.65083556098,1.81253413302,-0.518337068592,-2.36669488557
18,30,3,3,0.718998552713,0.230472029155,-0.65610190824,1.16533556191,1.82014226969,-1.0174521583,1.17564636654,0.155176609986,-0.960865835286
18,31,1,1,-0.493995003563,1.87386186531,-1.96436705537,0.29608519638,0.566160886701,-1.11334133885,-0.217513510407,-2.30661249632,-3.53617739939
18,32,1,1,0.128126173232,1.10351545318,-0.297939807515,0.230723735935,0.473630254998,-1.43781405594,0.932237985673,-1.08004790893,-0.91972455487
18,33,1,2,-0.366939794564,1.68200880868,0.37961956128,0.391838019608,-0.729993280934,-0.844594346056,-0.557453509087,-0.963190221896,-2.48904603266
18,33,2,2,-0.614958150023,0.393788821479,-0.604576073813,-0.298823800423,-1.13093224495,-0.00954211729396,-1.156044734,-0.392026220556,-1.13263115942
18,34,1,2,0.304112778949,0.810725978307,-0.118861103598,0.297468715563,2.96865578081,-0.69039301264,1.40991642847,0.940786714317,-1.02030936383
18,34,2,2,0.717749337312,0.649126508778,-0.727899903058,-0.682072130132,0.86778359655,-0.369473192812,0.0757319103057,0.0873278913635,0.178105041106
18,35,1,3,0.724302407859,1.33523348027,0.914703888978,-0.568580833103,0.63952189962,0.23577791327,-0.266527586231,0.403184148081,0.0292156891915
18,35,2,3,1.53181872557,-0.0781518683152,2.34473751321,0.508665804812,1.08118812693,2.21506968942,-2.2798991967,2.08624834002,4.83788345771
18,35,3,3,0.241351196871,-0.02336779896,1.64272065859,-0.195245762707,1.02691371348,0.42816355484,-2.09353141645,-1.01978021422,-0.875023621735
19,1,1,2,1.28346228159,-0.141959285822,0.295244071284,-0.103170598663,0.676535933695,0.0441823617551,-0.699786919992,-0.0833077357316,1.01853582118
19,1,2,2,1.38451320057,-0.52083880205,1.51924369389,0.421226475532,0.402089445499,0.926593505574,-0.387345166437,1.21844357328,3.41361564124
19,2,1,3,1.7497915639,1.46121608881,1.34155560689,2.78552741673,1.23323258192,-0.105153082078,-1.89439402794,-0.377895200511,1.06413042438
19,2,2,3,0.86373979895,1.25400523559,1.50470818201,1.32232986743,1.80172300054,-0.6227481417,-1.18467104045,-0.865676652392,-0.636387150981
19,2,3,3,0.0812293275871,1.29900341365,1.7354431598,2.31382847142,0.939029087225,-0.510047835107,-1.51349890762,-1.18775707631,-0.569849312317
19,3,1,1,-0.846286093004,-0.836149347013,0.76408910033,0.11936128788,0.905805814679,0.242298500428,0.488998431121,-0.578551791762,-1.17311489693
19,4,1,3,-0.306379377315,0.0621788096219,0.760733322029,-0.113859591386,0.437039562476,1.32691140382,-1.37483498846,0.267286920772,0.526309709565
19,4,2,3,-0.72895373473,-0.188076143412,0.102496944806,0.0420637348074,-0.128229177597,0.355508423538,-0.768693327156,0.0177331221858,-0.331172102644
19,4,3,3,-0.380158409638,0.0630237650542,0.332068705516,-0.406361126513,-0.401940560077,0.1112523501,0.273008410103,0.342135929345,0.318926382187
19,5,1,3,0.227688620315,1.39829894394,0.78266853161,0.365879929147,-0.0827963792515,-0.649160639282,-1.44233395322,-1.47148131931,-2.03022842374
19,5,2,3,-0.212943818909,0.086938549665,0.030501546289,0.395338332283,-0.475496803289,-1.38801423119,-0.742672152429,-1.12195882956,-0.640362274051
19,5,3,3,0.454248565277,1.16224323428,0.397316037293,0.0627780465235,-1.2523331354,-0.778000076479,-0.753269979101,-0.70558983494,-0.0701617739967
19,6,1,1,0.662815790354,0.300237713713,1.44701403663,0.354182682993,0.574205614125,1.79746226918,-1.03383373498,0.581747548146,2.14717798709
19,7,1,3,-0.433049800558,-0.327252828208,-0.150937790036,-0.756777942535,1.41937573427,1.46823979418,-0.56869600802,1.55413278495,1.68929973162
19,7,2,3,-0.228609343686,-0.00267083157308,-0.41228730923,0.654188278975,0.620240166812,0.573290511219,0.414951820704,0.43233411985,0.226443746389
19,7,3,3,-0.167645437661,-1.59667965288,0.168853359873,-0.588178577651,0.419494320012,1.99749194958,-0.200819291582,0.685270739017,0.687817796412
19,8,1,3,0.56156754562,0.160893371342,1.67707739198,0.687674051827,-0.414316168066,2.32006185659,-1.04966043225,0.57988897316,3.79179988474
19,8,2,3,0.240174164792,-0.137927884054,0.131652879625,1.01339750073,-1.10584519012,0.718485329772,-1.40918103403,-0.361748199249,2.07078133325
19,8,3,3,0.177955861929,-1.35264992536,-0.35993549913,0.136813219331,-0.0272669507833,1.47637776279,-0.110615285124,0.830103967109,2.74437139569
19,9,1,1,1.45558678026,-0.814521758658,1.38116216819,-0.953916068653,1.72380239172,1.66549199274,-1.96172788129,0.948044568165,3.6076945916
19,10,1,3,-0.494684952146,0.0299169327758,1.62924484428,1.47395039718,-1.09286914869,0.103643132489,0.742381094218,-0.903827664264,-1.54705285388
19,10,2,3,-0.116748314778,-0.544171504688,1.68511878674,1.36455930084,-0.429741311271,1.15884898041,0.962380478255,0.840258164159,1.40227943221
19,10,3,3,0.608995666584,0.425740013977,1.71663145948,1.78354135372,-0.900281040077,1.01734955415,0.173653768952,0.583204290126,1.2420819392
19,11,1,2,-0.323269252561,-0.416336161082,0.474949720611,0.741760091734,0.148061390847,-0.532330654834,0.226569026136,-0.258263074375,-0.220435477964
19,11,2,2,-0.798793044524,-1.13287684227,-0.540154398464,0.317550448885,-1.53705328567,-0.468097325968,0.556726741409,-0.883978478535,-0.991757875512
19,12,1,1,-0.406059016633,-1.36351169384,2.14491581966,0.840905066002,0.681542131803,2.26588083508,-0.667984111926,0.302050371607,2.35511048211
19,13,1,4,-0.097561735945,-1.26051754078,2.41390104475,-0.78323472352,-0.0484641569948,0.646412648954,-1.19052068577,-1.67183343067,0.422708411837
19,13,2,4,0.940015022221,-1.12861939473,3.61787939556,-2.52970591846,0.168262551113,3.01910951718,-3.81962974401,-2.89609876493,1.84341846105
19,13,3,4,0.358865080917,-1.30780867426,2.30622817123,-1.24733529222,0.179583071028,1.24096647729,-1.59288458131,-0.943460960882,2.09225949321
19,13,4,4,0.538949461486,-1.21872561719,1.87405398081,-1.49863144343,0.437555655235,1.14488157813,-1.44202812404,-1.11413556607,0.962571996298
19,14,1,1,-0.010920318373,-0.914551555716,0.941191063604,0.195456220268,-0.387281519967,0.127998836166,0.766388604761,-0.351558520166,0.348358073006
19,15,1,4,-0.327091344222,-0.324321507022,2.50947944508,-0.0284619951992,0.911543747552,0.386367734178,-3.28047729187,-1.9651741666,-0.189003447208
19,15,2,4,-0.706300022034,-1.51283070332,2.04436672674,-0.505347894924,1.75138269798,0.421207600224,-3.21078849188,-1.86525112973,0.146919106522
19,15,3,4,0.313006786802,-1.0164683124,3.11871550888,-0.800288679465,1.70201800469,2.80625636634,-5.03657719414,-2.06181263303,0.54695187871
19,15,4,4,-0.344769205126,-0.960511935406,2.61769839326,-0.340610524498,2.75743504714,1.1312616621,-3.22216616115,-1.61986051904,-1.18565953738
19,16,1,4,0.0596908621187,0.326258993885,0.343103519865,-0.901486744638,0.580599307998,-0.322275508657,-0.979478082423,-0.830776626906,-0.0507544455823
19,16,2,4,1.02557290039,0.0527841698268,0.123683679311,0.318668482684,1.40405882797,0.216123831947,0.2635626664,1.71957263075,3.68603496908
19,16,3,4,-0.0546881744109,0.601821268134,1.12474109664,-0.787592796844,0.707555483888,0.409486472888,-0.180442153534,0.973803708514,1.45166369211
19,16,4,4,-0.140914899916,0.216767538816,-0.584294253736,-0.612044250093,1.24994255055,-0.508597448019,-0.118950262889,-0.500802421892,-0.356330755804
19,17,1,4,0.294305224862,-0.084323831331,1.68599280578,0.847793920164,0.446841049898,0.658385325702,-1.31716189005,0.17980523362,1.93506912047
19,17,2,4,-0.30517182341,-0.0174398428862,2.03763189643,0.656203296154,1.36685709018,-0.101337865261,-2.15251959187,0.769148304166,3.42051060601
19,17,3,4,-0.106501606374,-0.370606624868,2.22343869436,0.597350370316,0.846583780509,1.30184781956,-1.54265488252,0.538543484134,2.882155889
19,17,4,4,0.301624583789,0.492302760912,1.4539560919,0.309630173264,1.07002472897,0.441828396265,-1.93427027876,1.12902083711,3.1330423046
19,18,1,4,0.34965935646,-0.0428618995093,-0.610659109238,0.374997290769,-0.621489100957,-0.53344552538,-0.485227263667,0.0317808864293,1.19837780014
19,18,2,4,1.76659201731,0.103838327597,1.08128477743,0.206483666631,0.505529020762,0.596599668665,-0.923282083474,1.83184543739,4.72873638156
19,18,3,4,0.877181375948,0.0959543569162,0.543792641182,1.38944219276,-0.220726508504,0.799976848754,0.00979145765806,1.30174643496,2.97319171506
19,18,4,4,0.87460705265,0.651826148426,-0.0132541454746,-0.0664616341353,-0.92023407346,-0.468956296082,-0.310133752052,0.0451761829331,1.39986982618
19,19,1,1,-0.823659305949,1.16438028432,2.04500465211,0.796815914747,0.246306987972,-0.516800156558,-1.00110991645,-0.265580728456,1.19356051778
19,20,1,2,-1.00229368543,0.573441595806,2.13480634967,-0.487582490813,1.27865009089,0.49572278987,-1.12803624605,-0.00327835691643,0.665683530483
19,20,2,2,-0.85229765265,1.29297327008,1.30900902053,-0.119194562852,0.807465685942,-1.16862328643,-0.88517404243,-0.568450446981,-1.08261743492
19,21,1,4,0.461859545026,-0.409093065583,0.181072679541,1.12552845454,0.423870105214,0.457868583255,-0.986263584123,0.0344011230581,0.268055103255
19,21,2,4,-1.13779890408,-0.349791882111,-0.0979738233101,1.31806701658,-0.415795491226,0.334771294781,-0.660927371986,0.00709564327448,0.286425539011
19,21,3,4,-1.32835003078,-1.27914471394,0.845034217087,-0.372401584554,0.487906876885,0.400394931746,-2.36050453549,-1.48863675081,-1.35321006966
19,21,4,4,-0.789652595398,-1.36488053082,-0.123559796587,0.515960059481,0.784010853147,0.31195531669,-2.11072170147,-0.498561354931,-0.00201498904519
19,22,1,2,0.181598255095,-0.398292156839,1.79231637525,0.899037650734,0.0193666949074,-0.516985595743,-0.771380749993,-2.21640275005,-1.34829360438
19,22,2,2,0.265591257555,-0.934682886065,1.92597873791,0.984021183089,0.126150080015,0.382647510572,-1.46813243741,-2.11442530335,-0.346501312736
19,23,1,2,0.905692399451,-0.194065471087,2.90003582287,0.17547200312,-2.17443930287,3.87817530788,-0.989773860076,1.7080637911,3.80856838539
19,23,2,2,0.598389169816,0.334267696454,3.19526470954,0.251137444516,-1.5552525314,3.60288349901,-1.6078219431,1.70932192378,4.20275722117
19,24,1,4,0.0915236239045,0.458614153973,0.0261067831871,0.101403638529,-0.544873218831,-0.31435570809,-1.71023551895,-0.789289712311,0.184961744115
19,24,2,4,-0.0752633934963,0.43352433504,0.411358890924,1.22860714687,-0.474225105999,-0.474424799513,0.190772631955,-0.69942717417,-0.0439521248394
19,24,3,4,0.759536261764,-0.161286682253,1.29930030287,0.638263380684,-0.359027985058,0.299016885175,-0.901386312703,0.43542464024,2.69355450442
19,24,4,4,0.206703082947,0.570064148811,2.21260172137,0.319765885019,-0.509223983149,0.250781186147,-1.38224935808,0.771080374989,3.89625954259
19,25,1,3,-0.788549500644,0.226200834695,0.696939993853,0.441152129303,0.398178911307,-1.82246459038,0.329389077021,-2.24081725426,-2.22839732486
19,25,2,3,-0.462333830921,1.03470220168,1.09919882795,0.386502997731,-0.00294127937556,-0.734206658147,0.235476024168,-0.541093561297,-0.369914035948
19,25,3,3,0.060474224358,1.88497090751,0.493524527202,0.556705838944,-0.194963874582,-1.66728992022,-1.11306771879,-2.20901893528,-1.64264223415
19,26,1,3,-1.42215436917,-1.38981659524,-0.319362254624,-1.29255692997,-1.15885998561,-0.18435398901,-0.833209883733,-2.20254777745,-1.68951890065
19,26,2,3,-1.21056897683,-0.547989811425,0.720070192637,-1.69956149387,-0.481965971511,-0.0533730169884,-1.28205698168,-2.97808801852,-2.95106101331
19,26,3,3,-0.574469292556,-1.52505480415,0.850545229256,-0.779158134476,0.114310340674,-0.473741086415,-1.06228955714,-2.08875009845,-0.841650756478
19,27,1,3,0.148954406598,1.00469087545,0.994502285852,-0.847677253525,-1.21743297039,-0.769816106599,-2.44571092607,-0.616788652869,0.700275872827
19,27,2,3,-1.09920902031,-0.101547666678,1.47001746531,-2.33447547985,-1.8966459664,-1.03592211547,-2.72564410125,-2.81704041873,-1.40041049273
19,27,3,3,-0.0777528600871,-0.000607674986807,1.82788777986,-0.596509475041,-0.424060388247,0.19957861979,-2.77157611078,-0.23989814902,2.37183397226
19,28,1,2,-0.582391833965,0.25502609428,1.28352157892,-0.00829732397688,0.817519788525,-1.072915624,0.0917320634176,-2.29614683791,-2.79008245887
19,28,2,2,-1.27603538975,-0.792191292921,0.473779533895,-1.25486181795,0.847372843945,-2.2892553119,-0.342244663416,-4.42770540644,-5.31491373849
19,29,1,1,1.1336047919,-0.180348101741,0.225368691488,0.165568631991,-2.01545449916,-0.78040424046,-0.0403369560517,-1.27899315535,-1.28590918798
19,30,1,3,-1.31627106911,-0.458517206682,2.15663415709,0.201339689381,0.339792516555,0.0119147071011,-1.82941427642,-1.45173746295,-1.49529402915
19,30,2,3,-0.80066358898,-1.22782814055,1.54960527639,0.726049335615,0.20761814422,-0.361372843396,-1.01545068881,-1.52904542809,-1.06383830873
19,30,3,3,-0.45722597511,-1.56243608909,2.63478845395,0.652754139545,0.792660484049,1.79301016382,-1.66069633833,-2.82343052858,-2.13451860264
19,31,1,2,0.570728148891,0.679948781036,1.87844335302,0.71280208679,0.898716941695,1.25919945564,-0.862216805155,-0.402856086997,-1.3529886651
19,31,2,2,-0.181857364571,0.589972994635,0.959734851097,1.3585778651,0.875635104616,-1.28178218076,-0.496631234258,-2.10053713145,-3.64413428701
19,32,1,2,-0.967884002039,0.503380382455,1.62726273047,-0.930824102642,1.15305701878,-0.654186790882,-0.984517434968,-1.25895927143,1.05253623579
19,32,2,2,-1.13191837695,0.1842565751,1.90938247818,-0.725607433576,-0.521106925992,-1.42421722049,-2.86795579851,-3.27868659447,-0.851733707543
19,33,1,3,-0.741530379468,0.991935678986,2.59210214237,0.896622788077,-1.51930422191,0.444972098635,-0.697977166272,-0.213422965979,0.797797215606
19,33,2,3,-1.59397023552,1.19684835454,2.95168730193,0.927630765221,-0.78871849669,0.622495146618,-0.175063179479,0.334450245651,1.43950046689
19,33,3,3,-1.04655334814,1.15646096855,3.20734948088,1.72917692338,-0.513483740369,1.72795531922,-0.709433865139,0.935786816815,2.4525127738
19,34,1,1,0.27746330584,0.949361753729,0.0547562337712,-0.819139559113,1.57832408923,-1.12720091133,-1.07128342578,-2.14589404849,-3.6690426941
19,35,1,2,0.968476419158,-0.470213605031,2.17378857159,-0.974117143385,-0.26611757869,1.49249543765,-1.15360871672,0.0861219614214,2.59154406817
19,35,2,2,0.822018561649,-1.09239941745,2.35955058362,-0.42076252276,-0.240653665299,1.66195184453,-2.13011785354,-0.628820234947,2.15264481943
20,1,1,2,0.993318835385,-0.765287161797,-1.12693817678,0.132603116873,-0.182514811471,1.14076867693,0.74683541434,2.00600828047,3.14016167293
20,1,2,2,1.15952778598,-0.131009707637,0.597373906957,0.689592595236,-0.661890497945,0.916450237135,0.539013797147,1.38807232606,2.4093023318
20,2,1,3,1.53144609792,0.928127581663,-0.224224714198,1.76509226763,-0.225517985059,0.725248400666,-0.660156303546,0.411512743422,-0.0460241198123
20,2,2,3,0.0478650358356,0.148072789287,1.24683247663,2.16320497551,-0.0903702796247,0.721955310155,2.30724662433,1.50281764722,2.20713202067
20,2,3,3,1.27849826538,-0.336718012544,-0.267571942953,1.74572654761,1.51427758474,0.546767657987,0.419450705445,1.71673565292,2.01643415889
20,3,1,4,0.176340449814,-1.0129439059,-1.03969795724,0.522073144593,0.722576533017,-0.0965786797665,-0.0117028952377,1.68468264794,3.39661517968
20,3,2,4,1.04781854098,-0.697339860256,-0.989620006629,1.10748129907,0.417447265889,1.59636773364,-0.799983813067,2.96782565808,5.7930299636
20,3,3,4,1.45695676499,-0.396828987704,-0.313081453633,1.24833323385,0.593952127391,0.724840099166,0.253659096514,1.18707707788,3.13994396841
20,3,4,4,0.911115986966,0.193765284088,-0.544657166835,1.02191016924,0.346616615155,0.891016782112,0.559365685117,2.00561804207,4.27187510849
20,4,1,3,0.78949998421,0.0485894167719,-1.06788464544,1.42851613213,1.06277218199,1.33989004417,1.23820145144,2.55204702863,3.2954910137
20,4,2,3,-0.258601810151,0.246566451199,-0.909246816434,-1.22344542905,0.483264679877,1.17181871069,-0.28674685943,0.100033687628,0.0105321864751
20,4,3,3,1.27721827794,-0.114453249334,-0.623651363918,-0.625470953058,1.48778520705,1.50035532129,-0.654245420817,2.19945957105,3.05108377442
20,5,1,4,0.540742788662,-1.56465897664,-0.638677568003,-0.0462342084005,-2.11977372993,0.460746479904,-1.05092830207,0.466691534896,0.676492858551
20,5,2,4,0.049506672067,-0.875125483831,-1.58661275579,-0.743401401613,-2.27838413334,0.112596412677,-1.11725873987,-0.274714757873,0.933208448899
20,5,3,4,1.06958224117,-0.0582184283668,-0.74754262488,0.0978523728645,-2.51568353159,-1.01054671639,-0.891863639528,0.00984193779149,0.206797151631
20,5,4,4,0.683160055565,0.117826081469,-1.67956110813,-0.0421167957899,-1.10455516812,0.0844566576105,-1.9656105205,-0.521757559982,0.822217475939
20,6,1,4,0.407792818045,0.107708512584,1.1751192094,-1.30084284397,0.328404062059,-0.260434976321,-0.716246104594,0.889319435309,2.3730479296
20,6,2,4,0.231857803523,0.836311273256,1.32044881838,0.48474789751,0.248065213479,0.352457755946,0.814068104131,1.48875004235,2.47781435548
20,6,3,4,-0.430731439409,1.20328180596,2.9104555622,-0.0388588081402,0.772459920622,1.7333959976,-0.577175701062,2.29203245146,3.5740954784
20,6,4,4,-0.64972782017,0.338684892544,2.45207657218,0.142767904277,0.154858093144,0.793486988952,-0.510494891831,1.49467197332,3.01866746504
20,7,1,1,0.0693066687965,-0.0704523739367,-0.866823733145,0.758031760317,0.727548750334,-0.131601202574,1.22224532594,1.52716355534,2.8688655287
20,8,1,1,0.91719536145,-0.432473703603,-1.24567508341,0.265413682478,-2.04666511652,1.73850235152,-0.377438997698,0.910443674497,1.89253222789
20,9,1,1,1.09138415283,0.387108887745,0.0439421181515,-0.817422298531,0.449536576593,-1.54008154999,-0.435298150671,-0.0566649870579,-0.329822123589
20,10,1,3,0.550573451804,-0.0743521405655,-0.84488747133,1.28750462226,-0.868485258526,-0.0307834274048,-0.165113000899,0.564184053269,2.10074589044
20,10,2,3,1.19811903396,-0.849716512839,-2.00814567294,0.384809858835,-0.454114703208,1.32996919023,-1.37111364153,1.67399675822,4.1562230638
20,10,3,3,1.4219437939,-0.000767865082078,-2.27539179878,0.664239768566,-0.461811075864,1.59328898715,-1.87436012311,1.33087525863,3.30926537879
20,11,1,4,0.245879208993,0.267550035754,-2.19737907779,0.477749130898,-0.925889785829,1.35780222223,-0.0277917732083,1.56983312722,2.50981530186
20,11,2,4,0.240203040207,0.173225666529,-0.394891757636,2.4828801746,-0.449036654664,0.853904937416,2.73008013603,1.96277388677,2.61941073324
20,11,3,4,0.488244671496,-0.609164406749,-1.17049464491,1.95621080697,-0.287286222299,0.361486323391,1.61204366219,0.627445333751,0.972903655963
20,11,4,4,0.162025947474,-0.121732011693,-2.4949510472,0.691924790778,-0.214690568501,1.66331199432,-0.11165721935,1.73191522861,3.44132074181
20,12,1,1,-0.253067126857,-0.332097093764,0.712158630147,0.114491475725,0.33358558387,-0.23103213699,-0.163948748063,-0.124074999608,1.00361938043
20,13,1,2,1.19634630358,-2.04693236423,0.108857569911,-0.648358271061,0.316146540321,1.13396702478,-1.25178607108,2.2761498128,4.61796151109
20,13,2,2,1.32962303889,-1.20205876126,-0.547956676057,-0.725507946206,0.0652537729919,2.0419084309,-1.24852387295,2.54848252751,4.68326808129
20,14,1,2,-0.151879513875,-0.504716435947,0.0939180249027,-0.103348922009,-1.5471093455,-1.11073319644,1.10747002057,-0.437315301358,0.526054946814
20,14,2,2,0.913803255596,0.21255324268,-0.0046684845011,-0.0715652734093,-0.411730851605,-0.676222184039,-0.669368506417,-0.453912603013,1.03731563358
20,15,1,2,0.175910463029,0.725210293689,-0.0373500191136,-1.07242378281,-1.32077356664,0.168839009195,-2.02431691382,-2.48500692292,-3.81053004791
20,15,2,2,0.75651176179,0.428708926462,0.802334061655,0.756730280843,-0.700519889631,1.70408291536,-1.92506053851,-0.42741657324,-0.437445552619
20,16,1,4,0.00870386028642,0.271326088259,0.414727704208,-0.283750399784,0.365488201179,-0.242781975087,-1.28389121216,1.14640986122,2.42610310395
20,16,2,4,0.692666725775,-0.749606953724,0.0597027600589,-0.530386063268,0.296542778261,1.75732834656,-0.495975667826,2.27849764793,2.59464101564
20,16,3,4,0.407027082484,-1.5399560364,0.0651232751106,-0.611908937674,0.205261605163,1.38704501428,-1.02234581687,1.47286120883,2.7406746844
20,16,4,4,1.01041708433,0.495106299269,-0.986215807965,-1.28438105129,0.0136586524336,0.47383256844,-2.15424469995,1.21727660479,2.88087702342
20,17,1,4,-1.00573760939,-0.806812770443,0.398770748622,-1.15552534893,-0.724866173006,-0.540178470548,-1.19246311445,-0.703438638102,-0.622378379633
20,17,2,4,-1.01644999331,-0.655505438055,0.266660796619,-0.539318620043,-1.34367095757,-0.145771773518,-0.829662090533,-0.367530439051,0.578916064777
20,17,3,4,-0.974219674832,-0.675300068916,0.49604643361,0.325487741677,-0.462629154302,0.214664612824,-1.13183020606,-0.153826790898,0.340298342145
20,17,4,4,-0.609015700767,-0.917273830764,0.963393604882,-0.156229753493,0.184384676533,0.513334105772,-0.960430397682,-0.04651154879,0.785331001367
20,18,1,3,0.636586317097,0.913092078772,-0.321743870543,0.824287347514,0.642037495215,0.953390532081,1.40000005037,1.73763052626,2.79019853872
20,18,2,3,0.735671183788,0.946391304053,-0.688493342677,0.119694862866,-0.158836475623,1.02112003926,0.429874433021,1.24501641244,2.50494894609
20,18,3,3,0.815930194667,0.0886023814796,0.186692170829,0.686989991821,0.263443560585,1.06171246008,-0.50064854997,1.52534491421,3.82979419972
20,19,1,2,-0.306748813674,0.614083654101,-0.42277300353,0.449103943334,-0.602992492401,-1.21316068165,0.393136293032,0.225761319932,1.14887428945
20,19,2,2,-1.08820543392,1.38834161662,0.0124247072277,0.0149242713212,0.140902021852,-1.13131637652,0.741205744444,-0.0828173130548,0.309772871703
20,20,1,2,-0.984838771844,1.23978101817,0.77593868184,1.27911191768,0.385642257487,0.180855541324,-0.0743469221966,-0.595360982847,-2.93842590339
20,20,2,2,-1.15249851584,1.21358911616,0.682667753184,0.594371064693,0.0867052043864,0.159715182431,1.27047714287,1.50890903725,0.109434678785
20,21,1,4,0.454328139024,-0.357066374981,-0.813497645744,1.7490992703,-0.187394778064,0.968497167273,-1.55463825741,-0.886214489564,0.0704718842895
20,21,2,4,0.182992117032,-0.903288776323,-1.26511363098,1.91635490123,-0.303620322773,1.06389727397,-1.2240392014,-0.342257661479,1.07782043294
20,21,3,4,0.0779294975507,-0.369236507911,-0.900856701157,1.70171562453,-0.0227741056338,-0.492448961397,-0.647330099154,0.196741790408,2.70675985102
20,21,4,4,0.922460512826,-0.448620261671,-0.975199125408,1.3133383832,-0.394382941451,0.137115263997,-2.1915604177,-0.112593617242,1.96015410657
20,22,1,1,0.339484134479,-0.668564855043,-0.929837499823,1.66851015387,-1.02989323627,-0.956592439614,-0.474227234996,0.0195171756199,1.56910360202
20,23,1,1,0.190473483426,-0.652240466059,1.16768082347,0.843433997774,-1.13167766761,1.43481479486,1.06749806171,0.801409404131,1.84642678061
20,24,1,3,0.250986643108,0.0322985912552,-1.02598981932,-0.754096806456,0.443250371744,-0.217920171958,-1.73715975411,0.332226576339,1.74500599567
20,24,2,3,1.57025810619,-0.455346598093,-1.22770086171,-1.37734461076,0.14282948486,-0.0284947528873,-3.03395483951,-0.594848346587,2.11358235598
20,24,3,3,1.32147316521,-1.08267651706,-1.6774406086,-0.700112546047,0.284632854103,0.659203057204,-2.01469611693,0.84626430514,3.38112106019
20,25,1,1,0.336478771255,1.59539132636,-0.173300973734,1.10314468362,-1.04040209249,-1.28490016114,-1.57566662238,-1.80162535374,-1.65624142722
20,26,1,4,-0.45339390247,0.130637701898,0.413765303946,-0.213253343818,-1.12937867557,-1.475429856,-0.825402133868,-1.29288930419,-0.145888550099
20,26,2,4,-0.497291394415,0.281479542755,0.360676345861,0.523491223647,-1.19744707384,-0.657720241192,0.327200132353,0.703507298638,2.78363515855
20,26,3,4,-0.288302047873,-0.552198178675,-0.0366336469404,1.01944827853,-0.611215549306,-0.694240167708,0.291120664614,-0.236453541061,2.03203088742
20,26,4,4,0.17369805999,-0.808308973513,-0.363965269046,0.231311262241,-1.83751625884,-0.419949997718,0.272859880938,-0.409283144017,0.315530409824
20,27,1,2,-1.03723404542,-0.722623759582,-0.350802275218,-0.666922132763,-0.935894144431,-0.409378191067,-0.386013925144,-0.0947611317221,2.1253289141
20,27,2,2,-0.506677766539,-0.897959341811,0.0191133052196,-0.190250547052,-0.342759393554,-0.352030021479,-0.365897318221,0.360815778338,2.3902639044
20,28,1,4,-0.273305239721,-0.578266411259,0.0600681416146,-0.473772660655,-0.541182527293,-0.300834507898,-0.409252133221,0.363560792375,1.26301102831
20,28,2,4,0.7773466604,-0.804511360084,-0.203763384488,0.522386717828,0.0587194898785,-0.355356076037,-0.321791861833,0.638446867425,2.540757584
20,28,3,4,-0.146166322657,-1.17926430288,-0.111431723916,-0.047608138042,0.368183235197,-0.933361683003,-0.976168771383,-1.81993648983,-2.01597756882
20,28,4,4,0.355153654744,-0.619119507785,-0.599018852651,0.513069347459,-0.414994694474,0.127709261574,-0.116413176466,0.188937350217,0.93205453478
20,29,1,1,0.188485633451,-0.0533155243633,-0.458655811243,-0.309254131499,-0.987614676201,-1.27023905965,0.431891610414,-0.950586837619,0.0675554417683
20,30,1,4,-0.655826268355,0.386052353129,0.111060133459,0.624182862551,-0.0971492632694,-0.290313385826,1.38944567473,3.23102016769,4.24184991368
20,30,2,4,-0.173404651817,0.966112996818,0.169339045065,0.445277318577,-0.0591823101388,-1.01247417668,0.176584572343,1.87841250418,3.01206746298
20,30,3,4,-0.759914145179,1.04167729761,-0.230395566539,-0.410544128715,-0.00793106986452,-1.88364836241,0.901103863735,1.44059419325,1.62571288498
20,30,4,4,0.27523140415,0.525434266268,0.233436320554,0.318484194658,1.13594004075,-1.03547877548,1.37125020503,2.43754623402,2.62051970372
20,31,1,2,-0.666485192718,-1.36326073338,-1.24206112116,1.83195471125,0.645747072763,1.16509159908,0.411270440964,0.672340444218,1.10621996101
20,31,2,2,-0.271220685729,0.27141090673,-0.838880514578,0.264835670669,-0.333828029758,-0.164676215869,-0.220477091181,-0.988848122028,-2.21435683477
20,32,1,1,0.0547851280392,1.26368021466,-0.800144713399,-0.00630295968828,-1.07961350981,-1.29765190085,-0.0026663570351,0.0369472006791,0.554079261033
20,33,1,1,-0.749337428483,1.40477454152,0.0586414334975,-0.522055160976,-0.879145497543,0.649312112475,0.516271282265,0.873357858528,-0.278087213562
20,34,1,1,0.833131182646,-0.220291175021,-1.10259665547,-0.227720659579,-0.979496180298,0.13143043789,-0.937742463309,0.0600862941526,0.00111023430392
20,35,1,1,0.2829712449,-0.249575489868,-0.0246319754239,1.27644340916,0.406543711882,-0.500931514336,-0.0520043357748,0.69256944291,1.3355797932
21,1,1,2,0.087131119737,0.825858256672,-0.0411606093978,-0.440263156206,0.961719015975,1.00570636252,1.63098250235,2.72950159469,3.51962149625
21,1,2,2,-0.640380819404,1.20856278512,-0.427079903201,0.530749233183,-0.70592667494,0.0482490018706,0.597341640667,0.705439337919,-0.449781842949
21,2,1,2,-0.0737089953316,1.72971621608,0.209548416253,-0.461309582278,0.287342424273,-1.52392929586,0.584753224806,-0.989307305137,-2.98295236945
21,2,2,2,0.0525467809762,0.637369883504,0.913450777424,-0.179584807392,-0.469819978441,-1.55104920798,0.614704822298,-0.460568503387,-1.20744807928
21,3,1,2,0.726913842164,-1.17479294826,0.969896119605,-0.404073966039,-0.268170466058,0.920313879034,0.166745264119,-1.08674459142,-1.80377509721
21,3,2,2,0.176053443385,-1.01315522717,0.0401806785522,-0.209269008711,0.0743623202684,0.107725679098,-0.696051562762,-0.888187249899,-1.88858289781
21,4,1,3,1.07498054722,0.739569127013,-0.58758717573,-0.508287811086,-1.83893050175,2.50417744393,0.85243165429,2.88035021665,2.78153537584
21,4,2,3,0.472210238624,2.23613688924,0.253202258428,-0.764662997058,-0.571601137187,0.896846570894,1.1547106563,1.89258076109,1.00043263416
21,4,3,3,1.67400057646,2.08426556527,0.173012870613,-0.673804867746,-0.520549073708,1.17339574139,-0.00436345178936,2.08562399471,2.57595797701
21,5,1,4,-1.01239504456,1.27330113452,0.290829570607,-2.09585783304,-0.833671205171,0.0323419151892,-0.588369788691,-1.67082666589,-3.18661257093
21,5,2,4,-1.35729389495,1.69293970942,-0.920289627491,-0.320308071557,-0.594290163362,-0.343117077485,-0.799835074864,-1.14246899896,-3.56766099754
21,5,3,4,-0.604517893841,1.55193047345,0.36301905952,-1.15054182512,-0.649897149144,-0.210094290282,0.19424089493,0.356673955587,-0.917813352855
21,5,4,4,-0.874869633208,2.04712942852,-0.13617069751,-0.250135865731,-0.469263299941,0.18897671688,0.260161134855,0.00460915813872,-1.93137871545
21,6,1,1,-0.38552436869,1.01290568319,1.23271740795,-1.27191258064,-0.126992404482,0.276402716515,-0.117359993231,0.200385540337,0.133846333407
21,7,1,1,-0.801639729492,0.153914176691,-1.26138308696,-0.381043143292,-0.750531843641,0.64939200526,-0.889121667411,-0.929242828557,-1.30886647313
21,8,1,3,1.19099553852,0.916913458312,0.215112928855,0.331300968522,-1.97323987635,1.42661091253,0.435750739952,2.7693985564,4.14337218187
21,8,2,3,0.487741650604,0.910206087201,0.962866259704,0.213004818228,-1.42812243056,1.72732318725,-0.250594929234,3.0806027231,4.29819158931
21,8,3,3,0.825497244971,1.61933212788,-0.0420542656251,0.379292659975,-1.57905476804,0.622827027243,-0.187851455235,2.11608371301,3.74518583595
21,9,1,1,1.05777706789,1.00316150159,0.33512022908,-1.18199011779,-0.419705629223,1.46505801944,-1.46157849524,0.339664577917,0.610258256165
21,10,1,3,0.825677858374,0.764328087667,0.777063719753,0.465335496678,-1.47100439419,1.14368950216,-0.46545118304,2.33044895716,1.73198075636
21,10,2,3,0.271868518519,1.22227660658,-0.375679488821,1.15545769022,-1.38770355298,0.0118811763351,-0.169145867556,-0.438693430071,-2.32108069813
21,10,3,3,0.699447222402,-0.0193369775054,0.133935853597,0.47120183713,-0.900391617098,1.22351652273,-0.278710395168,0.575824752928,-0.929060755438
21,11,1,1,-1.26892092009,-0.554667139623,0.0519351459549,-0.483779516895,-0.351336062527,-0.348160599021,0.189446006694,0.173817694147,-1.54907426656
21,12,1,3,-1.59132747593,1.4418147025,0.182374949106,-0.288324487276,-1.91650778867,-0.488952240246,0.55385234319,0.0524381444978,-2.53456314747
21,12,2,3,-0.964503383259,0.657487541736,-0.0184614649179,-0.769871937507,-0.998884099674,-0.0822551469803,1.18587557754,2.53098011224,2.53646620679
21,12,3,3,-1.19998126244,0.548073329908,-0.061220559996,-0.567329192696,-1.16525528401,-0.0148996616182,0.496928090282,0.443527779375,-0.972845640305
21,13,1,2,-2.11454448113,-0.250635814104,0.451385436893,-1.38557277579,-1.45467986158,-1.47681104075,-0.0590944330718,-1.68121679824,-2.59805703437
21,13,2,2,-1.8552446818,-1.24266129946,0.483156108773,-1.20652163837,-1.56576370752,-1.07749591134,-0.0976180223495,-1.30548368513,-1.96798142532
21,14,1,2,-0.192532218287,0.389027465008,0.834862428717,0.805853547349,-1.66634774378,-0.556413492093,1.82323352998,0.754603680724,-0.0647134907389
21,14,2,2,0.755760988646,0.68701651815,1.24096659706,0.38736456842,-0.834528391511,0.138676681329,1.28553811353,0.902515791455,0.722071981822
21,15,1,4,-0.36327246702,0.19666556854,0.336793309822,-2.04398452756,-0.171905769576,0.671125105069,-3.26561358463,-2.90654984686,-4.22879318709
21,15,2,4,-0.669102963822,1.05668342496,1.23802200597,-1.69861522326,-0.65196079366,1.12658367158,-3.59752800849,-1.82087260235,-2.35304520234
21,15,3,4,-0.131371737855,0.552939267394,2.06524910577,-1.24194310455,-0.172495111281,0.904242647471,-3.84198479254,-2.91084272103,-3.2071217631
21,15,4,4,-1.30784587257,0.671349376589,1.77950379376,-1.25798324973,0.733695637275,1.30029329634,-1.78066491923,-1.87445852539,-2.77234463782
21,16,1,3,-1.41886268547,2.52287116912,1.5446423789,-0.972022712988,-0.286466603877,-0.597767547856,-0.802648893935,-0.0715488403127,-2.83313593364
21,16,2,3,-1.94933420524,1.54489810322,1.02678174747,-1.03086058102,0.477826960942,-0.836668371592,-0.590880301214,-2.15254990912,-5.18587847463
21,16,3,3,-1.94284109133,2.00753647231,1.48689728581,-0.610837276493,0.0364176362996,-0.581752341134,0.229922398872,-1.0529695906,-4.6863901943
21,17,1,1,-0.0440927242571,-0.110704471288,1.01712171555,0.151743307103,-1.26979433495,1.0574415996,-1.20714124254,0.00941763855993,0.853693575904
21,18,1,1,-0.639085994007,1.54218415719,0.282428507622,-0.932996547401,-0.273977839084,-0.879895803512,0.750547344665,0.415691188659,0.442368349272
21,19,1,4,-0.447850905951,1.63884284139,0.505378572773,0.754928563732,-0.801106555994,-1.07257508753,0.661666588433,0.230540855724,0.411373121459
21,19,2,4,-0.505500492199,0.949174560715,0.453717498334,0.252282000055,-0.219183718864,-0.473320392452,-1.03724959881,-0.869729563452,-1.7514758671
21,19,3,4,-0.763040729891,0.382364280768,0.518221189392,0.725229358812,-1.13514426509,-0.983803008997,0.119581184969,-0.417384188883,0.0911856465089
21,19,4,4,0.0427091461765,2.40780945121,0.472569197029,0.532329545983,-0.477856780796,-1.03964713531,-0.229205751691,0.328215608535,1.26531965124
21,20,1,1,-2.12082046749,1.01566724727,0.167381728701,-0.811404780266,-1.37939302035,-0.260741989695,1.24184930529,-0.486648837813,-2.91427633255
21,21,1,3,-1.73623513212,0.172416752504,0.55205634949,-0.116252545705,-0.316887788259,0.181138130726,-0.288207072192,-1.04055921821,-2.52263281756
21,21,2,3,-2.21614680955,0.511862244054,0.117098670535,-0.284663473009,-0.433538023946,-0.169663236802,0.175292177434,0.188909443004,-2.21372185801
21,21,3,3,-1.13762632267,0.0705962204938,0.0691392466638,0.0692178866196,-0.280999944863,-0.0391841433903,-0.225742575242,-0.316318191694,-1.89327576174
21,22,1,2,1.39922085775,-0.0485384564877,-0.832293998827,0.341310860121,-1.37595912632,0.228191851836,-1.10879443531,-1.07164575824,-1.80956205416
21,22,2,2,0.372926051025,0.477832384862,-1.24480100943,0.515543729993,-1.61557929613,-0.273089535095,-1.40827494059,-2.66986192704,-4.23451876494
21,23,1,2,-0.178007688866,-0.252363366468,0.895556070326,-0.657363851157,-3.30810992101,0.824609535163,-0.214339891734,0.592746746865,-0.506636255858
21,23,2,2,0.109884895569,-0.185152728608,1.2880321291,-0.824083554027,-2.00697512634,1.60476652431,-1.17950757714,-0.0390584307694,-0.563611190915
21,24,1,4,1.42790331274,0.624045900344,-0.37089268475,0.0310697113117,-0.35349368201,0.656675988206,0.152706770968,1.5943615592,2.48419250462
21,24,2,4,0.773497530269,1.94706913004,0.128243101339,-0.190275538863,-0.500799737756,0.833523790521,0.179809040967,1.7350696715,2.91581211128
21,24,3,4,1.35012637368,0.686234940664,0.182390128527,-0.313849572053,-0.954191038221,0.462135800895,0.0852441142394,2.07940562921,4.110552649
21,24,4,4,0.31180867806,1.16811551256,0.898984260075,0.567959850016,-0.0469255448122,0.604123752715,0.331624306248,1.50612561065,2.36866604171
21,25,1,2,-0.742439757809,1.34683993129,0.824127329437,-0.435512941474,-0.810431807722,-1.04992463825,-0.958566825176,-2.18809455223,-2.95541429143
21,25,2,2,0.0526331660554,1.86133908373,0.577230522232,0.116157323258,0.328225031495,-1.3377451676,0.0695529776046,-0.92091246309,-1.1940438414
21,26,1,2,-0.256976988012,0.579780056527,0.110063223472,-0.645519108362,0.313683335421,0.191179207434,-0.516999564223,-1.46537382203,-2.22683257407
21,26,2,2,0.125344428753,0.819227092076,0.713792869198,-0.155914151401,1.15621968192,-0.633279234266,-0.168161105356,-0.774713752311,-1.60824131473
21,27,1,3,-0.791892229532,-1.2103891951,0.351612693564,0.0154920687392,-0.749821467593,-0.230399407633,0.0820434432188,-0.73958379882,-0.41251717099
21,27,2,3,-1.73269811103,1.14656992028,0.670289672373,-0.948918476159,-1.34668657896,-0.504841968686,-0.530144771747,-1.41678204674,-3.6453874001
21,27,3,3,-1.23823916045,0.767322181582,1.46275148363,-1.08658787986,-1.39550782676,-1.16170393997,-1.07871676417,-1.31418841758,-1.86198838377
21,28,1,4,-1.47040984995,0.224271268827,-0.281353001516,-0.0371497670874,0.360491761084,-1.27046741571,0.550976811468,-2.55933724152,-4.50744952226
21,28,2,4,-1.0027863244,-0.407484011407,-0.432454520037,0.144779183983,-0.343876132011,-1.26741543223,-0.228744449976,-1.540134443,-1.68709992256
21,28,3,4,-1.67492024578,0.107899300144,-0.305783614639,0.0559892586661,-1.1641864052,-1.32194648058,1.28037687486,-1.98027292936,-2.70657214931
21,28,4,4,-0.632404770765,0.573073570156,-0.792344986649,-0.0239921745366,0.38386531461,-1.87293698542,0.161186125687,-1.0908313931,-1.07622358679
21,29,1,2,-0.26124819352,0.0776390068026,-0.822652200024,-0.539686378165,-1.03428249998,-0.39338534757,1.24426509358,-0.153862993971,0.118720580041
21,29,2,2,-0.316002015595,0.416693451307,-1.00539604026,-0.932770199297,-0.904872685274,-0.320783352105,0.414945111094,-0.270267978373,0.658510264623
21,30,1,3,-0.426484274151,1.54456347892,0.946255927824,-0.849636347432,-0.670177178001,-0.456818637076,0.515762421092,-0.163799582583,-2.72498696647
21,30,2,3,-0.052298248669,0.567662746412,0.0309787192398,-0.199203818378,-0.834533733639,0.300916773842,0.796517841867,0.134631925062,-1.32526975446
21,30,3,3,-0.233936843899,1.1163237434,0.435014543397,-0.494388286152,-0.571173056298,-0.295908611204,-0.437509071936,-0.555043494001,-2.52439268094
21,31,1,1,-1.52225086089,2.34288575949,-0.119009077358,-0.124092859521,-0.81567118166,-2.28722127123,-0.0527670556209,-3.77920772131,-8.15848404129
21,32,1,4,-1.46944572846,2.58910778551,1.47851264171,-0.254323521559,-0.27945276427,-0.781193159823,-1.38644301344,-1.16847139491,-2.30885576379
21,32,2,4,-0.814483880714,1.40426737603,1.07281998176,-0.617509143398,-1.23039559394,-1.98247632859,-2.42009460521,-2.06349408497,-2.21872003839
21,32,3,4,-1.64790550732,2.04740138547,0.714015812987,0.261350420099,-1.49272428207,-1.55488842039,-0.339440741909,-1.72633255707,-3.81379324133
21,32,4,4,-0.982723891979,1.74525502175,0.674103468132,-0.279985407188,-0.568624668993,-0.264054305845,-0.68224376507,-0.536485874769,-1.69797227901
21,33,1,1,-1.77236116276,1.63767496561,0.192341799235,-0.860361158155,-1.52860213226,-0.370524446669,-0.588904398169,-1.17795089675,-3.97958416729
21,34,1,4,-0.199707555817,0.224484537037,-0.0570968842622,-0.989993629119,-1.81002512957,0.417035006388,0.397837249435,0.902462942943,-1.54883778649
21,34,2,4,1.18112994443,0.18371726718,0.119036456542,-0.657258665425,-0.834748667275,1.33486755445,0.422312258742,1.85086112802,2.22270870495
21,34,3,4,0.604715395502,0.710291753232,-0.839159678629,-1.3397626984,-1.0008253257,0.350248263174,-0.721438304019,0.679222733286,0.815724838187
21,34,4,4,0.79854258805,1.70170628746,0.0782304698188,0.147668433983,-1.14450807258,0.307061600911,0.0854789987797,0.709520153203,-0.781984266178
21,35,1,3,-0.0815018607039,0.816078363628,0.438435756528,-1.04298733391,-0.888613776847,-0.15065197415,-1.94228154334,-0.68151517828,-1.61542260777
21,35,2,3,-0.617583742193,-0.214004817573,0.348147098833,-1.33727929494,-0.976273016264,-0.657608032068,-0.447706071117,-1.0167660501,-1.22743150258
21,35,3,3,0.0344676269585,0.712430355895,1.53805595341,-2.20559848745,-1.91430020454,-0.215922201836,-2.39706548674,-2.50355927202,-2.81495411227
22,1,1,2,0.659876254548,0.853923331993,-0.611450050761,0.769030740566,1.34952675218,0.85808188021,1.63913019759,0.923931165143,1.25931949129
22,1,2,2,1.4273202406,1.58397790867,-0.157980220847,0.117077618088,1.24590425055,0.503689630526,2.05789466728,2.46256537499,3.80473042551
22,2,1,3,1.90019517783,1.0994589097,-0.303115117929,1.09029700707,-0.163109020665,0.744120417113,-1.39164145721,-1.627131268,-2.02109838776
22,2,2,3,1.32267408466,0.7260701726,0.545496012837,0.680038175909,0.931081495412,0.745746724553,-0.533655531547,-0.417241612475,-1.39680890651
22,2,3,3,1.8608346112,0.661984964823,0.307303884512,1.05678302832,0.108348162314,1.67148837513,-0.192721640865,-0.110083069052,-0.778181361787
22,3,1,2,-0.956926513467,0.202262725086,0.381711763306,-0.788221495059,0.420972318252,0.17103490104,0.457031789967,-1.59945117961,-2.94753492171
22,3,2,2,-1.30246320183,0.0520811355106,0.543129787338,-0.196778945983,0.109245425687,1.27229420606,0.67279574844,-0.593015760998,-2.36716668732
22,4,1,2,1.30850087135,1.94913116304,-0.263614893268,-0.254819109962,0.871220544278,1.59464108577,1.24888508911,1.64893632788,1.78704924218
22,4,2,2,1.2241761479,1.11968979841,-0.544909538799,0.0433365021885,1.34074180048,1.74328849939,1.11723660764,1.81613462115,2.01731467009
22,5,1,4,0.347551130252,1.8182125602,-0.687831000487,0.385265695843,-1.36011129269,-1.19181357739,-1.52748274027,-0.915046210579,-0.191684903426
22,5,2,4,-1.09551514887,1.9258384677,-0.659196139116,0.607291671699,-0.421170055953,-1.57764718586,-0.00575879406278,-2.8087795186,-4.84972690854
22,5,3,4,-0.412138326416,2.12288513976,-0.747532840232,0.461822884781,-1.34802938437,-1.47813987861,-0.599813463797,-1.63555054199,-2.72625513553
22,5,4,4,-0.315521206266,1.94438865931,-0.541090991199,-0.0145828956927,-0.968963158371,-1.58824768106,-0.620062848496,-1.52270944976,-1.9983206778
22,6,1,1,0.286184909268,0.918945181559,0.264221708061,-0.791267679969,0.430874768878,-0.296236629321,-0.478952341967,-0.324933330642,-0.0543839378818
22,7,1,4,0.0326560584507,0.909950272043,-0.485726376173,0.263905520838,0.0926403227382,0.49742336608,-0.401108231069,-1.44856030874,-2.92899928074
22,7,2,4,-0.444233870732,0.806544723712,-1.39397497565,0.0748780779207,-0.80782892,0.300797414599,-0.789347797408,-1.44679390844,-2.86548640481
22,7,3,4,0.822803083002,0.223326931373,-1.43155672308,0.664677728125,-0.736944408812,0.981704929885,0.0162563674797,-0.371075549837,0.266379253421
22,7,4,4,-0.0207381338595,0.985790235097,-1.33379905756,-0.204368185892,-0.509784512301,-0.123281500037,-0.43969792043,-2.48466189612,-3.90046112126
22,8,1,3,0.696300118835,1.19608260389,-0.834792439934,0.598051222319,-0.798759562608,2.06194365282,-1.18492455866,-0.866153866872,-1.12116517708
22,8,2,3,1.18168467323,0.938297118646,0.102980497202,-0.158949569002,-1.15747330478,1.69972710043,-1.74769635941,-1.13607227991,-1.24757774779
22,8,3,3,0.207701919635,0.572237324525,-1.36244752579,0.874251944738,-1.00494413192,1.38389627418,-1.26209665948,-1.44797498961,-1.04241628403
22,9,1,2,-0.264102904029,0.42636643076,0.10179166161,-1.9946996606,-0.0194171210104,0.247495120807,-1.25896194182,-1.46710140201,-0.869769555845
22,9,2,2,1.13604307645,0.391992554816,-0.488367233639,-1.70304024261,-0.851005030103,0.990796606664,-1.08573727015,-0.618267624401,-0.398918591045
22,10,1,4,2.72495472115,0.978029541262,-0.405474191347,-0.0506406782405,-1.71207410379,1.0148271691,-1.62015107111,1.0354855209,1.91282587684
22,10,2,4,2.46736699606,1.22679318571,-0.742901003409,0.715829799678,-0.539661590076,0.369718464358,-1.12227973285,-0.651609168106,0.0523475876248
22,10,3,4,1.98310717056,2.58374319914,-0.681052808365,0.652214257809,-1.20220578504,0.0691684363174,-0.668678400948,0.210637087611,0.690439467233
22,10,4,4,1.87151981944,0.299003656763,-0.914048878186,-0.255580323077,-1.07612950898,0.906457708862,-0.749340713453,0.197228481918,-0.414183554198
22,11,1,2,-0.415932139001,1.89173793645,-1.57902583254,0.581256488067,0.290636920404,-0.490642000749,0.699309910159,-1.76460908308,-1.84937333646
22,11,2,2,0.107899918643,1.79579682975,-1.58341746144,-1.06087197394,0.272803588634,1.10861012607,-0.27594245062,-0.358282426947,0.623179876747
22,12,1,3,-0.524682521651,1.68265998254,1.99013006273,-0.307623997961,-4.89814382473e-05,1.941290163,-1.23680744481,0.714042839204,0.637053981361
22,12,2,3,0.00734089039829,1.26318266573,0.966414908819,-0.14729436557,-0.0155403058404,1.03953148408,-0.42699925592,0.547536587648,-0.00342596703486
22,12,3,3,-0.400093792095,0.568118063055,1.6095257021,0.748396822596,-0.41015009684,0.964289606536,0.287498524945,0.303687892853,-0.154194502008
22,13,1,1,-1.11587619302,0.35139969183,1.46472844611,-0.911756677551,-0.000599353153972,-0.335101795291,0.161250117712,-1.31729261074,-1.22767489327
22,14,1,4,-1.20650728576,0.926846992452,1.14762660237,0.506137768143,-0.0882955850616,0.731966564494,1.49212115282,-0.56754658713,-1.75490457275
22,14,2,4,-0.205801929649,1.15065948389,0.987959320762,0.897727064155,-0.707013358791,0.667390836371,1.54837324608,0.784121874327,1.42424204279
22,14,3,4,-0.108922382315,0.76210981775,0.425963286632,1.65221582571,-1.00717817705,-0.173267149224,2.34567839295,-0.0426120453921,0.760538155563
22,14,4,4,-0.286646828886,1.94880362471,0.556150189971,0.642252295142,0.230820348786,0.126518299257,1.73368989198,0.458714356016,0.381092610968
22,15,1,2,0.0282220949175,-0.102788981083,2.35507445385,-1.05825341206,-0.230606172301,2.23996621335,-2.56680198364,-0.720958044231,0.819463967869
22,15,2,2,-1.01337266165,0.295509549695,2.05923303802,-0.264428852013,-1.1880374456,1.04397982794,-2.39449972133,-2.03693558156,-2.36880538402
22,16,1,3,0.880555154613,2.23511916135,-0.192304867536,-0.24427877247,0.956520129632,0.888379077036,0.309270129718,0.427621751039,0.883288028178
22,16,2,3,0.675172237601,1.64029990431,-0.0297467774054,-0.0970446029788,0.0328040675428,-0.0825473701747,-0.0195983717044,0.488468013775,1.89855683753
22,16,3,3,0.53597879655,1.83644099401,0.6969424046,-0.363589208156,-0.775818042446,1.09398307747,-0.885570719618,-0.328832455925,-0.653064041263
22,17,1,3,-0.243602744429,0.873646230931,1.48771714027,-1.95981130968,-0.128079825711,0.0187174011939,-0.658968316748,-0.811841289403,-0.195602132394
22,17,2,3,-0.666005826549,1.05332375038,1.58915995354,-0.912681168604,-0.192071871135,0.898996237774,-0.532529756019,-0.230593379324,-0.337713692035
22,17,3,3,0.129332440186,1.2653706821,0.443702768682,-1.24821225407,-0.956557323928,-0.3777298483,-1.06884386988,-1.55669800958,-2.42049076273
22,18,1,1,0.543816842933,1.80549091457,-0.143603225292,-0.118846208167,-0.0852227644208,-1.51622989528,-0.748741584576,-1.43819104142,-1.85356367684
22,19,1,2,-0.55381122606,2.84400887078,1.5808913721,0.281117204329,-1.51062129112,-0.99110713052,-1.58907741563,-1.33065247202,-1.15196606317
22,19,2,2,-0.34953568014,2.04969279231,1.90260155508,0.200225663941,-0.93766925692,0.139140189056,-1.23802747154,-0.585190211696,-0.091704525764
22,20,1,4,-1.78847384005,1.61941026596,1.28647773429,-0.195655419385,-1.78266209114,-0.131111304525,0.283007242042,-2.76665536349,-6.58175838239
22,20,2,4,-1.26957657008,1.2250127786,0.218062677391,-0.0403849164577,-0.727570714511,-0.645267576361,-0.377855349206,-2.97975614312,-5.93059395971
22,20,3,4,-1.99296855828,1.19594118705,1.15806790911,-0.769724854063,0.284987442144,0.44615709725,-0.0689101054554,-2.61277846957,-5.69270930818
22,20,4,4,-1.57027294488,1.56613564869,1.69876053862,-0.346932515647,-1.30535904138,1.22199041313,-0.534669468727,-1.53664122304,-4.70936713517
22,21,1,2,0.70308388309,-0.738374357733,0.0594270008894,1.01909735218,0.283252975487,-0.835039565948,-1.21806358515,-1.70798035611,-2.6710964041
22,21,2,2,-0.511754810093,-1.6493245561,0.815423721367,0.913990151617,0.562195036987,-0.604457239667,-0.389767542259,-0.755443526574,0.136010192973
22,22,1,3,0.0770382977082,-0.0538062590492,0.277527879118,1.74664207797,0.131910414631,0.226300817485,-0.299773807208,-1.84026842363,-2.95489792277
22,22,2,3,0.95335782543,0.792720794134,-0.185877358825,0.930563571867,0.2032680538,0.000545779197183,0.0447830951725,-0.373456385161,-0.585899344619
22,22,3,3,0.0528220810597,0.431563255478,-0.436071896931,1.95742270103,0.528072914676,0.25877120601,0.223260992302,-1.53050539985,-2.92934811112
22,23,1,4,-0.109078072912,0.6088053417,0.986451163104,-1.05605108514,-0.36077144909,0.24665108421,-1.27629523538,-1.30081914972,-1.1791128209
22,23,2,4,-0.583177386379,1.22011223625,0.775786718059,-1.45231169534,0.375300812475,-0.259006471149,-0.809506059297,-1.63462719588,-2.07180485221
22,23,3,4,-0.326339272168,1.15609513831,0.390018839317,-0.54691378027,-0.376673522684,0.0533971529921,-0.833586902638,-1.03011924723,-2.11897884298
22,23,4,4,-1.18524928389,1.00590340703,1.22398415006,-0.540759030777,1.03493984001,0.0405657117144,-1.07820045386,-0.773946666239,-1.88401197071
22,24,1,1,-1.29206983694,0.946408220108,-1.10388963411,0.388323996985,0.616201409612,-1.93051743911,0.331945488388,-1.67978719519,-2.51322119791
22,25,1,3,-0.639949721317,2.62040392581,1.43801952818,0.0939435114108,1.23482441953,0.266862572943,-1.80377790026,-0.782721750396,-2.47766838169
22,25,2,3,0.735026310589,1.75058854403,1.04964617214,1.220643792,0.289178294764,1.28738664117,-1.24133468389,-0.561235840807,-1.1949403595
22,25,3,3,-0.713544407641,3.11455684732,1.1840517332,0.870213247137,0.758372197686,0.300802863082,-0.451454923672,-0.428402591997,-1.83745041994
22,26,1,2,-1.92314567979,-0.773884324852,0.533998726131,0.814882045427,-0.431100719882,-1.36336098685,0.830865736079,-4.13456037892,-6.11238373947
22,26,2,2,-1.24837376915,0.177773604937,1.56860960971,1.54915934802,-0.0360921886507,-0.866931813784,1.74665359668,-2.72985079867,-4.41200713292
22,27,1,3,-1.71416890107,0.39955230021,0.784138387689,-1.16269172969,-1.36172950712,0.01758823992,-0.25178911055,-1.48548862464,-3.37912972066
22,27,2,3,-0.536901880192,1.65240692266,1.12587784038,-1.32052438204,-0.746130649633,0.357217470737,0.180344468583,-0.116356004277,-1.24139872364
22,27,3,3,-0.350650014395,0.782245007191,0.671669552565,-1.32164126913,-0.28772891887,0.840507890904,1.11798036954,0.322468322238,-0.686711372067
22,28,1,3,-0.847999535546,1.17545255695,-0.250798168131,-0.32884214436,-1.57090839632,-1.60865618422,-1.34851023033,-4.5041392438,-7.09694979159
22,28,2,3,-0.433399737677,0.0773609581553,0.216492417441,0.389501683313,0.315048228642,-2.07833414767,0.265916413354,-2.64086793089,-2.76097455206
22,28,3,3,-1.33459634041,0.668841932565,-0.432094882601,0.593870805982,0.221572064744,-3.11961447407,-0.0103345273411,-4.03652117355,-5.50945538286
22,29,1,4,-0.373225310853,1.52936291198,-0.839308730401,-1.00840100539,-0.303657000202,-1.55271901706,1.01504021235,-2.13866554244,-2.61350088956
22,29,2,4,-0.245235166065,1.01814946,-0.615037840143,-1.10813226641,-0.863102375011,-1.43863085803,0.0917013113573,-2.35442074536,-2.98884780416
22,29,3,4,-0.573932454666,0.879361121406,-0.153024076569,-0.10377064246,-0.672676355721,-1.25388282497,0.578522595959,-1.57585953124,-2.46353731924
22,29,4,4,0.159621060707,1.78719355168,-0.0463531619136,-0.875817849349,-0.814337403953,-2.26685472421,-0.586205721311,-2.48541926359,-3.15291504103
22,30,1,3,-0.411153537751,1.13174801791,2.62424914657,0.070638337647,-0.0562245050793,0.621130274602,-0.168979680573,-0.382904536634,-1.24800025469
22,30,2,3,-1.00374669474,0.992652217587,1.95648907359,0.453246979548,0.601856819672,0.101737122183,-0.369653908979,-1.269930487,-2.21052164616
22,30,3,3,-0.848951595679,1.87156430607,1.42543978282,-0.219372895575,-0.682221408347,-1.46819652691,-0.529235042887,-2.49006319909,-4.76599114648
22,31,1,2,-1.07812961327,-0.119366370587,0.232189565986,0.467280724734,-0.295496180032,-1.45402146541,-1.61259245907,-4.60902435397,-7.3848186685
22,31,2,2,-1.15922871941,0.015215216086,0.108698015577,0.691734803448,-0.622756457832,-1.99018623423,-1.17793105903,-4.90950339016,-8.80429730434
22,32,1,1,-1.20825020367,4.1208961591,0.225334433569,0.645091629239,0.708533433192,-3.99558869568,-0.14925408639,-1.80599653317,-3.18543337808
22,33,1,2,0.345713551884,1.17532609052,0.34500984692,-1.82578772532,-0.617940780853,0.328718921786,-1.47115957674,-1.88329952246,-2.54893735087
22,33,2,2,0.230030076322,0.185737896575,0.542245974155,-0.319512621637,-0.696919837749,0.747150569848,-0.453168206513,-0.00754848698077,0.0375959046488
22,34,1,2,0.940232143589,1.45223988875,-0.237346222218,-0.480531251021,1.40542034722,-0.273460332677,-0.545645913496,-0.59607925484,-1.22556324449
22,34,2,2,1.01816152096,1.31645616131,-0.492792032973,-0.0810579772608,2.278653572,-0.790462697758,-1.12609385885,-1.59289150548,-2.75702418956
22,35,1,1,-0.973481702747,1.33754992752,0.677823742909,1.39395239464,0.419326439861,-0.753953847205,1.172193039,-1.14810996719,-2.38759676833
23,1,1,2,0.778883745076,0.613702888432,-0.880547332649,0.71928702151,0.024340422041,0.342929207058,-0.512308867486,-0.153719386869,0.420276362873
23,1,2,2,0.734155317672,1.5471768663,-0.97589665168,0.74917236765,-0.296225156033,0.71131526265,-0.732388650143,-0.38805768364,0.407517834763
23,2,1,4,0.656603768395,1.39656324109,0.633596667891,0.858422970126,0.164438750967,0.683806419356,-1.1113561142,1.43689489486,1.71345073543
23,2,2,4,0.878120389203,0.519262106772,-0.251760794399,0.640749046301,0.84706834026,0.751610430722,-1.34032545333,0.165251604516,0.607746509564
23,2,3,4,0.200165088747,1.65525978543,-0.0312121396802,-0.160299880978,0.420682045228,-0.3814921649,-1.10034887369,-0.285332229867,-1.04180901683
23,2,4,4,1.80983148618,0.243505897651,-0.692205783433,0.870290520331,0.671801986594,2.23747623979,-3.23138621938,1.30758426555,3.05900250444
23,3,1,4,-1.14480592267,0.632646718387,1.75613478831,0.150018853755,0.252828963238,0.396608420831,-0.996318436207,-0.691865283859,-1.7027474595
23,3,2,4,-0.863204194838,0.944608081237,1.47638834816,-0.691945918834,0.128208278353,1.75486952514,-0.491725335186,-0.455981967577,-0.951609884415
23,3,3,4,-0.201289778923,1.38579757333,1.33967490173,0.133921041821,-0.394089615066,1.64709332088,-0.894263737029,-1.12320206473,-2.20445268621
23,3,4,4,0.273894782045,1.39316004549,0.636289589488,-0.150594845256,-0.876137870317,0.987991168968,-1.34669849496,-1.44657979642,-1.66881081206
23,4,1,4,-0.147840919477,1.02715613803,-1.76334356324,-0.506139915877,0.357983045126,1.10407614462,-1.0307891708,0.0218234791414,-0.103345674399
23,4,2,4,-0.611759637812,0.465188631414,-2.14492772156,-1.24374107024,-0.454085859648,1.93281010204,-2.127282517,-1.01615136437,-1.21135098484
23,4,3,4,-0.0744615454572,1.01903143048,-1.95576191388,-1.84043163243,0.271079640651,1.15395517498,-2.09853765306,-1.26477404152,-1.27678798989
23,4,4,4,-0.288696725993,1.36614948285,-1.53219206044,-1.37240167352,0.698978975159,0.910285360023,-1.35684276388,-0.762385599572,-1.44864870678
23,5,1,4,0.565669426969,2.27323836665,0.472550524326,1.11453059986,0.0295488449972,-1.19507439158,-0.169571802096,-0.202107443693,0.796541062654
23,5,2,4,-0.992589350693,2.02116749433,-0.330769472128,0.431642518134,-0.59383147681,-1.04226042351,-0.268966914357,-1.84193871614,-3.39198720359
23,5,3,4,-0.172700956,1.50769143757,-1.26556022603,0.0598334697768,0.180702940219,-0.933339272613,-0.512716384043,-0.789629619902,-0.890318081412
23,5,4,4,0.158014382097,2.06351639818,-1.56770955071,-0.292464537192,-0.178331762644,0.425346902843,-1.12811296987,-1.0012280498,-0.555741810898
23,6,1,3,-1.31726250391,1.25731482002,0.0882075027927,-0.568922820131,-0.370411799041,-0.426060407501,-0.176269662721,-1.28331254093,-2.02337010535
23,6,2,3,0.00976331820619,2.08988339086,-0.0738389103508,-1.45454627574,1.05676657813,-0.854768151538,0.141063991975,0.419177129604,1.0111153782
23,6,3,3,0.948588615174,1.01067692904,-0.0387360891908,-0.858509688632,0.537018147411,0.225531730917,-0.0482608151856,2.34551489142,4.0337140792
23,7,1,2,0.197196072961,-0.777328569868,-1.81664927562,-0.928746704183,0.408514919586,1.9007466254,-2.19159805032,1.42231079642,3.49597880863
23,7,2,2,-0.66043975913,-1.2914909061,-2.11931512652,-0.920461238009,1.41340768785,1.380395704,-2.71161357753,1.08529139632,1.90917748504
23,8,1,4,0.592939084265,1.52055931512,-1.25996488707,-0.715925824377,-0.860787454647,0.0708795654918,-2.94638560659,-1.63187406618,-0.693614388834
23,8,2,4,1.14938403238,2.12823191812,-0.17021265459,-0.81531060425,-0.833096334156,-0.249403491221,-1.37967613674,-0.313801527967,1.13248170452
23,8,3,4,0.982133977337,1.18130474308,-0.613756781704,-1.12854985909,-1.14925283043,-0.671432850538,-1.60373858967,-0.716144053605,0.835563397723
23,8,4,4,0.306401774961,1.9943516549,-0.992548704879,-0.9508313034,-0.358502119095,-0.184288809148,-2.28335523198,-0.926218213915,1.14957324083
23,9,1,2,0.146918691137,1.64637689121,-0.0132325013668,-1.88696126609,0.75713842021,0.746580878705,0.0227244841834,0.592175147523,0.343278719381
23,9,2,2,1.22943018318,0.822291237952,-0.347715619035,-1.52807579953,0.743847721553,1.56380425182,-1.48170778861,1.06129382198,2.22191639579
23,10,1,2,2.03365447786,0.632679802415,-0.154927568259,1.31114493394,-0.990458231607,0.586741479765,0.66900752374,0.164936198657,-1.09893315762
23,10,2,2,1.68340630814,1.85826231729,0.803301435318,1.97393788145,-1.16093782561,0.12163609097,-0.187737907826,-0.761996607038,-1.44194815434
23,11,1,3,-0.376797371321,0.320471768825,-1.47543651653,1.10066064345,0.836545611829,-1.47196709537,-0.600285751111,-0.763088619488,-1.38211334389
23,11,2,3,-0.100062648194,1.071011584,-1.83808294985,1.20133664803,0.353124448797,-0.295082016516,-0.351927995871,0.0741934570373,1.38976787472
23,11,3,3,-0.82437142037,0.542863003161,-1.65541954316,0.311166499668,-0.599251933267,-1.37957745652,0.0620526468744,-0.863354181403,-0.55708916631
23,12,1,4,0.17033844054,1.84779305394,0.31365588018,0.0849646474789,0.116617524662,-0.9482976791,0.41615742282,0.444637410458,-0.326875825228
23,12,2,4,0.146016449932,1.54715247908,1.07171954771,0.151165370327,-0.300424664987,-0.573155629518,0.185690163731,0.948196044665,1.13754751103
23,12,3,4,-0.779496918924,1.74111442897,0.890909179503,0.319014810821,-0.594492310319,-1.42654130396,0.298052516166,-0.0410317432034,-1.47735834514
23,12,4,4,0.299364682442,1.77438568039,0.0791820346307,0.596527344427,-0.845305380107,-0.775181470146,0.104280804155,-0.15673868224,-1.0351140161
23,13,1,3,0.822785529485,0.178926057082,0.405650147838,0.28841869043,-0.58734038934,-0.663306700135,-2.05639073444,-0.416545132008,0.469686269814
23,13,2,3,-0.233843084309,-0.728992736222,0.757841270772,-1.2465596869,-0.607006530282,0.304075564972,-1.33201288158,-1.03879467102,0.20386864866
23,13,3,3,0.964224255887,-0.582464419226,0.0868245772686,-1.0608957743,-0.53157252952,0.192911840633,-2.21164532024,0.271992501781,1.7082206723
23,14,1,1,0.00397348982977,0.90326371041,-0.365139089084,-0.712691949531,-0.498871181542,0.498101664087,-0.453971561095,0.451698310804,1.19264714826
23,15,1,4,-1.95251825902,1.32350003889,0.840886489626,0.311071168646,-2.00304853627,-1.45605129889,-2.46213431873,-2.63416189309,-5.82835909304
23,15,2,4,-0.317489453562,1.76745734784,0.0974563220874,-0.160643923292,-1.72108862836,-0.404143005179,-1.83593858271,-0.457729323765,-2.36074396304
23,15,3,4,-0.683680412295,1.55850112958,0.458594574893,0.141585939707,-1.43688802765,-0.788833651165,-2.39869724613,-1.16151523696,-2.80151908065
23,15,4,4,-0.557291919781,2.44607300257,1.10437122077,-0.634899969952,-2.32489712337,-0.322791301338,-3.12609066099,-0.681318084076,-2.5517501263
23,16,1,2,-0.218758888393,0.988479769123,0.0221446903402,0.0359201322736,0.180417914477,0.579811172772,0.252132451014,0.923621572967,2.02780564141
23,16,2,2,-1.50559894441,1.98292595848,-0.456742630439,-0.182184490236,0.848195718748,-0.763499549223,0.458683128207,-0.855584557912,-2.44467647666
23,17,1,3,-0.313557495902,0.501616186635,-1.0314586113,-0.953466391164,-0.478581076702,-0.578972077458,-0.513871704344,-0.811014209574,-1.11323372921
23,17,2,3,0.56030048335,0.602684077091,-1.36918078909,-1.13375422355,-0.776053204241,0.0490547856838,-0.990077794526,-0.446117407389,0.117682292298
23,17,3,3,0.550439820341,0.863493773287,-1.01366182255,-1.85228871936,0.89112838524,-0.433010373897,-1.53192140953,-1.28949477216,-1.48385056259
23,18,1,4,-1.92463953713,1.6502300196,-0.615185777698,-1.29555754445,-2.1682955993,-0.439006660136,-1.19559138464,-2.84657560793,-5.74963188603
23,18,2,4,-1.38157936076,0.965864932383,-0.308988621255,-0.322118755852,-1.66113335831,-0.649200525455,-0.103851258819,-1.02268450596,-2.42835700594
23,18,3,4,-1.057831643,1.05614268176,-0.666195532168,-0.52459866062,-1.73259311494,-0.420506607124,-0.262142382237,-0.539377647257,-1.88543012316
23,18,4,4,-1.6753753398,1.64235637269,-0.645638382379,-0.728686344133,-1.38499734642,-0.774769576898,-0.392135838648,-2.32696528634,-4.28020281613
23,19,1,1,-0.29767599708,0.766575315005,1.56866409999,-0.0163520695194,0.300223448056,0.747587247445,-1.59267670839,-0.358778116742,-0.495623854032
23,20,1,3,0.11774047318,2.71473881561,1.30871864893,-0.270993358748,0.863336831181,-0.493220296833,-0.979236996381,0.228512188905,-0.262998387511
23,20,2,3,-0.706633558754,1.94098338997,-0.134725551669,-1.0297665572,-0.579758248583,-0.518498649394,-0.895972116418,-1.1176854523,-2.32857064013
23,20,3,3,-0.487812677977,1.70017567896,0.124319389875,-0.361667401019,0.0809349203217,-1.18737159359,-0.17341445502,-0.509492558865,-1.04679689723
23,21,1,1,-0.488429287276,0.475806951519,-0.984747974801,0.838862460361,-0.00902052329935,-1.2152270051,-1.39654082608,-1.91527532625,-3.31923938823
23,22,1,1,0.145568034888,0.986506712123,-1.82082847834,1.5842918226,-0.257750365949,1.84998306237,-1.05469165454,0.477412986481,2.90025145792
23,23,1,3,0.434349497248,1.02962803545,1.04545421264,-1.21690028768,-0.552292330101,-0.345289689459,-1.72858026124,-0.792748373948,-0.84887606858
23,23,2,3,-1.09991531003,1.27328184989,1.68729345201,0.386132290296,-0.193710526762,0.21987150916,-0.750037541029,0.172129326365,-1.12334953283
23,23,3,3,0.708638235433,0.786861118397,1.54266840725,0.195782413166,-0.995190224827,1.59935794655,-1.35546706384,0.4126552497,0.683773853525
23,24,1,3,1.32440843522,0.656019410518,-1.11064123911,-0.494223262372,-0.391004168,-1.14504904248,-0.375614697989,-0.216927079071,1.4247274014
23,24,2,3,2.23389734005,0.824002224305,-0.921743291541,-0.265907298469,-0.542122322652,-0.678494750045,-0.830826252444,0.368164718987,1.75565220197
23,24,3,3,1.20085441267,1.94741710449,-0.597532752893,-0.469554655776,-1.2010561973,-1.81217614009,-1.0733095464,-1.74533294341,-1.59075098653
23,25,1,4,-0.699044940862,1.58333479256,-0.641398370556,1.21506986891,0.0111076851574,-1.27151159503,-0.37915968779,-2.26012500947,-2.12317090541
23,25,2,4,-0.146084336243,2.28399998733,0.534092207833,0.756511179271,0.777601927189,-0.993765561434,-0.0788316488065,0.289209360591,0.628037264819
23,25,3,4,-0.219482944546,2.19742983528,0.295275238209,0.719685835282,0.248085112215,-1.23342046441,-0.594906114283,-0.859717210453,-0.412622845258
23,25,4,4,-0.132931296272,2.49361058911,-0.296468615729,1.56197356254,0.835834769349,-1.55456641777,0.646829303285,-1.30893964897,-1.88673226278
23,26,1,2,-0.174617113123,0.845021369428,-0.671117435406,0.289495186401,-1.1427747318,-0.295165800711,-1.61534020892,-2.5374517075,-3.54980398413
23,26,2,2,-0.715922424818,1.03886611185,-0.347539331493,-0.244974359056,-0.914268719992,0.242062853488,-1.60698397887,-3.02204022106,-4.66160865632
23,27,1,4,-1.99725625979,0.872344053173,0.668345103308,0.15515017987,-1.23580234658,0.0439224115126,-0.349123445959,-0.391436883726,-1.58094759727
23,27,2,4,-1.03529035309,0.7739696971,0.364572512526,-0.586763918066,-1.5026696831,0.117728011618,-0.108038375584,-0.273407711287,-1.35023045599
23,27,3,4,-1.46963628357,1.46250663389,0.71294207545,0.0984342290618,-2.22541504671,0.20879561739,-0.205433602583,-0.605222327765,-2.24269103202
23,27,4,4,-1.29892249329,1.03782644885,-0.0351279411155,-0.137532221483,-1.31346971045,-0.634900830118,-1.45166874499,-1.9086312192,-3.11394254211
23,28,1,4,-1.54707970718,-0.0463627107981,0.382117867698,-1.04139991114,0.925272008371,-1.65455660488,-1.17779966403,-2.25031962625,-4.52226853609
23,28,2,4,-0.607928304335,0.877884012218,-0.350048858654,-1.84138009977,-0.048102791998,-0.837669476691,-1.40832194198,-0.872166289238,-1.550948007
23,28,3,4,-0.776732240218,-0.301223252767,0.338821474337,-0.618308230415,-0.493539051727,-1.55327072175,-0.914838471901,-1.91267350187,-2.46795845333
23,28,4,4,-0.914106745146,0.0284174835276,-0.376150520701,-0.023788543666,0.653485536945,-1.8437706761,0.196404817241,-0.658393283672,-1.69255295786
23,29,1,4,1.24808295994,0.253482645954,-1.08328994762,-1.60697237484,-0.312401466761,-0.196657162883,0.390015557807,1.62705047985,4.08471573297
23,29,2,4,-1.78267377741,-0.697571416969,-0.815536945717,-1.12084865964,-1.4865093366,-1.22582599146,0.972294925327,-0.355628982193,0.48842630077
23,29,3,4,-0.765699535682,0.188920115506,-1.14987493738,-1.36895138468,-1.27393190238,-0.657590791028,0.857711035056,-0.156139430443,0.0641095308233
23,29,4,4,-0.252924319919,-0.198948149189,-0.457625808773,-2.00327190692,-0.148366927699,0.208490518568,-0.243448445013,0.0580524483889,1.53234791625
23,30,1,1,0.499446625814,0.814083326027,0.838987706945,-1.31834861501,0.861318679714,1.30229374556,-0.612673135465,0.63719021847,-1.02318458044
23,31,1,1,-0.464626288032,1.3288611927,1.25655372147,0.79875465292,0.312791594526,-1.46394073027,0.228132157422,-0.892992250475,-2.8141723038
23,32,1,3,-0.495121434267,1.93017724416,0.486089412008,-0.669186108897,-0.743974598585,-1.58309506981,-1.33454413642,0.0103576599448,0.577015367764
23,32,2,3,-0.255406289181,2.23706194599,0.431244128416,-0.90222362335,-1.12271699605,-2.10859187269,-2.02387774888,-1.60568911953,-2.43101226388
23,32,3,3,-0.608175903321,2.19613423242,-0.384287727563,-0.227711535244,-0.39571874158,-1.94654160542,-1.93970587261,-1.4403869677,-2.5012400911
23,33,1,1,-1.43852663217,0.200676714546,0.737534761698,1.07436264464,-0.657673732688,-1.94602735102,1.76164846008,-1.14428608964,-2.30922717596
23,34,1,1,0.415859026611,1.01809574857,0.0743953088217,-1.58031191446,1.1263129759,-1.14132892176,-0.576125664979,-1.86409013458,-3.1749537538
23,35,1,3,-0.55956776064,-0.101718423073,0.337542420875,-0.0635602205321,-0.541086495905,-0.535300133684,-1.17319051923,0.256430774408,1.27031214036
23,35,2,3,-0.532686643776,-0.0180998616352,1.4580774109,-0.870194578667,-0.300820492967,0.0373448665796,-2.4155283977,-1.3123250549,-1.08084974573
23,35,3,3,-0.0840110501276,-0.194972460747,0.832860881388,1.00922601746,-1.19703931159,-1.15453508102,-2.14614742092,-0.911435710376,-0.053452484703
24,1,1,3,0.526178100316,-0.157144343755,0.646066315883,1.0270018446,0.466161992297,0.254958644962,0.445415698304,-0.666592318938,-1.34330391277
24,1,2,3,-0.142607066062,-0.14295840591,0.687839021233,0.243473272245,0.229245245159,1.03112887604,0.959612308857,-0.450569301224,-2.44961494271
24,1,3,3,0.742155542498,-0.406124834492,1.13880346169,0.234609983459,0.48457491547,0.308832910842,1.71774191056,-0.246821990929,-1.54066803294
24,2,1,3,0.828359330278,-0.0245985777621,1.04606724127,1.95008799726,0.824028039302,0.186586107348,-0.0923163599311,-0.0208295559741,-0.887075134854
24,2,2,3,1.34979144455,0.468122247161,1.86442428507,1.43597484875,-0.196377553063,0.0201991899778,-1.21202019951,-1.09720952026,-0.749120579457
24,2,3,3,1.70244703867,-0.78766155226,0.883523064247,1.05802405961,0.947334915259,0.728038564239,-1.22944793369,-2.07874098912,-3.94122589845
24,3,1,2,-0.0772594403559,-1.01264033652,1.83014621791,0.328029658569,-0.213256948762,0.602400294905,0.450655061258,-2.86909228189,-2.95493713332
24,3,2,2,0.252884845991,-2.00834780664,1.01567011142,1.05563948628,-0.420671397669,0.631040634729,1.59156716111,-1.88686271746,-2.34688511637
24,4,1,4,1.70384504697,0.380068609415,0.0400677456713,0.0943860221163,-0.272366061034,0.0321294890291,0.432091044594,-0.284468892359,-1.53833011686
24,4,2,4,1.83470811574,-0.744698148331,0.452690037947,0.159237593871,0.766679736354,-0.0561827408765,0.134293467036,0.234008645049,0.722983836386
24,4,3,4,0.345943960612,-0.687349568467,-0.321336890931,-0.360886487259,0.63731812552,-0.338860749438,-0.324054088291,-1.13520363229,-2.34877625462
24,4,4,4,1.22454589458,-0.763738080153,-0.495483032646,-0.514159504573,-0.87517829962,0.50586810435,-0.157529341428,-0.0381873829315,-0.646037853161
24,5,1,2,0.228718253001,-0.32355836903,0.975578614154,0.00813929587569,-0.90880287996,-0.671604408717,0.244236305135,-1.19756173351,-0.750103388761
24,5,2,2,-0.28597812755,0.028636112868,1.78131389707,0.746703303255,0.254186971885,-0.331504777157,0.643311251255,-2.01037733597,-2.74920557751
24,6,1,4,-0.448573491616,-0.332539176166,0.839146130677,-0.437012913953,1.27627646824,-0.668255521904,0.00513304994279,-0.661913070471,-1.55665719844
24,6,2,4,1.04832435019,-0.484310835641,1.7136755375,-0.516687207814,1.7367999863,0.456019127001,-0.428898207325,-1.00076481054,-1.55057548193
24,6,3,4,1.16924646085,-0.651157511713,2.2223265989,-0.46923134636,1.24168144028,-0.35754691565,-0.944053803978,-1.19975449003,-0.292779425773
24,6,4,4,1.29574279019,-1.1383213978,0.778985535225,0.543396362683,1.91277666254,-0.306722924305,-0.20435107968,-1.4180869622,-2.64994671829
24,7,1,1,-0.382767165576,-0.273832303643,-2.08964822754,-1.30476008671,0.153675785877,-0.44844959021,-0.169352503077,-2.11388598332,-2.60821428111
24,8,1,3,1.54460410545,-0.369375835067,-1.47151507331,-0.620496019969,-1.38761887011,1.14570663738,-0.462524583886,-0.685437470955,-0.229395524636
24,8,2,3,2.18139300367,-0.295562326217,-1.00700313771,0.287433835919,-1.67476661123,0.899734536917,-0.925063065322,-0.991173594436,-0.848878028212
24,8,3,3,2.1953936676,-1.57514775489,-0.699795226953,-0.23932271687,-1.86321751777,0.689669349205,0.172627716044,-0.407142661406,-0.387644529582
24,9,1,1,0.200881725451,0.633068951448,0.0484981892277,0.371716180872,-0.0854674138909,-1.46309901119,0.335417770402,-1.65798648473,-3.9140768225
24,10,1,4,1.23562721262,0.375314868059,-0.168259999106,0.876058280324,-1.16360053788,-0.996440836935,-0.408810900198,-2.86919621332,-3.74614254777
24,10,2,4,1.52554569737,0.807343846287,0.080504342888,1.22927678087,-1.22596406433,-1.05841407833,-1.01076634938,-2.57661996303,-3.36076572045
24,10,3,4,0.567140137454,-0.104355671948,0.564979884315,0.021797167,-1.85444143645,-0.651782485711,-0.374573992493,-2.81170794142,-4.78202090687
24,10,4,4,1.26051284717,-0.478408993108,-0.12608298938,1.44469624063,-1.34077790349,-1.13871584926,1.04042663544,-2.34695304418,-3.7310455658
24,11,1,1,0.474918819295,-1.12514192903,-1.86693358291,0.403614307608,0.109645609049,-1.36419918438,0.598839366714,-1.50705781045,-2.27879173919
24,12,1,1,0.48734371591,-1.27413910277,1.26910389918,1.48082308393,-0.991407839137,-0.413227258951,1.30745678568,-2.10368716123,-3.76039509172
24,13,1,4,0.300719187961,-2.03261350495,1.40721569064,-0.286676161674,-1.43559741007,-1.22309072254,0.426955231584,-3.32972125861,-3.39468810618
24,13,2,4,0.52206766472,-1.75616749296,0.70952914234,0.744091998029,-0.703831904141,-0.956267343707,0.930081637656,-0.941934549723,-1.04631585077
24,13,3,4,0.0336771399432,-1.27455874391,-0.717434006857,-1.33216346007,-1.24756845213,-1.6990268786,0.604632437051,-3.16588399411,-4.31722825598
24,13,4,4,1.05898861672,-1.04605201928,0.512706684816,0.546855700006,-0.474771886496,-1.77367484753,0.923236804251,-0.901812767854,-0.588401583199
24,14,1,2,-0.354643538253,-1.33363948291,0.31993458802,0.207402145997,-0.790518475749,-2.31496601115,1.38342758611,-2.13778953514,-2.18865365422
24,14,2,2,0.372418563248,-0.639187523138,0.271830947832,1.03710899035,-0.639611195558,-2.18786294017,0.749035196351,-3.09036382248,-3.18494394361
24,15,1,2,-0.640213760433,-0.586809604259,1.68710078406,-0.4477189857,-0.273780420874,-0.0565916589256,-1.44297979348,-2.38994396204,-3.52841057598
24,15,2,2,-0.745863357012,0.244295897425,2.17812487216,0.361290175549,-0.240030898613,0.0183796596815,-1.46294366682,-2.8652075609,-4.5948119733
24,16,1,4,0.851819453367,0.257764854009,0.816471941937,-0.719807270961,0.299192211428,-0.283268718849,0.309126055023,-0.859981497916,-2.37496673252
24,16,2,4,0.650845723509,0.288357014666,0.803724108656,-0.563338830293,0.315699238314,-1.24405824251,0.16668385966,-0.786059328804,-1.70100338354
24,16,3,4,0.374718507321,0.356226134875,0.0565353751084,-1.24454135587,0.797007701745,-0.414443704145,-0.362319987083,-1.7854909192,-3.49542366537
24,16,4,4,1.1014805458,0.784346931176,0.360201222797,-0.493099929049,1.36941332909,-0.529343875039,0.359232519057,-1.36179934207,-3.80260559639
24,17,1,2,-0.199733855044,-2.21291935494,1.32317578951,-2.09438984448,1.84874977169,-0.359464007852,-1.80355915193,-4.03991665739,-3.86175573419
24,17,2,2,0.248127687815,-2.03276910053,1.09063438054,-0.767890120699,1.53924375419,-0.864187856631,-1.28383184921,-2.9851330607,-3.11640262891
24,18,1,4,0.042967230797,-0.898171712061,0.241101549383,0.794800634926,-0.928260746377,-1.76334121362,0.643301703132,-3.80435275392,-5.77194561457
24,18,2,4,0.770235384083,0.616126941171,0.670530911989,0.918710713683,-1.26857557927,-1.37092992313,0.603373077473,-2.47584622106,-3.93936955031
24,18,3,4,-0.106838307093,0.576582436381,0.451799240482,1.38736234519,-1.41397225243,-1.61226743773,1.30245478331,-3.60023914781,-6.34109345458
24,18,4,4,1.16380254688,0.548614722427,0.176403820381,2.11151530838,-1.5528165292,-0.89097167206,2.0482400411,-1.87761031059,-3.4129882094
24,19,1,3,-1.11304423157,0.423659220061,1.07102781571,0.0179356318674,0.0784561871728,-2.56291703723,-0.840275084502,-2.50162137925,-3.23772554233
24,19,2,3,-1.92645651303,0.968358402378,-0.370794365684,0.491822921355,1.16994323661,-3.41515460119,-0.0153010828136,-3.36029063123,-5.69388173776
24,19,3,3,-1.13432671327,0.163883560475,1.65242201545,0.195295362021,0.176510015313,-2.25983331256,-0.591811373224,-3.13261948956,-3.68748860962
24,20,1,4,-1.45216290625,-0.210364056823,2.94484801739,0.253588115953,-0.418400431063,0.255179133074,-0.311023274606,-2.45290982826,-3.45869925553
24,20,2,4,-1.29930947965,-0.450767542981,2.15873062731,1.0188049646,-0.461677999618,0.33662908302,0.264641871557,-3.39108830022,-4.92529292203
24,20,3,4,-0.718448075535,-0.187876959504,1.93519526307,-0.0198150965504,-0.936599142256,-0.241032271806,1.62771678926,-1.85484381228,-3.25887217192
24,20,4,4,-1.55009186754,0.572532283914,2.48201193036,0.149965856864,-0.71050971937,-0.0445772274162,-0.927546462867,-2.94018828184,-4.92522031738
24,21,1,4,-1.62337525252,-1.35433896644,-2.22175474579,1.78950109993,0.306715238863,-0.898251762709,0.0645496563287,-1.76370475806,-1.51204141931
24,21,2,4,-0.611557194438,-1.59200243067,-0.899190457809,0.817656952027,-1.5362749813,-0.994005364134,0.451051589133,-1.99298814441,-2.96990497837
24,21,3,4,-0.815718892174,-1.31599911322,-0.647138480443,0.0606340986343,-0.483126081428,-0.337298119193,0.951207859237,0.00858756806587,0.199645271583
24,21,4,4,-1.98323365742,-0.993688866203,-1.382131096,1.52774128911,-0.414574452768,-1.79158731818,0.878709328707,-1.49972231423,-1.98587182001
24,22,1,4,0.495408783829,-0.681926812461,-0.534503569195,1.27990454974,-0.0531622640828,-1.59782790669,0.536755685078,-2.50811731386,-3.14667222409
24,22,2,4,0.0554091386981,0.868716285863,-0.0819496544774,0.710391924521,-0.436398749386,-2.75455999675,-0.212961004046,-3.76747172996,-5.03896604751
24,22,3,4,1.09711687019,-0.00642880389558,0.363689861901,0.850399254809,-1.3768615963,-0.975594290481,-0.789346563741,-1.86056924954,-1.31924531699
24,22,4,4,0.499514028138,-1.99310112081,0.573461349349,0.673899379942,-1.81769673587,-2.34873471177,-0.241605136642,-3.86212936841,-4.67092056914
24,23,1,1,0.667181700916,-1.56053781606,2.33247724995,-0.0512149135579,-1.02074947732,1.92360835355,-1.10073523908,-0.285964631096,1.12297575847
24,24,1,2,0.614564290538,-0.912967951001,0.589861789219,-0.386137137643,-0.557423135308,-1.49450469115,-0.426607224415,-1.73453725816,-0.948347147678
24,24,2,2,1.4755577937,-0.95704846568,0.346230272577,-0.688023007934,-0.495578845975,-0.823936672087,-0.632248864767,-0.890157035676,-0.711578908068
24,25,1,2,-0.964071158765,0.0341655252187,0.314553114635,-0.511213256925,-0.795672985406,-2.49933489356,1.37582912581,-4.02749398205,-7.33838202727
24,25,2,2,0.396173049215,0.705084361017,0.530465546282,0.23126399138,-1.04205381494,-2.15171971681,0.229099400378,-3.47190197114,-4.94232137196
24,26,1,1,0.541217062787,-1.53464367634,0.345826610965,-0.208987228821,-0.908999827711,-0.621217153856,-0.233111798445,-1.07071912947,-1.35443442313
24,27,1,2,-1.32591623581,-0.866798872024,0.0913976414277,-0.422610444535,-0.468959859786,-0.523396959912,-0.0686259327856,-0.308181349843,-0.0474790634728
24,27,2,2,-1.42922420068,0.163771260231,-0.325618700655,0.590861467713,-0.748880475304,-0.98820392869,0.0885426256489,-1.44595642496,-3.67834033574
24,28,1,1,-0.514083967143,-1.01655986196,1.00786216588,0.408174541544,0.180368473288,-2.10801374094,1.20751334122,-2.27380621549,-3.25007983931
24,29,1,1,0.364021585774,-1.29486358279,0.653592591643,0.849552044766,-2.00103606726,-0.253541019616,2.59696752077,-1.37068465068,-2.84719312786
24,30,1,1,-0.0504632598316,-0.758125040355,-0.414299858523,-0.172318909051,-0.285168746068,-1.66440240797,0.286336812009,-0.726804081882,-1.21449481987
24,31,1,2,0.400146554696,0.341538906737,-0.429821703821,0.652702561886,0.205889380645,-2.81116829658,-0.91458885353,-4.28950039289,-6.83045827199
24,31,2,2,0.589077650177,-0.126821757756,-0.282565170748,1.23577030673,0.807063692142,-1.67056766217,-0.426203278053,-3.01882753862,-5.57256611962
24,32,1,4,-0.247217820334,0.286531139806,0.0576931507106,0.654470709614,-0.283857820115,-1.51126557936,1.02707350954,-2.37943994873,-3.92048979363
24,32,2,4,-0.403513061338,0.522159042639,-0.0647876202708,-0.276024940233,0.213782862775,-3.34653791883,0.637784886826,-3.18002642817,-3.51493526329
24,32,3,4,-0.828983255781,0.153882255092,0.393386166757,-0.306122439813,-0.173928375757,-3.13385653636,0.492611959929,-3.20172612026,-3.78141786724
24,32,4,4,-1.14001889429,0.552224726766,0.277665965785,0.546857883641,0.0233373692382,-3.59791128192,0.23941189624,-3.14614998053,-4.35552657418
24,33,1,2,-0.86576982196,-0.266803242781,0.550236697448,0.502979664994,-2.02968707381,-2.49066669323,0.642834471598,-2.72030626463,-5.42067210746
24,33,2,2,-0.483054634885,0.901247924312,1.87541147236,-0.495016103176,-2.04942706603,-1.0882886604,-0.32300671403,-1.63830497438,-3.80943297493
24,34,1,4,0.991134460834,0.467354447281,1.30043255535,-0.334140899327,-1.33282279027,0.106505171465,-1.06622433914,-1.38662904593,-2.55719690026
24,34,2,4,0.593597108071,-0.0501756266382,1.19401653196,-0.850478212633,-1.55727857671,-0.61493143268,-0.42187009368,-1.10193365311,-1.96629978736
24,34,3,4,0.863179009516,0.354985536695,0.330434621765,-0.747286418574,-1.36896267536,-1.2573599923,-0.722621139704,-1.53285029781,-2.66375953904
24,34,4,4,1.17422901272,-0.503999958022,0.532301216984,0.338954037587,-0.748987084149,0.138247527692,-0.504038100434,-0.269509115206,-0.819545402637
24,35,1,1,-0.19183519675,0.481123953941,2.12345311453,0.146040756804,0.20492547577,-0.432256307092,-0.212192783098,-1.45659896199,-1.32713084394
25,1,1,2,0.193538229107,1.10828691125,0.113487211406,0.488021058376,-0.408623204872,-0.665154196428,-0.421296002995,-0.00330471376208,-1.35624886904
25,1,2,2,0.27217324735,-0.171826627471,0.493625522841,0.601592773086,0.298213514355,-0.657874327212,-0.19200296717,-0.553682935857,0.0282768291831
25,2,1,4,0.788343847471,0.174799442811,0.681725607071,0.72793477595,1.40634919014,0.0590362889999,-2.03795453031,-0.742238271015,-0.781853425389
25,2,2,4,0.748987952347,0.227531218686,0.327506385092,-0.0253477204471,0.755618380187,-0.364515570717,-1.39295008521,0.275284505118,0.754528720021
25,2,3,4,0.699475607296,0.717042416621,1.19411333191,0.759635260756,0.92993253257,-0.404643047875,-1.61702217989,-0.259667778731,0.616423593294
25,2,4,4,0.496608847032,0.489727283052,0.484901638719,0.949196155794,0.94256555533,-0.0480019117361,-1.20087652744,-0.477805393155,-0.844015421413
25,3,1,3,-0.871922692944,0.186349965888,-0.248083218658,1.20060183731,0.089241616179,2.25162385796,-0.651407162901,-0.490778732371,-0.365646810086
25,3,2,3,-0.992946098514,-0.095757625861,0.171065392995,0.695066889981,-0.56003065016,0.929941635143,-1.10305666019,-0.177831036122,0.330697229977
25,3,3,3,-0.0796432177599,-0.568920641571,0.0644083491104,1.34966889488,0.175033308541,1.5362427436,-1.1657140401,0.313099983433,2.16338020945
25,4,1,2,0.929326352772,0.504908514394,-0.262037755617,-0.252095969642,-0.342202562429,2.04269939515,0.0629320293484,2.25360416237,2.20281805166
25,4,2,2,0.244702545973,0.019779580252,-1.37790449278,-0.888625872195,0.319021837709,1.71123993699,-0.701424545691,1.89992633612,3.26184368407
25,5,1,2,1.50568758379,0.713128937833,0.0353163221403,1.34521545176,-0.526640267956,0.595729506728,-0.685846328356,0.666298117413,2.3093150779
25,5,2,2,1.47453446774,0.337748273025,-0.478011332488,0.157114513601,-0.677978762262,0.894888638923,-0.39979902827,0.373309235926,1.18521812654
25,6,1,2,0.467401255948,1.31148156596,1.91380058362,-0.421732915123,0.0902312119615,1.25412487718,-3.4734364657,0.392962740108,1.15467804637
25,6,2,2,1.2843909429,0.647611240669,0.64992768674,-1.23757634923,0.785248061283,1.13320580653,-2.80877507728,0.464762281766,2.14200341284
25,7,1,1,-0.630459162262,0.482498352679,0.116814836268,0.623878751179,-0.412833075287,-0.276607296694,-0.345001284444,0.406878133375,1.21257097173
25,8,1,4,2.508056749,-0.0556688547581,-0.370465347876,-0.417602605836,0.491115160272,3.4608535087,-1.44510978776,2.86212562008,5.95611949693
25,8,2,4,1.81078702875,-1.06005090819,-0.967049159804,-0.427213287947,0.226955158245,3.7929836001,-1.56632777556,3.13835648521,5.57264233565
25,8,3,4,2.22732558869,-0.0779405243446,-0.585716378905,-1.44069905132,-0.310699168694,1.92304365989,-2.42517917019,0.729330688637,3.31317377552
25,8,4,4,1.98955788456,-0.569664441441,-0.840409272877,-0.133276354599,0.393164873816,3.52923145621,-1.92641707525,2.9465262733,5.38315271884
25,9,1,1,0.155554413541,-0.592344605619,0.945017335724,-2.5512454295,-1.26861610268,0.87065906569,-2.20753292749,-1.28714319663,-0.826312393705
25,10,1,4,1.2824395401,0.0153450804125,-0.912292798942,1.29188505105,-0.264952806073,0.939709906295,-0.900132863335,0.158066960886,-0.172141837141
25,10,2,4,-0.170539678439,0.256626431242,-0.477538261298,1.2001865319,-0.150084332649,-0.279148027106,-0.798152823158,-2.00786774544,-3.48674824184
25,10,3,4,0.125687310519,0.0424965399176,-0.147608274078,1.58350585299,-0.98120853965,0.11696253126,-0.807658282187,-1.71598157536,-3.25447582804
25,10,4,4,0.727077937802,-0.600353849519,-0.258226998199,0.334745573792,-0.770910515999,0.815069398026,-0.833190841865,0.0214458921831,-0.500231329449
25,11,1,2,-0.0768909405261,-0.0114821884373,-0.26310914547,1.44107146528,-0.280232881908,-0.733887244355,0.202305157914,0.132400792046,0.651728548262
25,11,2,2,0.143407337245,-0.0257830632899,-0.262393151529,1.94725881084,0.44921096754,0.52743636905,0.560003429899,0.00376439305751,0.374029900781
25,12,1,2,0.259095998653,0.27502144009,1.18810807845,-0.315359149935,0.489287452685,0.723111990263,-1.21182798791,0.680314386957,0.637845383231
25,12,2,2,-0.74229755443,0.0173740895675,1.74672949738,-1.28509631104,-0.150976205636,0.348687868483,-1.15041208808,-1.12506942704,-1.58503669626
25,13,1,2,1.51810290519,-0.739249488107,-0.560602488049,-0.558991397641,-0.962115951314,-1.25974970357,-1.02074564549,-0.422813938738,1.40439792058
25,13,2,2,0.796391543422,0.846110589345,0.142188424884,-1.55110954045,-1.35143710434,-1.04317648177,-1.64183868471,-2.30000890983,-2.23222696239
25,14,1,2,0.839389402611,-0.25173412801,-0.726689803421,0.273857838363,-0.547576081319,1.61330361909,-0.840123168444,1.89652654494,4.00913912562
25,14,2,2,0.537905868481,0.340386684361,-0.510162745767,-0.985388923053,0.410796222977,0.5103542769,0.508720629417,0.937058538527,1.76145880086
25,15,1,4,0.136452130563,0.321650941544,1.06175189372,-0.907982222568,0.092878850194,1.22991820406,-2.0334279186,-2.54173289274,-3.2940371988
25,15,2,4,0.45899167861,-0.374070222687,1.09270056723,-0.155709805769,1.08243875011,0.555800179658,-2.38042823515,-1.489261332,-1.4475555384
25,15,3,4,-0.190706196109,0.448879371643,0.900256095119,-0.766901958607,-0.00884665394788,0.908348781281,-1.10389482387,-1.25833014109,-1.39708975954
25,15,4,4,0.622604841391,0.476507941271,2.61738454668,-0.382007759402,1.10700719347,1.71963508122,-3.18488217281,-0.238724970014,1.83762410948
25,16,1,4,0.815340993378,0.579336397171,0.811487807133,-0.442751362574,-0.323856049441,0.500237200993,-0.73669810796,0.296783108254,0.945495414068
25,16,2,4,0.200393038421,0.206979053726,1.18586596614,-0.532029589001,0.324854506842,0.92258060349,-0.789593474015,-0.234130583582,0.81234346765
25,16,3,4,0.897954123993,-0.0988768620958,1.78650903699,-0.280586308633,0.568163991608,2.40648652922,-1.52059853257,1.4490349995,2.68925846989
25,16,4,4,-0.108874690907,-0.759357928764,0.230252321467,-0.587831914114,-0.458836519465,1.03025703478,-0.661390456778,-0.233522975433,-0.268482755188
25,17,1,4,-0.17670847302,-0.712884659573,1.02330700149,-0.359061189055,1.18496588134,1.03398844622,-1.53205459029,-0.0023388847283,1.11257886781
25,17,2,4,0.0218573018813,-0.413825946662,0.400871213586,-0.280363981846,0.380872117104,0.580102312367,-0.0799616432039,-0.787884332306,-0.697926178526
25,17,3,4,-0.415758475993,-0.469614939881,0.812982435833,-0.309368754312,1.10629461234,0.958984914131,-1.50672358661,0.0254514346616,0.151619193778
25,17,4,4,0.497242853855,-0.733906746427,1.80461591798,-0.0481772831523,1.19116994337,2.12398505106,-1.59150739998,0.544030932194,1.92960636727
25,18,1,1,1.67307166303,0.37063672303,0.212459697362,-0.753084542148,-0.249770687703,1.4551991607,-2.7471910975,0.715279410789,1.54666303991
25,19,1,2,-1.55222388381,0.710431272194,0.873836101791,-0.270662961144,0.036620767182,0.533291237023,-0.649397822583,-0.203971513177,0.447093978065
25,19,2,2,-0.930840188959,1.45134815153,1.31455027739,-0.393987699154,0.268872404564,0.480949979147,-1.09088183493,1.09448306627,2.13243312439
25,20,1,3,-1.96245065688,1.08734389185,0.747913643064,1.08655334853,-0.181227305828,-0.718979655179,0.269808418324,-1.76947804023,-4.44167852332
25,20,2,3,-1.15882175969,1.43733923271,0.779871318181,1.27543221291,0.676268791309,-0.446064666145,0.497121831679,-0.0919940076163,-2.14546662072
25,20,3,3,-1.1619812696,1.44318468671,0.217829220809,1.22415031587,0.148041866301,-0.470960478703,-0.160972025042,-1.26101346312,-3.61199135891
25,21,1,3,-1.96374860138,0.898283771234,-0.625322659563,1.07943884687,-0.270877189323,-0.399848411657,1.15089778524,-0.438421639053,-2.46014916761
25,21,2,3,-0.8069965072,0.887555164196,-0.775560818844,0.76958087949,-0.683500583915,0.93772568504,0.545320171183,1.07878363695,1.35675240363
25,21,3,3,-0.706889039721,0.545483687892,0.0757915431439,1.35123046062,0.181176005141,0.00513703278761,0.433506264754,0.699270489102,1.21584512798
25,22,1,4,1.27904486681,-0.569063343953,1.77314471347,1.34434074621,-1.05576331705,1.54445011169,-1.61463400061,-1.12343994461,0.447796491336
25,22,2,4,0.204225094767,0.595998438687,1.40856183449,0.975709791279,-0.455913744443,0.434411993646,-1.20005021427,-0.0257641803215,0.773399824907
25,22,3,4,0.412170226369,0.66773399682,1.37395786989,0.972313749475,-0.768353630311,0.865218417301,-2.41240724512,-0.915621148582,0.332531364197
25,22,4,4,0.394315081792,0.636661386969,1.61356457296,1.22986176972,-0.527027277288,-0.311553207338,-1.77344778048,-2.14146914513,-2.01908382422
25,23,1,3,1.21542752321,0.348744621227,2.02090110531,1.00751940674,-2.13867328371,2.77825101296,-0.994482713018,1.7321330877,2.68808178117
25,23,2,3,-0.137081752416,-0.171035360776,1.59944981211,1.33985285239,-0.774027070256,0.696168048214,-0.891150787426,-0.573739365029,0.464068284744
25,23,3,3,1.08418731494,0.572840978229,0.676552334415,1.71021401823,-1.92462502565,1.31429797667,-0.45525213066,1.48484475241,2.44734560102
25,24,1,2,0.598312403586,-0.142156554817,0.545015276088,-0.0714137450729,-0.136225547546,0.710757057853,-0.368103088126,1.31060038319,2.60391749242
25,24,2,2,0.940542770854,0.684533810234,-0.128100540928,0.2874488467,0.781415852772,0.61053478505,-0.851282814465,1.40340109744,2.20328259441
25,25,1,1,1.24754551546,0.463590570815,0.724522736425,1.42075775128,0.805926716265,0.976154249331,0.13937498766,1.44616904524,4.01208627036
25,26,1,4,-1.99306401925,0.135840733853,-1.21753033343,0.148009509531,-0.632163302044,-1.38659325908,-1.42568567858,-3.19116599529,-3.59886059081
25,26,2,4,-3.33957797468,-0.448344738324,-0.00217653007345,-0.997932423515,-0.710666072148,-1.23246264907,-0.434493163305,-3.41898493127,-4.32464518845
25,26,3,4,-2.06203285559,-0.432987923722,-0.81150754867,-0.778806569637,-1.24830613566,-0.177077419533,-1.63595022084,-2.15442972709,-3.0227311311
25,26,4,4,-2.42675602046,-0.604311924598,-0.12996627985,0.135600673594,-0.776832153758,-1.75798717069,-1.76607330262,-2.53545050819,-2.58778275176
25,27,1,4,-1.12131413683,0.229101034553,-0.321475894765,-1.03826720862,-1.07069146858,-0.531689672362,-1.19110438451,-1.14816152389,-1.89538785783
25,27,2,4,-0.72863326002,-0.131166174305,0.49156409512,-1.07480761398,-1.62559829867,-0.315887133155,-1.47579666176,-0.905332866376,-0.832403253138
25,27,3,4,-0.384906443574,0.749763719807,-0.0512820426189,-0.775227535096,-0.915145466582,0.0671927580525,-0.539468800493,0.198860549386,0.359551114199
25,27,4,4,-0.819135951032,-0.205898150053,0.272700614029,-1.04854130091,-1.19228092748,-0.0440873358906,-1.59694787026,-0.816286821125,-0.452062916813
25,28,1,4,-0.692877285594,0.0517437973525,-0.838294244708,0.985916490679,0.296672793511,-1.39035428822,-0.462112342625,-2.02811539896,-2.80866814103
25,28,2,4,-0.0183140460784,-0.910766974059,-0.869636931855,0.00843474312531,-0.626451689217,0.415714756644,-1.46065907564,-0.771086690604,-0.869590202347
25,28,3,4,-0.291961239452,-0.852205499434,0.262103725396,0.208676577915,-0.549538815945,-1.08859595552,-0.81948754344,-1.78604920625,-2.01823992571
25,28,4,4,-0.346573423339,-0.381435478965,-0.253964849579,1.38875105339,-0.288666897015,-1.62384739558,-0.827658512099,-2.74824266452,-3.38018423566
25,29,1,3,-0.0885432797066,-2.64356294855,0.096415115768,0.3258488458,-0.752441771038,0.462168181383,0.271906088969,-0.998744857174,-0.636439353087
25,29,2,3,-0.482299552926,-1.53543736673,0.053141777478,0.179567030103,-1.28756443275,0.397482372896,-0.0135920340057,-1.40597644025,-2.13086975144
25,29,3,3,0.364109680827,-1.29813627808,0.418433661923,-0.363420834466,-0.387545913001,1.24992576432,0.354996914786,-0.488135024651,-0.282643620201
25,30,1,4,-1.55131357157,-0.318755627323,1.95096972304,-0.319731610607,-0.334293751511,-0.0312385874906,-1.54262560666,-1.56312458876,-1.27848179115
25,30,2,4,-1.26186317849,-0.164033256537,1.29778254038,-0.0256076332644,0.0167137023007,-0.757871245438,-0.605824048788,-2.31317377002,-3.25418841554
25,30,3,4,-0.473745638362,0.45470591148,1.45180291667,0.731699726846,1.16958757955,-1.33981190619,-1.21191647039,-2.31369192472,-3.05746254319
25,30,4,4,0.561375131685,0.592605851269,1.63301789296,-0.0317345745163,0.194626190133,-0.25520806193,-2.22371340451,-0.61351102515,0.0879481947845
25,31,1,3,-0.179525562324,0.935783048022,-0.679740709793,0.479797743218,-0.197009096586,-0.617269371375,-0.632751915524,-1.92086968959,-3.44611575558
25,31,2,3,0.0447011671339,0.809884318518,-0.440822072416,-0.0933546617603,0.818811556041,-1.40823894293,-1.40527649937,-2.85025844738,-4.55885408564
25,31,3,3,-1.32690661384,0.41246988476,0.0633200226446,-0.181872828809,0.138169610178,-1.6592260619,-1.08581531979,-3.12862647833,-5.34243857491
25,32,1,4,-1.61291895449,1.84884207736,0.35447740109,0.37644188215,0.152350243024,-1.90188330214,-1.58374424706,-3.26439572346,-5.52940019775
25,32,2,4,-0.609885507368,1.91040437024,1.16728275945,-0.0655791704692,-0.551328700053,-0.992845980866,-1.96528363407,-2.13373709344,-3.40812955027
25,32,3,4,-1.11155561216,1.15446018233,0.568207982311,-0.207648612092,-0.388904298696,-1.96137071209,-0.653129865333,-2.81834650564,-4.58650512864
25,32,4,4,-0.627662212105,1.46799662957,0.753414418392,-0.104340101039,-0.112575940119,-0.670943680989,-0.600096470655,-1.64118068735,-2.685511277
25,33,1,3,-0.172945821612,0.701971457127,0.674923155707,-0.0789569177943,-0.368064093798,0.016767251603,0.233413887226,-0.282212203567,-0.659511813973
25,33,2,3,-0.824633866435,1.55244222223,1.535576707,0.694126402337,-0.60537391457,-0.60384096074,-0.714650278406,-0.861942342594,-2.02075500467
25,33,3,3,-0.763211981961,1.25482146994,1.98726541834,-0.257382337672,0.511280968618,0.197446685619,-0.824445357054,0.324789974988,-0.288992028937
25,34,1,3,1.0273213886,0.150475215021,-0.111258465843,-0.321022706629,0.603711914858,-0.18617921291,-0.931529672844,0.643048634297,-0.186616588769
25,34,2,3,0.935886524684,1.13202378614,0.0996594106732,0.451845537438,0.688759399498,-0.83749142402,0.046487530915,-0.0797866538418,-1.15155465969
25,34,3,3,-0.775660901391,0.641397637112,0.624243248235,0.0677866294313,-0.233470885196,-0.682403368347,-1.83107511129,-0.657234240993,-2.01192214698
25,35,1,3,1.25104916737,0.729068217994,2.44414315352,-5.79879190379e-05,-1.09273955079,2.28318942414,-1.7856062044,0.849986505965,2.09919688308
25,35,2,3,0.0364311341743,0.0455448094467,2.48419729721,-0.698468360333,-0.650420550082,2.84902170711,-2.29473498905,-0.686548084853,-0.390546315432
25,35,3,3,0.618057077509,1.60575384864,1.53416887215,-1.21832686355,-0.685457360181,1.35064734361,-2.03183098025,-0.735338513051,-0.775687726028
26,1,1,2,-1.1748490214,1.07445806872,0.361764590952,0.276664381926,1.22413395646,-0.622653162316,0.136807182209,0.194068850176,-0.390745020022
26,1,2,2,-1.04329320773,0.320636353387,0.4890121836,0.136655236747,1.2494439709,-0.156930775789,0.912216629871,1.09420157638,0.908338429399
26,2,1,4,-0.452231180495,0.708087954747,0.199635177364,1.65362663528,-0.441561273153,-1.39131112608,-1.03534060744,-1.26348540353,-1.37738051364
26,2,2,4,0.252516939487,0.3814791426,0.0233878834264,0.96303839359,0.40703171757,0.372733281466,0.110362038959,1.07430728196,1.19227161992
26,2,3,4,0.184331017722,0.358252481893,-0.15440300332,0.931863597493,-0.186742161648,-0.593078081871,-0.87374529204,-0.364059870762,0.130159995693
26,2,4,4,0.948818899728,-0.316386943733,-0.493818383728,0.805173063278,0.335840591602,-0.143130344507,-1.98401197658,-0.526883768664,0.228800949565
26,3,1,4,0.124265616584,0.845809207661,0.902586111535,1.21414928902,-0.152179568696,2.10470793773,-0.647384281698,0.343817898482,0.800117508223
26,3,2,4,0.0802339486015,0.121866907905,0.213583862425,-0.194486811814,0.515260941794,1.91596365859,-0.56112893459,1.38897319186,2.64281934101
26,3,3,4,0.588645778184,0.4753720318,-0.0421844702188,0.162117643984,0.803403920301,1.97801744062,-0.0315091149512,1.71725362669,2.20526371995
26,3,4,4,0.848830950035,0.0684023804759,-0.32943403752,0.75547837739,-1.10288487674,3.16608973592,-0.217557404034,1.8719613385,2.87185215193
26,4,1,1,0.0890010080168,1.14570123894,-1.30411710515,-0.680489635808,0.532053580911,1.17375917781,-0.829188703764,1.32067879211,1.3201004794
26,5,1,4,2.01225307813,1.22702717289,-0.68498398084,-0.247024962077,0.0981195137093,0.0366114343765,-1.88522490415,0.693334507532,2.70503212402
26,5,2,4,3.11476802724,1.46560372851,-0.99601498739,-1.41191964252,0.355548698075,-0.346720213205,-2.45049360952,-0.5046680503,2.89882400996
26,5,3,4,2.15395801854,1.49733563421,-0.142401272658,-2.27447178164,1.40607123085,-0.507635400734,-1.66730134523,0.339984118371,2.99811065555
26,5,4,4,1.52827759707,1.36114077673,-0.484603034268,-0.109438450311,0.934225929249,-0.810870985203,-0.849102065229,-0.346434009906,0.450865309281
26,6,1,1,-1.36057314842,0.574491583624,1.09002566556,-1.71676702079,1.04221380032,1.67935175822,-0.539815790285,0.392171398199,-0.482890551416
26,7,1,2,0.846428780669,1.09771479491,-1.52438980805,-1.28836447429,0.0521011258834,0.633143101974,-1.61441353872,-0.0391628562599,1.27521784551
26,7,2,2,-0.167858509436,-0.683510928525,-1.46210309699,-1.41782502487,-0.22708013971,-0.332422708315,-1.54587048175,-0.647571225779,-0.259534388214
26,8,1,4,-0.69982461565,1.52626178871,-1.38041289054,-0.675987669764,0.377819138416,0.723070274332,-1.20357641167,0.210440420885,1.42519947541
26,8,2,4,-0.166541698144,0.634659852679,-0.534277080909,-0.157874010816,0.0269193008576,0.0756945728267,0.2663879808,1.7458701857,3.85242388119
26,8,3,4,-0.292685058538,0.727417575345,-1.4410871518,-0.455277852178,0.52986296364,1.44032459843,-1.57721620938,1.69866183472,4.53890942523
26,8,4,4,-0.21202688311,0.474327236644,-0.971241110048,0.0972580318644,-0.243836725457,0.184868047158,0.265458740926,1.45194261609,3.61760780403
26,9,1,4,-0.51498648659,-0.0189650544375,-0.206282096849,-1.94831289437,1.32963668207,-0.640697098578,-1.56028223462,-0.925892693653,-0.49739500432
26,9,2,4,-0.56377877785,0.868352201405,0.0349969937454,-1.76654667553,1.87256469574,-0.752468134052,-0.49261954839,-0.989985893681,-1.65607705754
26,9,3,4,-0.246994211864,-0.056692724639,0.396183280814,-1.93017587707,0.330808688677,-1.19289126878,-0.860889460707,-1.44387261432,-1.67905769277
26,9,4,4,-0.678438525422,0.214402729214,0.0829277908275,-2.79791246609,0.292262112575,-0.275379243038,-1.18819061959,-1.09792367576,-0.668521024889
26,10,1,2,0.933694411278,1.53542065926,-0.278593622225,0.267801040555,0.405190097085,0.0504757044074,-1.32642857109,1.01719528314,1.40834547376
26,10,2,2,1.54540915708,-0.147909832516,0.142944891428,-0.114740548118,-1.23344058681,0.498986373869,-1.52539445473,0.293078362078,0.560597134925
26,11,1,4,0.969971919492,0.408651633986,-1.43559023316,0.54829609798,-1.21506526632,0.642683164083,-0.621446603413,1.90120098716,2.44477317747
26,11,2,4,0.933163699409,0.649383749419,-1.35266091747,1.46260996785,-0.920120926306,-0.142369994458,0.78854378037,1.73184673605,2.32714612472
26,11,3,4,0.164317108599,0.434265245718,-1.34622667587,1.84884724161,-1.52720710546,0.492605876633,0.844424662289,1.28486827617,1.45171690968
26,11,4,4,1.42513838419,-0.0901944912592,-1.25286056377,0.592891832626,-1.44246521051,-0.344100828336,-0.366675284913,1.55980139396,2.72610686623
26,12,1,4,-0.751385292704,0.455846884609,0.733130024027,-0.987770929658,1.30075655975,-0.502745772964,-0.90698103672,-0.624822784983,-0.654475154796
26,12,2,4,-1.36089991356,0.195269178259,-0.0515390252513,-1.23481195899,0.346844502231,0.645324833494,-1.09300737865,-0.0118414687201,-0.234132884944
26,12,3,4,-0.838789480004,0.555340214083,-0.0995342181118,-0.353466007579,1.34775502389,0.358699156106,-0.435523959299,1.19563261112,0.900272327493
26,12,4,4,-0.829981411101,0.769271484561,1.12334396245,0.157839074138,1.16946478375,0.881341629547,-0.642421724266,1.02499671413,0.941284823413
26,13,1,2,0.281657053601,-0.448801034536,0.790346932665,-2.38866747553,1.51928827758,-1.31881428529,-1.73927107182,-1.69637658079,-0.365433877941
26,13,2,2,0.174840917665,-0.704080131752,0.375718420561,-1.66163674696,2.06696770213,-0.788174394364,-2.32403732435,-3.32511993803,-4.41184248072
26,14,1,4,-1.67610876698,1.68383906721,0.696498175574,1.1650490418,1.15759690392,-2.90232717025,1.05059375209,-0.786305478919,-1.93314155772
26,14,2,4,-1.60309369123,1.39854793114,0.0960237421639,1.09139876815,0.492844377918,-3.05782388564,0.774014325423,-1.99048816967,-3.68459187621
26,14,3,4,-0.759656882243,1.05850157884,0.543305490907,1.09918572428,0.456405572309,-1.00959811352,-0.210258436944,-0.483056332306,-0.819565814437
26,14,4,4,-0.62780895358,0.947339524354,0.631189044429,0.346102435957,-0.257437554515,-1.48152613801,-0.618035247504,-0.4692883982,-0.0118280463678
26,15,1,2,-1.75411865413,-0.182747819838,0.37524805892,0.41672875387,0.623662963201,-0.837192811724,-2.4044613099,-4.46278642711,-6.50097639117
26,15,2,2,-1.74033704267,0.214595130347,0.54885417803,-0.345588001752,0.316203810001,0.24279172392,-2.23921386528,-3.05067282325,-4.31427093383
26,16,1,2,-1.28452686083,0.0414229190987,0.185351058089,-0.252637977068,1.91130346262,-0.890056604772,0.0953154052381,0.350457866104,-0.891130916392
26,16,2,2,-2.22213353419,1.48403317144,0.0319591336582,-0.272388494383,1.14532105193,-1.3763973511,0.166697916322,0.0613239902995,-1.8969757912
26,17,1,1,-0.0336875076385,0.653751444677,0.694772562682,-1.32930260826,-0.66903381983,0.0645456143067,-3.27280055393,-1.59287802127,-2.39558414613
26,18,1,1,0.768661793966,1.16490953829,-1.50309289145,-2.1373752511,-0.0586931987481,-0.839989343934,-0.0936129651488,-1.12598115711,-0.900493346157
26,19,1,4,-0.255690367947,1.45377172959,0.0365272402914,-1.3441265096,0.550178406746,-0.880227797132,-0.857607162147,-0.143619214528,-0.0997184274383
26,19,2,4,-0.374723391789,1.46963455706,0.946107261127,-0.739219240935,0.971409701004,0.202821887227,-0.831337484395,1.46317571368,1.8299628053
26,19,3,4,-0.814471844091,1.13921644738,0.846833968285,-0.314309874442,0.222561110476,-0.399630765674,-0.545910802954,0.992727054382,1.91738576328
26,19,4,4,-0.32584838586,2.06174699005,0.432520977828,-1.04665724184,0.699036577907,-0.998920537098,0.197537832672,0.713705015145,0.915910263565
26,20,1,4,-2.22925437315,0.761449375251,0.144749095446,-0.923646116281,0.328970132648,1.12535889272,-0.060753812974,0.0219338051326,-1.82824526586
26,20,2,4,-3.02160470546,2.20716855071,0.227112919974,-0.799441787867,0.116058236652,-0.599783716161,-0.601758992701,-0.582462677046,-3.15396887559
26,20,3,4,-2.98492825936,1.22462201686,0.944197852838,-0.137590225716,0.415281018453,0.172125710159,-0.889723773185,-0.284997288875,-2.46289864162
26,20,4,4,-1.56098425116,1.6298236667,0.133914211718,-1.01312566167,0.240483010104,0.971638556637,-0.786150087559,-0.498358199318,-2.64326353206
26,21,1,4,-0.929247116193,0.378488648616,-1.33758030537,-0.0386606378538,0.185117622571,0.61452014017,-1.58103907943,0.922477095612,1.86006004471
26,21,2,4,-1.9266591079,0.486388419838,-0.738653999817,-0.179605917533,1.06222279817,-0.821100463879,-1.33846550199,-0.27769719639,-0.524950324907
26,21,3,4,-1.59343728684,0.960627273715,-0.53664303161,-0.805945904036,1.07313676844,0.480522041961,-0.242828738658,0.696728803601,-0.246331487259
26,21,4,4,-1.15005345903,0.175700935905,-0.45079587464,0.21676062045,0.241320613466,-0.13780663933,-0.487012137206,0.810227223539,1.20254256448
26,22,1,4,0.830021271154,-0.201480532789,-0.80258367531,-0.0393432061676,0.440746588779,0.953530087754,-2.67813569812,0.420121970822,2.44133057099
26,22,2,4,-0.27114255361,-0.921764088837,-0.782734585649,0.148466831676,0.0155038149574,-0.0573547464586,-0.942407565262,-0.177688998917,0.370081661014
26,22,3,4,0.643484506276,-0.263986563681,-0.980497741046,-0.577866168108,-0.242662842195,-0.591606817178,-1.99904950513,-0.114296962407,1.29875015379
26,22,4,4,0.96233880496,-0.182830518647,-0.27493217163,-1.16097624173,-0.515710487215,-0.691308015945,-2.26710954567,-0.4923732284,1.05531574097
26,23,1,4,0.193342500557,-0.579128312207,-0.103179987406,-0.560210826859,-0.467346499188,0.44808597463,-0.601884686531,0.295028356168,0.545183585219
26,23,2,4,-0.412944785087,-0.963874002819,-0.698499986366,-0.911872964047,-1.04968731284,1.1353702365,-1.11226568502,0.734245223642,2.16713580382
26,23,3,4,-0.250862283027,-0.402145459677,0.370485251309,-1.02772917597,-0.614501721385,0.666803753615,0.0503602423924,0.397292728176,0.589737056362
26,23,4,4,-0.836681398807,-1.32704061226,0.018496955901,-1.50537477609,-1.17876659977,1.26000188615,-0.679198775196,0.386464700626,1.29063649601
26,24,1,1,-0.783916185106,1.02908545869,-0.732110343085,-0.928839729825,-0.798359534479,-0.974279910528,-1.83157362879,-1.09075698015,-1.53524926976
26,25,1,4,0.375532914634,0.0130244828808,0.193854403122,-0.880888932099,-0.105587622152,0.180194494693,-0.693256685014,1.5675151741,5.01511329985
26,25,2,4,0.568497645475,1.42176835909,-0.460503490043,-0.73645154624,0.420799657444,-0.115559787767,-1.21000591063,0.136033117754,1.45047685567
26,25,3,4,0.392416457472,1.06485301838,-0.48573905154,-1.33234673996,0.0887664254364,-0.876528547359,-1.67093682269,-0.0303376256216,2.0516205977
26,25,4,4,0.377010175067,1.67512196624,-0.486913340711,-0.775993160451,0.714046577997,-0.819583029866,-0.52917684703,-0.135009103255,0.69864935499
26,26,1,1,-0.897454331286,-0.0729870670557,1.12143662763,-1.32793022787,0.638246051246,0.0172472782517,-0.73826883927,-0.848231869846,0.245683954004
26,27,1,4,-0.518538933743,-0.398555112263,0.11531373025,-0.358794539192,-0.320141150504,0.592382534913,-1.15657915014,1.15758093737,2.38705387018
26,27,2,4,0.186602698231,0.631209652968,1.17394739635,-0.790893224806,-0.132868133958,0.254926506288,-1.92835186651,-0.156773278426,0.846631354711
26,27,3,4,-0.463414780019,0.894545205267,1.03970873819,-1.00972441273,0.177168063661,0.786303608412,-1.30485687666,0.945035982562,0.819805888282
26,27,4,4,0.261036507253,0.316908773765,-0.597716373667,-1.20397435222,-0.643130233796,0.558021106876,-1.30349481695,0.948413004352,1.67624914934
26,28,1,1,-0.130167376507,0.304131195542,-0.790528590403,-0.552179877885,0.17910286006,1.16481426747,0.183958575227,1.13101030005,1.15075580768
26,29,1,2,0.0366070005713,-0.234210173107,-0.334629257818,-0.422031325828,1.48606271994,-0.830462143261,-0.0851124716349,0.6473745929,1.75541501019
26,29,2,2,0.0409921347344,-0.70322952752,0.533781775408,-0.207952970591,-0.0381961404278,-0.673284492913,0.728050606584,0.812697568692,3.85249964162
26,30,1,1,0.0416755385105,0.0342707967002,0.215164030841,0.599444950124,0.222020133879,-0.301486499854,0.190664062003,0.486292890716,-0.660451461492
26,31,1,1,-0.670813817005,1.55263156451,0.226722438791,0.329039201273,-0.0544459015924,-0.953176893668,-0.721099335978,-1.88986969583,-4.60785534858
26,32,1,3,-0.498846578224,0.215809037319,0.0655595229545,0.228176925937,-0.0578235005366,-0.459701713457,-0.236396859517,0.98369346138,1.84228306891
26,32,2,3,0.00105241965874,0.190585330868,0.495881335236,-1.68630125095,-0.55378198947,-0.251643288195,-1.38905795638,-1.11975350846,-0.629159408979
26,32,3,3,0.388298739517,1.47178505847,-0.131461900232,-0.623392958976,-0.00471505369553,-0.617016191998,-2.02788122708,-0.260021759131,0.820301871475
26,33,1,4,-0.695949473643,-0.141591197582,-0.164942256002,0.295569926257,0.278215015573,0.0415001148719,-2.06679292008,-1.00035175706,-1.55669863094
26,33,2,4,-1.47406942672,-0.238042276455,-1.4263992683,0.119517434221,0.148831586333,0.36906619036,-1.22420522834,-0.628629547768,-0.850423703805
26,33,3,4,-1.48056477692,-1.26762048015,-0.591218728402,0.0446446155086,-0.253631924284,-0.388808528484,-0.268427438181,-1.27116640406,-1.46891033654
26,33,4,4,-0.697882976574,-0.479271069626,-0.177175766731,0.724321388552,-0.949875162682,0.42586221027,-0.440530109623,-1.17814387609,-1.75586239348
26,34,1,1,1.17052907502,0.226056305502,-0.554805261338,-1.36431817275,-0.250200776701,-1.84187733654,-1.88084690597,0.166131203538,1.76649819755
26,35,1,1,-0.861547263767,-0.881061836488,0.609305959746,-0.164091759594,0.296361825438,0.894294248505,0.167486370848,0.661293884244,0.46257189013
27,1,1,1,0.989268933456,1.05204035646,-0.0514507009716,-0.562672227651,0.722051301154,-0.557408393781,-0.686048700713,-0.767396317149,-1.11404342976
27,2,1,1,-0.907511561692,0.638304251011,-0.54933283958,1.09007028927,0.968393193487,-1.18284826616,-0.443509182661,-3.3154807418,-6.10037138137
27,3,1,4,-1.06778486599,-0.593987993871,-0.704606472603,0.635971604679,-0.272814255642,0.524095040647,0.572685907548,0.452570113659,0.13860373635
27,3,2,4,-1.04539760162,-0.213589915176,-0.969057353084,0.246591237549,-0.158927698647,-0.654701865209,-0.078931471559,-0.902399106145,-2.16906271347
27,3,3,4,-1.94147025013,-1.1541258013,-1.07666483114,-0.399100794167,0.808325713081,0.346909449104,-0.0199552304323,-0.285590240999,-2.03127031927
27,3,4,4,-0.551762391811,-0.529073354213,-0.487074512167,0.652441106702,0.141954550943,1.46812025709,0.28522985402,-0.451308807166,-2.29731190695
27,4,1,1,0.140698717934,1.34892496903,-1.37795672209,-0.329015892644,0.553757245284,0.309250196396,-0.82828145154,0.383679753147,-0.505389572551
27,5,1,3,0.981831619753,1.69111165054,-1.21604777172,0.248162266248,-0.225042787248,0.161424605598,-1.32331516466,-0.309580546646,-0.437499827519
27,5,2,3,1.10086222356,1.33891340261,-2.03820640825,1.15868212221,-0.921549195619,1.37783817029,-1.26778315436,-0.787506370593,-0.670878417878
27,5,3,3,2.08054294437,1.44152253446,-1.02188174233,0.219821158588,-1.07428457637,1.03438789729,-2.08933598639,-0.150755697746,-0.26960323399
27,6,1,2,-1.3268922315,0.815941340631,-0.70987328485,-1.69296666317,-0.609045630067,0.559394530457,-0.827866898948,-2.14941970157,-5.70596720327
27,6,2,2,-0.412451585422,0.480602686239,1.24053754913,-0.948428226088,-0.185971696814,1.10744567683,-1.27514442152,-0.917069288703,-2.61387740798
27,7,1,1,-0.841965460257,0.593073914551,-2.2773151696,-0.187148241759,0.0101115629676,2.02909349597,-2.60330618931,-0.428183292262,0.753987440875
27,8,1,2,-0.474380996225,0.77916206525,-2.11089382211,-0.121520951196,1.11224289662,0.899917451975,-2.25914867395,-0.696192954169,0.0180333639991
27,8,2,2,0.259062717465,0.778830747485,-1.06583398573,0.626475698795,1.30842318825,0.806175866638,-1.24029148552,0.625676407257,1.57798542127
27,9,1,3,-0.523143819683,0.0979806054088,-0.812106173015,-1.91688000595,1.7504737776,1.56083539042,-0.937832020621,0.348154187381,0.157709856142
27,9,2,3,0.491747327876,1.36327854801,-0.526464774072,-1.2182478483,1.06749163041,1.20916321706,-0.351978536664,0.391357064926,-0.630956269449
27,9,3,3,0.184581725299,1.33884012818,-0.0584549930524,-2.67560640204,1.51152981203,0.536163459059,-1.8379391231,-2.60294363713,-5.32690061206
27,10,1,4,0.562066064706,0.419990892198,-1.46797481076,1.63242059514,0.343666936367,0.86222469711,-0.889824047763,-1.90074387743,-3.61088997654
27,10,2,4,0.295883774147,-0.185154353253,-1.41795673717,1.41959030114,-0.732313075572,0.931891294265,-2.05174712403,-2.70895727985,-4.71782275162
27,10,3,4,0.322225012048,-0.0532880225958,-1.38717601187,0.87234457258,0.694564693579,-0.206341683798,-0.655075875304,-1.13489155558,-2.16923855413
27,10,4,4,0.00765439130743,0.349898464243,-1.59743187702,1.299285798,-0.00830104455665,1.08718720154,-1.64079736682,-0.535188907487,-1.25156712598
27,11,1,3,-0.291461264823,-0.0350009941379,-2.59289489035,1.37879319519,-0.0736021412265,1.25946868956,0.159717527419,-0.0600006952869,-0.495005311165
27,11,2,3,-0.911867612007,0.665321489326,-2.79214916506,-0.120858336212,0.493409506431,0.648190949822,-1.15425922935,-1.25348384853,-1.48075445469
27,11,3,3,-0.0124040709699,0.105761601208,-2.67331756271,1.09216319354,-0.606714952888,0.54630984703,-0.971829363998,-0.361438101252,-0.771750435633
27,12,1,1,-1.15736049661,-0.37390881512,-0.258380031668,1.43363094084,-0.452075640762,0.713210962425,0.541364303282,-1.69996260301,-4.52721193889
27,13,1,2,-0.150805526297,0.345211312969,0.380138437648,-0.949169877621,0.686189527101,-0.76871864744,-1.42313268506,-0.312035208534,0.292710076731
27,13,2,2,-0.862682796864,-0.152835144466,1.79701657232,-1.23570286975,1.64852116205,1.07250537107,-1.20687708106,-1.00555087677,-2.53698240577
27,14,1,3,-1.92759289386,0.00936006572821,-0.329392736569,0.214289747579,0.685807392049,0.409281936038,0.124281866852,-0.72618356465,-2.80870052343
27,14,2,3,-0.407951155721,0.43307166948,-1.00073436873,-0.16067920963,0.833759127206,-0.0959550230846,0.504644392381,-0.505516308003,-1.72140430734
27,14,3,3,-2.07239745876,0.531977730737,-0.861169445146,-0.249421798125,1.386446084,0.0581946076843,-1.21340869995,-2.65689714969,-5.15034634174
27,15,1,1,-2.47051689307,1.28179438002,0.313638291831,-0.87032955291,-0.0871862580388,0.281427307585,-0.729611760721,-2.78572583209,-6.85810285773
27,16,1,1,0.186606279171,1.49861545267,-0.0436063603432,0.126756869317,0.524841437145,-0.237425425037,-1.09488676297,-0.64912094155,-2.4998545339
27,17,1,3,0.63443020839,-0.384133252103,0.141050933241,0.258871214141,1.12093117482,-0.0532383302728,-2.74379226946,-1.71844656586,-2.88587410377
27,17,2,3,0.568893164055,-0.187888340533,-0.967901338387,-1.63885845624,0.788299907057,0.7019379816,-2.82825350053,-1.70627893815,-2.6994366251
27,17,3,3,0.530260638477,0.021894188745,-0.231975886543,-1.43592808062,1.48814868745,0.140050953084,-2.48717343158,-1.8433801372,-3.31300713053
27,18,1,4,0.196763175335,0.541213569471,-0.514852394618,-0.269054234424,0.548773699226,-1.03770486756,-1.28500635884,-1.41181163079,-3.32151111219
27,18,2,4,-0.401727038516,0.697085043213,-0.91343231225,0.316190429788,-0.688545510292,-0.150945508789,-1.37445971363,-1.88946808533,-3.26095826522
27,18,3,4,-0.274321516372,1.52447901632,-0.109145532659,-0.154147037538,-0.216736180847,-0.884927599594,-1.45964677986,-2.04196040185,-3.94178963985
27,18,4,4,-0.627556206922,0.78451344513,-0.0536489005119,-0.771227089312,-0.0379611804103,-0.848341601374,-1.73733101912,-2.72821226444,-4.50206828575
27,19,1,2,-1.23929873285,0.44475446896,-1.79818958011,0.4955913351,0.274805646942,0.183271052172,-0.498548480351,-1.64736103119,-1.99468632893
27,19,2,2,-0.793220515452,0.486150843725,-2.10088921949,-0.113144413743,1.31536950594,0.699435063649,-0.704661248043,-1.26168708044,-1.85125943436
27,20,1,4,-0.666765593398,1.48778001744,0.152370263088,1.06841489269,1.58268573108,0.52001099532,0.191489586903,-0.610417993288,-3.46877599137
27,20,2,4,-1.2961735931,1.254814516,0.642909948696,0.362154513602,1.00189840363,1.02478074303,-0.210792831154,0.465523027587,-2.20469183333
27,20,3,4,-1.78856908853,1.10043549253,1.75053326002,0.266935637225,1.06232519843,1.16093881704,-0.427614531659,-0.24099694876,-2.76785041872
27,20,4,4,-0.0844854979971,2.17165298941,0.933095730093,0.730783387342,1.09193701154,1.01275933521,-0.706038883701,1.13892698498,-0.756674497916
27,21,1,1,-0.702191699774,0.596115498652,-1.12049044519,1.44182603541,-0.833634510962,0.479317214969,-0.304167324224,-0.800050695851,-3.21740531159
27,22,1,4,0.479665590357,-0.228764380083,-2.80297969804,0.82290050309,0.383419276905,1.85148953729,-2.54547370674,-0.0670541210949,0.708884286293
27,22,2,4,0.206406254167,-0.00643158114309,-2.78755837245,-0.375357942059,0.505798262884,1.5273798684,-2.63858507269,-1.60295251256,-1.83849138269
27,22,3,4,0.00771871189022,-0.443948340109,-1.91677723364,0.525194639714,0.518176901521,1.02594473872,-2.40266087895,-1.27936626853,-1.37266394105
27,22,4,4,0.553158325633,0.581157710718,-1.99176068457,0.207229414082,-0.485765985093,0.728258364521,-2.07451968876,-1.35668601668,-2.19465848957
27,23,1,1,-0.185635799192,-0.755884501743,1.11420533009,-0.460418860643,-0.0288523215036,0.396786596976,-0.462384053264,-2.83186704624,-4.27101185196
27,24,1,2,0.738993880936,1.07821088101,-1.85272718169,-1.2722797095,0.931446747075,0.47011655669,-1.19946588701,0.005981892344,0.116075623758
27,24,2,2,0.170927972389,0.168318106344,-1.9978689108,-0.19266758489,0.740164576494,0.291427717049,-1.75220242178,0.0882710197076,0.304620097214
27,25,1,3,-0.792943082335,0.32848125384,-0.169701904312,0.541324480818,1.22276414314,0.233725105414,0.082229415501,-2.23661983271,-3.01260540619
27,25,2,3,-0.867393232432,0.616702907383,-0.734172404881,1.29483976739,1.31937064198,-0.106902179593,0.523077798186,-2.3503362027,-4.79536239276
27,25,3,3,-0.795087626751,0.50074013165,-1.39531503215,1.41231110329,0.81786525411,-0.573641015142,0.328618220795,-2.48880200074,-3.76763787848
27,26,1,4,-1.90488789262,-1.03835282548,-0.489460467611,-0.464714719631,0.159082123573,-0.337151389275,-1.09260595301,-1.6200596214,-1.71890332798
27,26,2,4,-2.26198329712,-1.23454008468,-0.175094990369,-0.481530612277,-0.547491436552,0.09427239636,0.0919885416658,-2.51130410452,-4.32324278929
27,26,3,4,-2.75079993534,-0.701698890368,-1.28547430304,0.424120244173,-0.051693025535,-1.83670091773,-0.108462977921,-3.59100111034,-4.62553659352
27,26,4,4,-2.23135210938,-0.471297570806,-0.349605614341,-0.38137993389,-0.499185772997,-0.0819942556509,-0.287377288075,-2.95992409768,-4.93544091044
27,27,1,3,-0.937849629722,1.19076933356,-0.553202338336,0.515806881575,0.579136417876,0.0798588752092,-0.852121209919,-0.846465100563,-2.86967132277
27,27,2,3,-0.831241419855,1.30779329584,-0.933111396905,2.00898636695,-0.443157283786,-1.1311387582,-0.0868989308362,-1.12661633402,-2.05051435154
27,27,3,3,-1.96142439422,1.73469384502,-0.39603142414,1.17770119521,0.136002733049,-1.83002833413,-0.409732166239,-2.84692191421,-6.68691711766
27,28,1,3,-1.0687024272,-0.032663148356,-0.00807944010905,0.946884916194,-1.09405569365,-1.04969180442,0.221489973624,-2.81166867806,-5.62860879071
27,28,2,3,-1.32144702003,-0.135902031974,0.102006789179,0.447664120493,0.0565553168296,-1.35267766075,-0.488716694808,-2.63206708766,-4.3751472172
27,28,3,3,-0.900934326829,-0.136304970877,-0.416347018968,0.930531621416,0.411644446019,-0.773555173144,-0.832696595682,-2.31428606229,-3.70213484276
27,29,1,2,-1.2896332139,-0.311640972351,-1.43316791546,0.556286937223,-1.17094650845,-0.911967724283,-1.13369616853,-3.51275350687,-4.63477161916
27,29,2,2,-1.64098816876,-0.437127971926,-1.58075556347,-0.855536654773,-1.19631974034,0.364789553508,-0.998458529288,-2.24363522302,-3.41086222982
27,30,1,3,-0.594643575287,2.03776703667,0.519019070958,0.590786615021,0.908728857737,-0.412602355515,-1.2253137418,-0.375090188585,-2.2781374592
27,30,2,3,-1.11007668827,2.07175314476,0.135711748434,0.493988788518,0.341355284499,-0.0762771900792,-0.70918567747,-1.75854098988,-5.06704715629
27,30,3,3,-0.715034162841,1.60045876286,0.196210295649,0.863207855934,0.509338097019,0.502691930014,0.26219094601,-0.329258181746,-2.58822805422
27,31,1,3,-0.520688572058,1.21938971704,-1.80729642607,-0.111981902492,-0.435358347507,-0.578201504836,-1.33797749008,-3.0648067769,-6.33395509704
27,31,2,3,-0.796492247071,1.0200349864,-2.51081092215,0.998653737197,-0.640045809642,0.607033671571,-0.65082855637,-2.40925421419,-4.29990065906
27,31,3,3,-1.56203942931,2.57848932846,-1.47347565871,-0.0772794640053,0.27703503495,-1.36402782402,-0.111076380085,-4.60367105828,-10.2326069299
27,32,1,4,-2.19126483991,0.763469920265,-0.242254360594,-1.44806783964,-0.261845823567,-3.08872461502,-1.57724284482,-4.82998216598,-8.08304473213
27,32,2,4,-1.95590215953,1.82309345783,-0.319397940933,-1.41478253558,-0.00616304075047,-2.47519268537,-1.13719862831,-2.88929021214,-6.00388442063
27,32,3,4,-2.09835368276,0.337423304992,0.0335844626093,-0.953538222925,0.427104243703,-2.90190551041,-0.833379841485,-3.19582725831,-5.01318349655
27,32,4,4,-0.901343335032,1.41439910954,-0.640190835752,-1.33898714576,1.40959858759,-2.4157676662,-2.25461598895,-3.24112867317,-4.54581208878
27,33,1,1,-1.44199050543,1.06148495073,-0.326823023494,-0.867925357308,-1.70682329979,-0.0137689644737,-0.967754259075,-2.62122638811,-7.1479102874
27,34,1,2,-1.35982028217,0.686064158667,-0.819195845815,-0.798575969981,0.572464007277,-0.137775957551,-0.153669850947,-3.50053497254,-7.20472329212
27,34,2,2,-1.16685813762,0.0224288030655,-0.870232858725,-0.380458577063,1.04736949063,0.316646413116,-0.649712348577,-1.23208710523,-3.77043263749
27,35,1,4,-0.882410281607,-0.224513675366,0.778921936922,-0.631023499832,0.128291308646,0.430330878297,-1.58064342185,-0.806902858921,-1.65722526222
27,35,2,4,0.202802721275,-0.928142622949,1.68274292914,-0.37865078931,-0.106256596909,1.01949852753,-1.57111789822,-0.795502772809,-1.29780802607
27,35,3,4,-0.336147568118,-0.740572313271,-0.0227886173414,-0.166145027019,0.0425132149756,1.16593458394,-1.56249731104,0.319319855027,-1.32430843301
27,35,4,4,-0.906909710606,-0.726153807618,1.15366435675,-0.529724030594,-1.43466414759,0.25926443114,-0.760240082658,-0.58382991883,-1.96300479424
28,1,1,3,-0.158262637409,-0.141173191849,-0.623936368122,0.938954325183,-0.258910249487,0.546213567749,1.37342363845,0.180237967873,-0.969659602244
28,1,2,3,0.164011719173,-0.671109388643,-0.332285094107,0.567482777504,-0.142696948079,0.951247676675,1.11384374743,1.30832039478,1.48981640486
28,1,3,3,0.0129753161247,-0.0645509790373,0.494776842912,0.802332513252,0.371343317704,-0.768971630415,1.62221787103,-0.26877937527,-0.490744869964
28,2,1,2,1.21857178199,0.0907526416708,0.935323058634,-0.500693296126,-0.458030474219,0.837739650235,-0.94506976226,0.353157774014,-0.571573429259
28,2,2,2,0.353437680055,0.264692866352,0.988027767596,-0.442374440683,-1.07100387254,-0.640217690887,-0.799179623983,-0.582040198713,-1.58755674018
28,3,1,1,-0.66286357693,-1.18541366975,0.801772035782,-0.237644521354,-1.0196337106,2.26098694764,1.26856327615,0.508113782577,-1.08934923828
28,4,1,1,0.951780783804,1.19306418686,-0.554099284293,-2.0066260721,1.458714446,0.929901355157,0.298063561631,0.925203230558,-0.120654555033
28,5,1,3,0.405122237474,0.197999630985,-0.797419929063,0.66555227058,-2.09883125763,-0.325898329659,0.125652907297,-1.68627424264,-3.20309460632
28,5,2,3,-0.719904106854,0.781653748921,-0.909339498713,-0.584445773685,-1.85554787831,-0.453414367144,0.466685649684,-1.16244076076,-2.48443716905
28,5,3,3,1.10242587532,0.201127471511,-0.417515260643,-0.00286345543453,-0.27739513098,1.18261171299,-0.456344268482,-0.317610650675,-0.134281170834
28,6,1,1,0.0972718663261,-0.372987931235,2.05742879456,-0.915755884248,-0.0551123977378,2.0307357579,0.64438257587,1.39655098981,1.9588395718
28,7,1,1,-0.212764126985,-1.8531360799,0.8206907384,-1.11568015035,-0.205719064329,0.632932597857,-0.390410777583,0.112701657091,0.750977655018
28,8,1,4,-1.20965800531,-0.397603134284,-0.0218500445836,-1.04591547461,-1.08799561793,1.31524993038,2.0400237485,0.838219808427,-0.131569198717
28,8,2,4,0.16867412135,-1.16331196936,-0.34453610469,-0.525037364039,-1.59393729818,0.684245817556,0.7542854555,0.855538972714,0.536285326719
28,8,3,4,1.37149695648,-0.78892805862,-0.109458036471,-0.736597968881,-0.547351765757,0.10533402422,0.665364502073,-0.376887590286,0.581494532608
28,8,4,4,-0.351736727652,-0.779877094141,-0.480375370072,-0.172532859288,-1.44072960621,1.05740685342,0.516832269042,-0.156868099177,-0.463737632979
28,9,1,4,-0.0919592887446,-0.161022300579,0.636271324681,-3.22672974616,-0.524436079446,1.28946495582,0.0439331922161,-1.77606739317,-3.34034100489
28,9,2,4,0.437240078728,-0.0586290828629,0.504202887288,-2.66904881266,-0.324819447603,1.44805186389,1.09982820738,-0.227903317863,-0.690211895187
28,9,3,4,-0.305172169545,-0.495633370684,0.766109170632,-2.65586770146,-1.43878218714,1.0345342456,0.271976288792,-1.64350305098,-3.37025140208
28,9,4,4,0.688311705498,0.535335203558,-0.21033589228,-2.48383312231,-0.449680428357,1.119949494,0.0336245751132,-0.171830589693,-1.19578717154
28,10,1,2,1.48486014072,0.312167062813,-0.508970557006,-0.188745165139,-0.910698605488,1.16623485667,0.243526896438,1.83914998266,2.38912360786
28,10,2,2,1.22630868281,0.169684577123,-0.860295639301,-0.902188106344,-1.82694088824,1.56578029365,0.114874790822,0.669518748958,-0.373967499243
28,11,1,3,-0.711133000493,0.518176871272,-0.573540931658,-0.452091237266,1.40206621599,-0.986586490291,1.0992372096,0.176427224809,-0.932787244633
28,11,2,3,-0.647126856007,0.566407190753,-1.55055150925,-0.465315403197,0.363021428861,-1.26838082901,0.994724075147,-0.714381272093,-1.47050654689
28,11,3,3,-0.794760807068,-0.153395010031,-1.2312206425,-1.17169831628,0.382019455261,-1.32858239432,0.850008406056,-0.641845534591,-1.26166227961
28,12,1,4,0.577266230598,-0.365587735224,0.576844710363,-0.225474993313,0.257215801413,0.695897340013,0.784943909615,2.00605881751,2.64221265893
28,12,2,4,0.281238623505,-0.452436967293,0.269019253487,-0.812473529801,-0.47079907846,1.03748025382,0.478395117759,1.45379522305,1.79494916349
28,12,3,4,0.792119300524,-1.90176042185,-0.0240527034444,-0.914010271666,-1.10873772921,0.445628953098,0.258134318857,0.570693604559,0.717428920155
28,12,4,4,0.201261407148,-0.55218580893,0.423527708965,-0.728636755526,-0.375889128802,0.998593537582,0.272185017417,0.906939816972,0.271253883806
28,13,1,2,0.313449967593,-1.09598185237,0.710268635791,0.241945167761,0.189805532847,0.198733032703,0.188892102176,-1.06879887758,-3.13792409737
28,13,2,2,0.319309872019,-2.32390333412,-0.415830068783,-0.417470717661,-0.600213166119,0.620662084408,-0.489778752703,-0.476373199711,-1.21813352002
28,14,1,2,-0.0434017437379,-0.985297298558,0.986087820712,-2.10761851148,0.0204568384224,1.3327559122,0.760356286912,-0.421648611937,0.193861695274
28,14,2,2,-0.758339501648,-0.882702123238,-0.555341683599,-1.37595517814,-0.200721632004,-0.257343432197,0.885560816735,-1.05784394307,-1.46083101829
28,15,1,2,-2.3355779811,-0.789362011951,-0.208702090594,-2.31869649452,-1.72174887341,-0.508339640182,-1.02873063838,-3.67060756422,-6.46753162005
28,15,2,2,-0.990988106188,-0.942922944201,-0.249539598969,-0.153126454687,-0.76182429586,-0.599981947807,-0.890922602034,-0.257066968994,-0.554032715535
28,16,1,3,-0.656891698892,-0.215956352841,0.444940462672,-0.473624237087,0.238818382232,-0.55706587848,1.10014428475,-0.253246300725,-0.954101229943
28,16,2,3,-0.755425332606,-1.29866015168,-0.115559456525,1.36159381665,-0.458670385135,-0.212976554807,1.30959955927,-1.13320537207,-1.45552053431
28,16,3,3,-0.359870274489,-0.417445391659,1.07897651956,0.39516436434,0.474879718995,0.956880428067,2.59706705657,1.27567982337,1.0288482682
28,17,1,4,-0.17713580401,-2.57756665241,-0.692733165836,-1.37498187041,-1.05194858387,0.61522834586,0.576486722453,0.15350077729,-0.130709647032
28,17,2,4,0.0625168728307,-2.69102902054,0.45593296422,-1.75169504337,-1.51850338202,0.37848878349,0.479440266094,-1.10781318435,-0.918307865145
28,17,3,4,0.0988991211649,-2.83505387137,0.496390674944,-1.68107070534,-0.866215963091,0.163420706013,0.731129076868,-0.906381945183,-0.867889735304
28,17,4,4,-0.881439643872,-2.23684524899,-0.557354913622,-0.887172027,-1.06845656194,-0.109643290972,1.29483888118,0.182010510392,0.0388397417393
28,18,1,3,-1.63131447805,0.555729260612,-1.43113186705,-1.34134498728,-1.39421305901,-0.654775905504,-0.217116501144,-2.13260142306,-2.62088954815
28,18,2,3,0.253747026332,-0.0009064324945,-0.82244882817,-1.73398113805,-0.560736505105,-0.934671848646,0.470984221332,-1.52739124863,-1.52716959045
28,18,3,3,-0.630037838033,0.539363040265,-2.08667020993,-0.503990472115,-1.46463040348,0.199708960134,-1.54334309944,-1.8751969479,-1.50185638631
28,19,1,1,-1.93188383458,0.569793390605,0.833129787597,-1.8955485543,-0.213123279147,-1.48565152365,-0.613294615978,-1.63254516321,-1.87377827435
28,20,1,2,-1.8051671252,0.966250752227,1.22968878561,0.777032318528,-1.33551937915,-0.219060839653,1.47890390562,-0.0871319479459,-3.00559126684
28,20,2,2,-1.7107754427,1.1275078444,1.3476607224,-0.535224127902,-0.77040868989,-0.282779483122,1.04635602768,0.724591188697,-1.64790069932
28,21,1,3,-1.95890657035,-0.902947922327,0.29318163837,0.188985089466,-0.615702808754,-1.18882634244,0.29130449023,0.839701307619,1.61445723401
28,21,2,3,-1.06249272376,-1.14355578457,-0.119573658536,-0.0659312926172,-0.997008743502,-1.1972675565,0.460617971733,0.430322562495,0.406991858075
28,21,3,3,-0.698600451227,-1.28006899559,-0.0714575143759,-0.523371510109,-1.04612065858,-0.224617253122,1.04967409342,1.74322640306,2.48553327215
28,22,1,4,-0.615397227824,0.326430999484,-0.365714584057,-0.711063418979,-0.931641362822,-1.00215561564,-0.728267490004,-1.60291410238,-1.24799816011
28,22,2,4,-0.653978098052,0.209587925362,-0.716579140581,-0.0664053207775,-1.83324778877,-1.0663886109,-0.136095199508,-1.62914826174,-2.18466290623
28,22,3,4,-1.02556335993,0.515962154393,-1.08339636002,-0.578381916322,-2.05254827386,-0.716411827408,0.180667695713,-1.5302906497,-2.48496707228
28,22,4,4,-0.492000135752,0.778622287186,-1.31416287327,-0.437003070926,-1.54046185457,-0.138492101598,-1.01364702832,-2.62655600971,-4.00224973067
28,23,1,1,-1.13962912956,-1.02936009053,0.411197249662,-1.2863266892,-0.657107912982,2.29165001685,0.272218870284,0.788475463672,-0.123381859454
28,24,1,1,0.443480720488,0.0955091769768,-0.237348053385,-0.463403144475,-1.03771662495,1.83401086569,0.465083416023,1.43270221455,1.80890413757
28,25,1,2,-0.428808316956,-0.142108526118,0.187029429803,0.345688548861,-0.802109690342,-1.06110122149,-0.525071779124,-1.17725675384,-1.90438078536
28,25,2,2,-0.0897479469577,0.614354726729,-0.0472513055063,0.173477917966,-0.906912014165,-1.33606530271,0.0647562604404,-1.21175558446,-1.82825135844
28,26,1,3,-0.888767700668,-0.624460297638,-0.0417268096894,-0.688489890678,-1.26785664333,0.238306482382,0.212991841511,-1.75316831715,-2.93312863812
28,26,2,3,-1.02253815466,-0.659161596647,0.0810309705562,-0.969436904058,-2.38249068906,-0.295795787849,1.04458684927,-0.118864792951,-1.06049584781
28,26,3,3,-0.471844778891,-1.07977177412,0.122461258522,-0.733773966661,-1.68329987648,0.509568994518,1.04999066119,-0.594590860473,-1.40182661113
28,27,1,3,-2.3540927201,-0.0813624253824,2.11222733738,-2.3595867799,-1.66642446351,0.801336045548,-0.779292242364,-1.68203750181,-2.23039268321
28,27,2,3,-1.85729303427,-0.71144399119,0.0948328601046,-0.692452141422,-2.71148755291,-0.479360531276,-0.259051933208,-0.762169035129,-3.2559473047
28,27,3,3,-1.04808999472,0.265111215781,0.945934175515,-0.970951205559,-1.77022831618,0.248147410685,-2.14557744356,-0.735865399749,-2.07201936758
28,28,1,1,-1.46360721471,-1.6784041906,-0.0520185588897,-0.751009151935,-0.721166104099,-0.594450892095,1.62841324459,-1.13541303028,-1.87506939722
28,29,1,2,0.165906952645,-1.33140078572,0.0140545197075,-2.73124894959,-1.52438987252,-2.16737360835,1.29395269194,-1.82129648603,-1.39384270431
28,29,2,2,0.660978720774,-0.361078560496,0.0213798749944,-2.11004857922,-2.78580177949,-1.14619879206,1.11657614397,-2.11716281973,-2.23804472279
28,30,1,2,0.127604484426,-0.626238058558,0.616518425379,0.930647724243,-0.0473599051054,-0.413614471536,1.58974836768,0.058427998928,-1.11281076996
28,30,2,2,0.0735785966859,-0.735551074978,0.466768650553,0.886714376449,-0.608648228149,0.0914096645142,0.973372440838,1.77288221495,2.26528474603
28,31,1,2,-1.0119432661,-2.01964241096,-0.27610946534,-0.148595033466,-1.70243243087,-0.124052288295,1.97680505255,-1.11893754855,-2.16094777978
28,31,2,2,-1.29064187163,-1.00941832272,0.179343509883,-0.530635426001,-1.67598661984,-0.8391623375,1.03483472675,-3.35880173607,-6.56334298315
28,32,1,3,-2.39652108227,-0.21714888911,-0.939757518348,-0.530001263638,-0.277580329732,0.0798421906003,0.30958273974,-1.35346594953,-3.085170861
28,32,2,3,-1.0730949398,-0.261179663422,-0.604982913112,-0.628456250551,-2.25880837377,-0.152593184661,-0.322666358328,-0.223551549962,-1.22988195961
28,32,3,3,-3.31579174021,0.292380338636,0.0897094118354,-0.295593165804,-1.45979310019,-1.17008843158,0.273878550037,-1.47683578581,-4.0112266614
28,33,1,1,-0.746006777309,0.609340598946,0.67808278666,-1.26972791534,-2.0528682656,0.0345001228111,-1.75299068722,-2.43758430148,-4.87601042227
28,34,1,2,0.444450408992,-0.00377203919905,-0.159174832573,-1.29888657041,-0.555841893368,0.743591810487,0.325338314926,0.934231553275,0.485880649291
28,34,2,2,0.665571336253,-0.152258645605,0.397220574276,-3.09477089765,-0.487545930645,0.472338277698,-2.2274398206,-1.8641234878,-2.67288802382
28,35,1,2,-0.812540821357,-1.06015424017,1.54614669841,-0.252860571789,0.0237680812823,-0.164732708782,0.443686878701,-2.22945122095,-3.13775263659
28,35,2,2,-1.41758291528,-0.963280197794,1.9671977613,-0.437127052144,-0.560588152332,0.357779590867,0.524934826749,-2.57073547531,-3.01284433178
29,1,1,1,-0.668059952336,-0.35957555143,1.48383160394,0.167597524199,1.01979630984,1.22864673358,1.34908437365,0.644273884272,0.694277031162
29,2,1,1,0.323561127812,0.2764832428,1.65936834667,0.750401750784,0.508839242096,1.02885674771,-1.04994893492,0.519955250685,1.07034953478
29,3,1,4,-0.456516503393,-0.247942152344,0.64001131041,-0.421720462105,-0.527056914615,0.130038394922,0.872847786808,-0.890467268188,-1.47052254101
29,3,2,4,-1.44778647584,-1.05884910416,0.975418250918,-0.177240113809,-0.194350293625,1.04758079654,0.0889383998939,-2.57508129782,-3.54351559468
29,3,3,4,-0.584913004266,-0.693308516313,0.501846017497,0.467570646737,-0.375180535551,1.14730203603,0.73755156476,-1.21538503458,-1.75618911526
29,3,4,4,-0.841486988461,-1.36920774871,0.889581714414,-0.383565673815,-1.32705762637,0.660890083861,0.674874554804,-2.25900366569,-2.97671223508
29,4,1,1,-0.47537755271,-0.0666439246328,0.229836418591,-2.06837961539,0.10686141285,2.64798652517,-0.154817175376,-0.0268785661872,-1.46050323432
29,5,1,4,-0.639864599767,-0.967615369194,1.13094540416,-1.58379200143,-0.855230586698,0.834623902714,-0.989259179582,-2.84366649348,-3.46600178574
29,5,2,4,-0.417909249209,-1.06059255884,1.33395727925,0.020273562878,-1.35337997528,0.593138083947,0.181948840068,-1.13991991766,-1.61316974897
29,5,3,4,-0.948236406275,-0.661794153962,0.688516711406,-0.524304365789,-1.34029352171,1.07817498846,0.758244326844,-0.557661188138,-1.1601050956
29,5,4,4,-1.12527486051,-1.75513589057,0.725903561072,-0.362550323558,-1.59995150571,0.723001405513,0.321579268027,-1.61795830781,-3.0661782449
29,6,1,1,-0.8611636199,-1.23491867998,3.12594502351,-0.0666924727953,-0.612657841341,4.61462051557,-0.613290620941,0.985990938172,3.98979852034
29,7,1,2,-1.0524688422,-1.2804202958,0.379467164474,-1.10444515069,-0.051727613064,2.36426592053,0.227756247568,1.6289669442,2.48707330199
29,7,2,2,-1.11215098728,-0.742892498475,-0.711293075255,-0.972729296359,1.33663988554,1.6643942214,-0.0630847240931,1.15087134428,1.63250478142
29,8,1,3,-0.699186735054,0.57703512717,1.18916782106,-0.305917250623,-0.667890534722,1.73066243909,0.202616723564,2.07336849425,3.56875747511
29,8,2,3,-1.44131303549,0.449906562938,0.609041618955,-0.360109905709,-0.326870131577,1.46934196743,0.488867066735,0.912022098554,1.19565639529
29,8,3,3,-0.285725102858,1.02914601502,1.98152905746,-0.183166192846,-0.842846054984,3.00941492801,-0.445090031451,2.71851790616,4.98382435725
29,9,1,4,-0.483940391478,0.758773565201,1.23327268313,-0.963626593567,-0.148912439589,0.554419755831,-1.09365987048,-0.366501207958,-0.168820706376
29,9,2,4,-0.774360100493,0.21015841417,1.43730318406,-0.287555297062,-0.754920216982,1.52838340996,-0.975638772306,0.601504217498,-0.215912650889
29,9,3,4,-0.737529665829,0.233546784248,0.687759658394,-0.121299104333,-1.09156590567,0.32080155251,-0.723887910548,-1.11255042343,-2.68211880705
29,9,4,4,-0.608504367925,0.369095521724,1.18752026847,-1.26507576752,-0.702227157067,0.100206701004,-1.21289942565,-1.30598771926,-1.33121997023
29,10,1,1,0.732591482871,-0.217743210476,0.980107936011,0.014775243482,-1.2871396673,0.10397949762,-0.684722712925,-1.2436494895,-2.49627215154
29,11,1,4,0.060264243991,0.592708515739,-0.132625564533,0.484678100532,0.64068600736,-1.64514522288,2.56856439081,-0.0474994549144,-1.70477198587
29,11,2,4,-0.269103432524,0.677996439657,-0.374684739732,-0.560806481255,0.709321921223,0.558838519697,1.62098201113,1.58896598028,0.783016467315
29,11,3,4,-0.447361616968,0.665687555815,-0.0561107878247,-0.385398225218,-0.0775571687232,-1.5201297157,2.65176260919,1.03347975025,0.30150559393
29,11,4,4,-0.651697328488,0.61863113138,0.604548803196,0.0907707818446,0.652401521985,-0.465838625297,1.72597425497,-0.586455210595,-3.09616414685
29,12,1,2,-0.822349413904,-0.543890132795,1.99232664636,1.11099478608,-1.66911532047,1.27688217663,-0.481520793159,-1.13495604049,-1.48996066032
29,12,2,2,-1.22160002977,-0.647957538391,2.17296949532,1.22742857951,-0.593173680661,0.796648527362,-0.362014002729,-1.40989602809,-1.6616709565
29,13,1,1,-0.0753635529502,-2.97735420378,1.12138105469,-1.53328676285,-0.193594284011,1.65348636563,-1.1014970403,-1.20076211317,-0.273734128031
29,14,1,4,-1.02318050218,0.278380938967,0.0008945927155,0.617422478257,-2.88291460661,0.0136700269075,1.13743554433,-2.3317397002,-5.24600512699
29,14,2,4,-1.74537793115,-0.295828282876,1.04601032125,0.203124706126,-2.13022356909,-0.289602588643,0.381472186021,-1.86182050752,-2.89614489844
29,14,3,4,-1.13756584055,-0.921195927023,1.96940674456,-0.0587051832396,-2.73361416888,0.661103188006,0.244308085884,-2.88362581397,-3.3420314259
29,14,4,4,-1.57590084155,0.325769622182,0.813565922664,0.248790727963,-1.84652192245,-0.879479226431,0.694237422683,-2.60375602921,-4.94524712851
29,15,1,2,-1.72685196741,-0.39505111345,2.40255561668,-0.694773009292,-0.345179429978,2.92930241888,-2.15077049101,-0.19499429394,0.811925009889
29,15,2,2,-1.69341705332,-0.021054872936,1.69937155075,-0.694131324199,-0.666656354378,1.01158109248,-0.930451337279,-1.17848400383,-1.46204465675
29,16,1,2,0.0483678016657,-1.12015057721,1.64681449679,0.03092480024,-0.145169781158,3.00712770352,0.488232712659,1.14607882175,3.05496699938
29,16,2,2,-0.627416371858,-1.47243782262,1.85124026372,0.884635261929,0.170015916253,3.09976006604,-0.0861833757207,0.52029966884,1.36485050767
29,17,1,2,-0.633520506533,-0.600076345919,0.992706457211,-0.581092324714,-0.439651449939,1.15650241301,-0.784271098268,-0.830837463098,-1.10576990878
29,17,2,2,-0.966132198604,-0.837932959163,1.16362343317,-0.780465665838,-0.947363749221,1.00208305552,-1.25397985022,-1.59423505028,-1.6208029863
29,18,1,4,-2.03408416285,0.423965891695,1.06403621843,-0.53215787465,-1.67164050231,0.210911071859,1.26410987752,-2.06033039039,-4.22807825324
29,18,2,4,-0.707972439981,-0.0719732599093,1.06628950201,0.927108891512,-0.593035195215,1.12802762841,2.34632062464,0.0652939132278,-0.569555983698
29,18,3,4,-1.51230459753,0.117243144594,1.52491538774,0.250350697407,0.125739102473,0.889352565949,1.96191683652,-0.53852204981,-1.35888110203
29,18,4,4,-0.634570514586,0.613540273861,1.07292642671,-0.143384737583,-1.00258418735,0.723495667414,1.31030836892,-0.392181751345,-0.717984724805
29,19,1,2,-1.95946360188,1.76755211736,1.44494283469,0.0965894951034,-0.0959097933675,-0.0414223793364,0.0368166464431,-0.862381555937,-1.7115293858
29,19,2,2,-2.41293417877,3.37070148749,0.827726893287,-0.340878185697,-0.615144736344,-1.22108191637,-0.50977285731,-2.14102748632,-5.09342374908
29,20,1,4,-1.60438337898,0.291135834935,0.923713402,-2.55600796935,-1.47973115792,2.09955611523,0.534675005741,-1.12998182887,-3.57557345152
29,20,2,4,-2.17073598475,0.788754068354,1.53660643504,-0.729251005587,-0.362168628879,0.995193181978,1.69912367303,1.58812911572,-0.473493358521
29,20,3,4,-1.61102166429,1.45114762524,1.3680977359,-1.78361381587,-1.88605994415,1.78327487753,-0.344249622315,-0.206659642588,-2.64461296044
29,20,4,4,-1.04191078963,1.47443102757,2.13653720508,-1.16018786896,-0.61246518278,1.48305399261,-0.256286784574,1.11082668628,-0.242563112663
29,21,1,4,-1.53937423471,0.0366286716499,0.773060745397,-1.03103669488,0.17148036481,1.15173920314,-1.19459774927,-0.88787737459,-2.37065592642
29,21,2,4,-0.847694411288,-0.361099716784,-0.255313780609,-0.342761909777,0.161394868778,1.32704275625,-0.84773863197,0.241420296776,-0.761336215014
29,21,3,4,-1.38392069801,-1.24986440363,0.542012171546,-0.873295506776,-0.54580876269,1.53002912636,-1.72180854158,0.374124250823,0.398247819374
29,21,4,4,-1.41371742138,-1.82035442166,0.354214213083,-0.086704868597,-0.819031625804,1.39463704313,-0.997921326388,0.257334728308,0.105272542643
29,22,1,2,-0.484634155142,-0.49606673995,1.32882536614,1.19404685529,-0.481465144548,0.356674831574,-0.220512132212,-1.64177119512,-2.32321904324
29,22,2,2,-1.7584074269,-0.0889630068614,1.72498397851,0.854173065346,-0.0989082670266,0.987050866445,-1.31458289052,-2.5236803252,-5.13226235834
29,23,1,3,-1.57712096199,-0.827727640532,1.067840315,-0.948537932589,-1.55757679817,1.21270616043,-0.235973412276,-1.25802411617,-1.30432369638
29,23,2,3,-1.88041064384,-1.23064876004,1.13120289796,-0.89791336077,-1.56998475362,1.21850601592,0.288212156263,-2.25241052453,-4.11520353071
29,23,3,3,-1.64323208103,-0.669659433631,1.62641823037,-1.50311401028,-0.901813804054,1.78192618366,-0.615483489163,-2.75714319693,-4.26408763822
29,24,1,3,-0.429080982199,-0.538279265168,0.80776060761,0.213960253435,-0.663772043591,1.72203979874,0.345364926915,-0.28656670492,-1.75939480351
29,24,2,3,-0.417768470179,-0.279324918709,0.139530654607,-0.30989673043,-0.782163454189,1.58616187238,0.649697162279,-0.073659936015,-1.79987119683
29,24,3,3,-0.763159808006,0.0206342635035,-0.0874606981022,-0.265303722458,-0.575178204206,0.77906833149,0.132780815781,-1.15385499599,-2.92909665899
29,25,1,1,-0.967455223742,-0.199545277969,2.90541018915,0.989138643059,-0.176094010103,1.99503898705,-0.0929129093463,-0.168388299396,2.75042161267
29,26,1,3,-1.99801585218,-0.946084325997,-0.138166925698,-0.993827688651,-0.754978579265,0.39868897469,0.866332762778,-1.39184517227,-1.42664627679
29,26,2,3,-2.14985571849,0.199082288194,-0.520311500215,-0.449623354459,0.809598201609,0.00391221559185,0.404934252746,-2.43506592929,-4.20889656509
29,26,3,3,-1.79214835908,-0.122794059918,-0.0627365189463,-0.292659363475,0.20528141992,0.584054638416,0.528996828018,-1.41891473182,-2.98445855358
29,27,1,2,-1.07539077175,-0.00176815183347,1.19044682607,-0.435275491891,-1.14482022577,1.71804298986,-1.0889169647,0.180863653345,-0.63452882061
29,27,2,2,-1.02134263718,0.865644766456,2.04305364208,-0.462523246865,-1.1391630031,2.46127702777,-2.21562270784,1.49753967421,0.873051457877
29,28,1,1,-2.02631774594,0.390731115072,0.0814022956314,-1.00024301086,-0.473460793204,0.293318446424,0.242969591177,-2.76820269597,-5.27995054743
29,29,1,3,-0.510013281516,-1.08953753382,1.42962370763,-1.17069897309,-1.45489827013,0.357164672999,-0.496388725769,-2.94349352159,-2.86304029606
29,29,2,3,-1.50992031915,-0.771960001063,0.163527137991,-0.0963328232744,-2.40040942631,-0.352513380179,0.417407060085,-2.17742831287,-4.05984620572
29,29,3,3,-0.238799902735,-0.627518557107,1.50825129363,-0.810183129394,-1.42401031062,0.430445795941,-0.696570937615,-1.7252131833,-1.32351632122
29,30,1,4,-2.08090779578,-0.829270189524,1.19665676659,-1.48376321115,-1.72609272247,-0.131023155486,0.367185496944,-1.32661340087,-2.30530597046
29,30,2,4,-2.1768037977,0.501590330147,1.3902194816,-0.675443065525,-1.39232935527,-0.520663426807,0.469956700498,-0.275152804625,-2.0212135002
29,30,3,4,-1.08896712127,-0.667745858735,1.40921619109,0.180234864305,-1.03092421717,0.883526926451,0.176156817186,-0.297220376549,-0.546220617974
29,30,4,4,-1.45069659558,-0.588495367496,0.922958386316,-1.47938885394,-0.705116639481,-0.0511965096992,-0.430064431728,-1.48481479063,-1.66600909039
29,31,1,2,-2.48759806237,0.008947417902,0.828368242597,0.146688699637,-1.9683039954,-1.309854265,0.24472737733,-3.72335011369,-8.01177711008
29,31,2,2,-3.48276566739,0.112793164203,1.38556593438,-0.263995603526,-1.05230259651,-1.79947255649,0.103544413813,-4.03137475404,-8.23554865769
29,32,1,3,-1.66832613504,0.876414311598,1.80895592752,-2.1797061304,0.25924662572,-0.358217718432,-1.17820810111,-1.38446267536,-1.11007970743
29,32,2,3,-1.61134834443,1.10108882758,1.30135489219,-1.28076018455,-0.225509728839,-0.76199982118,-0.582523002286,-1.30444855172,-1.02772958615
29,32,3,3,-1.77492348764,2.33815319613,0.758582708626,-2.16134631442,-1.27633254024,-0.546900896539,-1.21307071038,-1.86050316438,-4.03515617186
29,33,1,4,-2.018963397,0.109678674264,0.89755058063,0.00998920712501,-1.76745565228,0.728562833092,0.246072582399,-1.0603505687,-3.79466559168
29,33,2,4,-2.31794870008,0.182263226631,1.70386588026,-1.1696032314,-0.927299206216,1.52096726612,1.09181527169,-0.246766161264,-1.93727329045
29,33,3,4,-2.0670508191,-0.619303212823,1.22823851597,-0.266909579585,-2.16343312707,1.67516532293,1.43964063932,-0.112369191783,-0.963264154346
29,33,4,4,-2.17491269652,-1.05434478722,1.87391663584,-0.238433082149,-1.71791441216,2.98084454159,0.249886965498,-0.431529378752,-0.860335009998
29,34,1,3,0.415678585346,-0.132215278531,1.50695199567,-0.888920565653,-0.249645625696,2.20645390788,-0.775092315236,-0.868960864789,-1.26003378004
29,34,2,3,-1.13414082772,0.172691490316,1.86332110195,-1.1326539671,-0.25002273675,2.63572972259,-0.808723057244,-0.581186635723,-0.999396092591
29,34,3,3,0.145015990073,0.502449785666,2.01274178474,-1.15331504194,-0.645383528291,2.2312626496,-1.42707537818,-1.09459090972,-0.610884714262
29,35,1,1,-1.27515817849,0.167976085815,3.125419448,-0.930688165946,0.908842701967,1.03026013935,-1.08681389724,-1.28309398667,-0.920348182894
30,1,1,4,-0.894389218425,-1.2609328482,-0.136640062779,0.144054310802,-0.726236363766,-0.0898499655374,1.79167325912,-1.275030973,-2.91212888128
30,1,2,4,-0.48356468291,-0.178942915668,0.27169056595,0.168202253046,-0.368510003044,0.74487240089,2.03338566011,0.119505159048,-2.09726035937
30,1,3,4,-0.703945930697,-0.940136912856,-0.314740450305,-0.453843448469,-1.05126039842,-0.595427463286,1.530143022,-0.650122504668,-1.82338640385
30,1,4,4,0.203791086796,0.149021366231,0.17215247496,-0.061162642476,0.414156589946,-0.0152564004243,0.769056348293,0.37665412938,-0.604253562599
30,2,1,4,0.213524202188,-0.0308124201829,-1.52849243138,0.415355690621,0.27615058763,0.98275843245,-0.481214021296,-1.52590016472,-2.63735652451
30,2,2,4,-0.301672520473,-0.105524534822,-0.915164287548,-0.393103329192,-0.335445448953,0.670474658877,-0.280318231125,-1.43012232017,-2.75965583924
30,2,3,4,0.895772480834,0.189480769825,-1.88500464951,-0.0991866606543,-0.64367621495,1.38111936972,-0.573089478657,-0.8709134995,-2.3309032403
30,2,4,4,0.0869300037215,-0.00337243484925,-0.47870013846,-0.368005142567,0.0875279062507,-0.0890019927524,-0.354887565609,-1.77865973338,-3.02210810677
30,3,1,2,-0.443334110256,0.165810035668,-0.954161761713,0.528684746979,-0.313152984565,1.66976174963,0.00586103322528,-0.644666279415,-1.82811670233
30,3,2,2,0.696824482588,-1.43328057141,-1.00353682767,0.241258121061,-1.15977086987,1.66560566634,0.0820450338154,0.945345989543,0.097888150858
30,4,1,1,-0.644345474996,1.37460369137,-0.112261671035,-0.410717607622,-0.408448309599,-1.13279602087,0.379963226329,-1.2031260389,-4.26406650685
30,5,1,3,0.230156173179,-0.167943092694,-1.36170126185,-0.89458671289,-1.25859009759,-0.569463684754,1.18870185956,-1.21556121177,-1.80721990973
30,5,2,3,-0.376280549747,0.501259819692,-1.44148746702,-0.950678035826,-0.620599703006,-1.3347909088,0.996645202137,-2.45456498551,-3.52238035938
30,5,3,3,-0.188976336894,0.837707436711,-1.15298788614,-0.480928576451,-0.579383598885,-0.908153841341,0.411895013759,-1.98614645199,-2.9213685382
30,6,1,4,-0.932182001187,0.858446334622,-0.721159970627,-0.076878944549,-0.563825430292,0.0336772232084,-2.07390064602,-0.645237702644,-1.34691424123
30,6,2,4,0.197106581056,0.711160630015,-1.33269664269,0.133506162414,-0.98009267919,2.0721931939,-1.38050103741,0.249773907124,-0.26273208698
30,6,3,4,-0.644428846776,1.03848202694,-0.852341143983,0.203684866667,0.0433374056616,-0.169798333354,-1.22049782508,-0.63031730368,-1.94480427724
30,6,4,4,-1.32130709304,0.514830643507,-0.03266094579,0.375319426807,0.732903127876,0.0540490087816,-1.10321431374,-1.51233805287,-3.92009325917
30,7,1,3,-0.189906649884,-0.268348008457,-1.54835263643,-1.33769097131,0.891246456932,1.05148069512,-1.07714053517,-0.768205115958,-1.26002642733
30,7,2,3,-1.40232479819,-0.736316026631,-2.13941167314,-1.56179353959,0.952555021324,1.4280212259,-1.05509577405,-1.06671429134,-1.14180245779
30,7,3,3,-0.643142027849,-1.43102832986,-0.576786404002,-1.35813121081,-0.154892187685,0.753942564008,-0.562614838834,-0.691630106209,-0.823575645606
30,8,1,1,1.45788974239,0.901723466244,-1.3997753186,-1.34831291345,-1.60830205097,0.99192884366,-1.25982806349,-1.59391253109,-1.2956389231
30,9,1,3,-0.268236743392,1.04060207802,-0.394027318169,-1.97171156241,0.503431488696,1.04458872239,0.568261987826,-0.768529798177,-2.65451839159
30,9,2,3,0.792157810569,1.21915351668,-1.17234798736,-2.96687253819,-0.463040422614,1.59605853555,-0.147092847842,-2.3571895138,-3.77288623706
30,9,3,3,0.782708994293,0.94318222575,-0.251677204434,-2.02695006302,0.0732425987962,0.281990750069,0.760591656462,-0.955203361494,-2.18179344721
30,10,1,2,0.97227489318,-0.650917545714,-0.626441920317,0.671313444267,-1.28433612919,0.715435312638,-0.370506332391,-0.0963041116927,-0.861186778669
30,10,2,2,0.922655063104,0.0262159692332,-1.05117720686,0.0691253108818,-0.80004520284,0.619785193582,-1.06090410829,-1.188836946,-2.051207465
30,11,1,3,-1.23003276985,-0.513656607317,-2.6633450475,-0.421733288493,-1.80656344067,1.58867107732,1.09498488673,1.51344322649,2.22226227744
30,11,2,3,-0.65084400597,-0.631502169564,-2.60484869281,-0.629022252059,-0.506732398118,2.58769885817,0.333229954469,1.89196611509,3.17764416688
30,11,3,3,0.297569040963,0.538248515819,-2.30754130463,0.498340074679,0.157578954644,1.24060177827,1.46448266267,1.69098796332,2.79299198758
30,12,1,2,0.300908656577,-0.921311795069,-0.541432658269,-0.188535610803,-1.05625159541,1.41107579293,-1.1937496386,0.483982330944,0.580595158819
30,12,2,2,-0.0331183065624,-0.459265854549,0.218651134758,-0.772295688019,0.0176542550675,1.73570328951,-0.650044856203,0.762975053857,0.289667731423
30,13,1,1,-1.27809760727,-1.15168980328,0.0385339894824,-2.17834177809,0.234775966007,-0.968386856368,-0.998985453678,-3.19660773027,-4.54992904533
30,14,1,3,-1.75583393834,0.710594207491,-1.14326016145,-0.108145457513,-0.0197886618112,-0.561329793624,0.642395153423,-1.17688537959,-3.23224005823
30,14,2,3,-1.35263992772,-0.2186426927,-0.316917744465,-0.859733425847,0.0863953445614,-0.457318340523,0.984012199169,-1.33899547095,-2.79485853545
30,14,3,3,-2.29439572054,0.321198169775,-0.620303623154,-1.5817667886,1.52114498768,-1.05330439638,1.7490102479,-1.33307041281,-3.5878489951
30,15,1,1,-0.888664671221,0.388367515179,0.158492104674,-0.412299822198,0.209543780335,0.53182660639,-1.70813330386,-2.94758603919,-5.72964006792
30,16,1,2,0.726950858591,-0.0612073836694,1.08736242645,0.0103647668347,-0.842597870872,0.781337206732,-0.0544526153594,0.189236700678,-0.256640594429
30,16,2,2,0.431705720447,1.71968493812,-0.290009151389,-0.676916983941,-0.757158137245,-0.000296749284868,-0.271730601652,0.895547287642,0.423341793343
30,17,1,3,0.426620687684,-1.44051823346,-0.948556570114,-0.959426052138,-0.939442253021,-0.361610525471,-1.09600178978,-1.72933779539,-2.49772116717
30,17,2,3,0.928048722043,-1.49491237527,-0.541874505174,-1.1097062489,-0.288758212475,0.861100925269,-1.49902789631,-0.715469747878,-1.04995734102
30,17,3,3,0.169337654544,-0.649244986872,-0.790719900942,-0.972016306959,-0.445212515494,-0.288405459066,-2.09025944575,-1.81071772144,-1.86660175329
30,18,1,4,-0.129133256986,0.951824134719,-2.19018576594,-0.464508458379,-0.629726479477,0.209596083817,0.771233816794,-0.600531807318,-1.41737234024
30,18,2,4,-0.930870156859,0.926807248988,-1.72239889791,-0.485579379992,-0.23730690769,-1.25858223421,1.34306369799,-1.1917667056,-1.8642242739
30,18,3,4,-0.565529823381,0.845316456134,-1.533929232,-0.224607975103,-0.30480707028,-1.16916669355,1.75596175162,-0.865194521792,-2.135016399
30,18,4,4,-1.40380387748,0.851098858062,-1.25728299625,0.0662834413847,-0.489794680519,-1.65341764916,1.0667446973,-2.37947074931,-4.92242469709
30,19,1,2,-0.463733995394,1.33601619169,-0.183666636241,-1.04268123141,-0.47256983488,-1.6693793204,-0.540003650029,-2.26515382935,-2.77594340749
30,19,2,2,-0.832509528369,0.592083452737,0.54900467907,-1.42686357566,0.840784143385,-2.07359571987,-0.664538170699,-2.59305896142,-3.47481765182
30,20,1,3,-2.48585042893,0.327963049196,0.244281328642,1.13289903263,0.346157282936,-0.213513151708,1.11931592355,-2.81968542329,-6.97502361703
30,20,2,3,-1.85146668702,0.707701358798,0.133586958585,1.14319818683,0.0315830186766,-1.01276839523,1.51536907081,-3.2193587393,-6.69874583742
30,20,3,3,-1.56321953496,0.979378731783,0.580555276156,1.52101842125,-0.0947495814132,-0.0356622552101,-0.131646946538,-3.12358863541,-6.52685463732
30,21,1,2,-0.650632921669,-0.694747185293,-1.05972051206,0.0148540910426,0.660023262914,-0.654551714589,-1.47309589154,-0.384968836637,-1.02518527135
30,21,2,2,-0.865056029541,-0.802754571342,-0.0627516477954,1.36882524397,-0.574636935145,-0.465488570832,-0.362254394804,-1.75854763791,-4.62453972521
30,22,1,2,-0.0696505163458,-0.689859115815,-1.17759958636,-0.479567666064,-1.39577104945,2.218703464,-1.14600768649,-1.14350495236,-2.91255343241
30,22,2,2,0.182559244934,-0.697575841595,-0.786796678431,-0.160395042136,-1.28264084688,1.59521045775,-1.33038885434,-0.87628605906,-2.71995877217
30,23,1,3,-0.875407083238,0.584713442965,0.603549838602,-1.00733231833,-0.576625263102,0.378888072503,0.0565937303166,-2.0536587028,-4.23012642625
30,23,2,3,-0.422463035103,0.691669384659,0.0276417256394,-0.169423341254,0.408360296571,0.295362430505,0.939246855047,-1.37436450718,-3.32869615079
30,23,3,3,0.473583401069,0.156520029851,0.533956171946,-0.893802360809,-0.467132616308,-0.0294268157613,-0.644377730391,-1.98457807983,-3.00709987141
30,24,1,1,-0.862449231163,1.40735243494,-0.895915331117,-0.558720940238,0.418551522395,0.211730505538,-0.0372151872351,-1.21896472049,-3.92542286166
30,25,1,1,-0.565491164113,1.3227598447,-0.133594357798,-0.0532026594804,-0.879044470691,-0.824072479343,1.15868678568,-2.10279210885,-5.07140530457
30,26,1,2,-0.817119591518,0.698835851723,-1.91546791749,-1.36811435907,-1.01563282968,-0.303064645828,-0.592774617657,-2.24622570399,-3.09867419937
30,26,2,2,-1.19253287006,-0.219545713442,-0.190800432997,-1.2678599833,-0.398547356828,-0.590499144252,-0.773235974839,-2.44591555677,-4.05541114461
30,27,1,1,-0.960108953422,0.231536839781,-1.33044698373,-2.28357486583,-0.721635073738,1.13264664784,0.508370675744,-1.74412672894,-2.9756126613
30,28,1,2,-2.28715612583,-0.178540020646,-1.70103241206,0.0963428037017,-0.817754258625,-0.939244315378,0.27465707273,-2.56111581813,-5.29442541057
30,28,2,2,-1.32971744751,0.215162897403,-2.27355642121,-0.651095182164,-0.11091260134,-0.315259419907,0.133645413684,-2.633204671,-4.46647849275
30,29,1,3,-0.677325975335,-0.630524152031,-0.621896190485,-0.298523065205,-1.01377673726,-0.817575488742,0.0631241242578,-2.1903397799,-3.9196605095
30,29,2,3,0.935957605919,-1.05710093268,-0.9797434072,-0.363506590034,-0.329881602808,0.290043929982,0.268001836648,-0.92955370774,-0.804428272594
30,29,3,3,0.0887283055911,-0.74284505375,-1.66375399319,-0.516534421865,-0.519729245936,0.31815498385,-0.283089549596,-1.21881190268,-2.05439876034
30,30,1,1,-0.315453202315,-0.346276255489,-0.137595850383,0.257673557512,-0.150987426432,-1.59431524806,1.17837699801,-1.9521696176,-4.32604064107
30,31,1,2,-0.825697640101,0.892774569487,-1.26088028026,-0.650537945766,-0.146095335493,0.174096030156,-0.366486805594,-2.88676685601,-5.35507078066
30,31,2,2,-1.02769773449,-0.457429268168,0.119435179485,0.490315036947,-0.0681595840706,-0.973560790819,0.128416723194,-3.14648901251,-5.52508885329
30,32,1,4,-0.24181834352,-0.424951886474,-1.08863736195,-0.105492512834,-0.740177150823,-0.1472360509,0.543735904353,-0.61571509709,-0.224720678476
30,32,2,4,-0.0208620625715,1.01909123882,-0.888193331221,-0.0114540669189,-0.832387849732,-1.44508154834,0.570744687659,-0.747584817577,-0.884454347868
30,32,3,4,-1.57565665296,-0.548930799754,-0.471818022959,-1.15039028129,-0.264370405772,-1.18721294516,1.01886077669,-1.95699165499,-2.43905886717
30,32,4,4,-0.903527996768,0.135425844512,-0.451785292289,-0.670370088656,0.51610993599,-0.830720273095,0.218114909394,-1.3108145927,-2.37419770374
30,33,1,2,0.260934116313,0.399359694685,-0.611695061341,-0.729123876005,-1.87109738884,0.526891412539,-0.802446432963,-0.976009590753,-3.51037664781
30,33,2,2,-0.961097134004,0.34281568417,-0.656135841518,0.106542421638,-2.27689299782,0.538171581224,-0.992182307314,-2.41442165871,-6.41407358506
30,34,1,2,1.57586148155,-0.458899958708,-1.73289150019,-0.125423066087,0.379546099358,0.138700312206,0.486911574276,0.32961598963,0.145260930235
30,34,2,2,1.99823189599,-0.986903326464,-1.3382826518,-0.728809570822,0.918814210832,-0.0622607388728,-0.0475449901256,1.44326152481,2.15458590771
30,35,1,2,-0.584019253794,-0.756386863837,-0.163059145987,-1.69592115136,-1.68769809064,0.537339118569,0.484778904017,-0.407624652077,-1.62837495858
30,35,2,2,0.243566075069,0.0866253991851,-0.0943052381643,-0.395158106194,-0.420596506683,1.05916655979,-0.109773837524,0.358685760973,-0.416178372777
31,1,1,2,-0.117576320937,-0.0813677584896,0.687593625144,0.726060827348,2.01311487743,-0.756699425705,1.25552500048,-1.39643202481,-2.28440935727
31,1,2,2,-0.163413347203,-1.37389693905,0.936802341538,0.703384240154,1.80327001645,-0.351815450345,0.453750380133,-0.535446956932,0.482075279173
31,2,1,1,0.66253618352,-1.45095534378,0.954766367935,1.57508097219,-0.873008776187,1.56776425115,-0.0144556667438,-1.43214047546,-1.27666248618
31,3,1,4,-1.0990513173,-2.13889184015,-1.50132359428,0.264784502521,0.47144222611,1.09114356619,0.860591536795,-0.316717552778,-0.28236887486
31,3,2,4,0.211188033891,-1.51380761743,-0.70343494112,0.243554119141,0.187553929764,0.767826178715,0.472308547808,-0.573051689285,-0.299366990953
31,3,3,4,0.198843620631,-1.6662253809,-0.598726035492,-0.0970403847582,-0.297495184957,1.32635487298,0.708255564208,-1.5400852107,-2.34986593632
31,3,4,4,-0.887466570569,-1.78653471709,-1.49445579219,0.423498663868,-0.551642862966,1.20976501151,1.27637379167,0.0452359747228,0.451237192639
31,4,1,3,0.48365067714,-1.5921293946,-1.40509263815,1.16710928537,0.860590253515,0.573616492499,0.156606448275,-0.998422839615,-2.74757970429
31,4,2,3,0.65718963511,-2.31820089872,-0.363760312296,0.174608877097,0.56796025459,1.62345359148,-0.137042663909,-0.150118665554,-1.95817410653
31,4,3,3,1.02776089923,-1.4287667968,-1.6414348269,0.315261840554,1.87079332529,0.990146253522,0.270724795651,0.627747823611,-0.0889717726234
31,5,1,4,-0.201085090346,-0.577723890261,-0.464462004089,0.546054986126,0.188989364955,-0.389044006594,1.95876707156,-0.295358548025,-0.09418003614
31,5,2,4,0.144567271923,-0.244326661135,-1.90975292804,1.34771533611,0.421035919018,0.292752699527,1.10770528688,-0.0506025336668,1.65322830156
31,5,3,4,-0.256609548074,0.520158481956,-0.325233981987,0.597089807102,-0.136555408309,-0.251403796285,0.958427812578,-0.272252885075,-0.536232109956
31,5,4,4,-0.544080447991,0.758493425927,-0.438246488684,1.79940841888,-0.422169340114,-0.888261798194,1.20422480894,-2.03348484289,-2.58044747388
31,6,1,1,-0.0969861091298,-2.14805384102,0.231335317093,0.207853133652,-0.189659013425,0.611811067172,0.386756939795,-1.03479717679,-1.02638001465
31,7,1,4,-0.65718440689,-2.40704890635,-1.20149538884,0.190009930457,2.31291284443,0.668865722469,0.0629233657111,-0.167422583811,-0.300974527068
31,7,2,4,-1.04804044675,-2.14751230978,-2.07564055657,0.117530715795,1.225618249,1.36303665833,0.158206357817,1.88980677327,3.57545668907
31,7,3,4,-0.426266703606,-1.66520108362,-1.79808778339,-0.387101834496,1.48692517234,0.953319430004,-0.361208710569,0.237635970618,1.14150572711
31,7,4,4,-0.615236510767,-2.50337616269,-0.951349688901,-0.162025155099,1.96816746463,0.127839340749,-0.791725242641,-0.768811224911,-0.6156367312
31,8,1,2,1.06436616541,-1.65758962294,-1.15736647585,1.14850527899,-0.170696118905,1.99876823743,0.257592283575,1.15999987462,2.55469634024
31,8,2,2,1.42347778915,-1.47464316537,-0.463976805742,0.722308809443,0.494822385987,2.33758687904,1.08114266431,1.66275412611,2.94925463045
31,9,1,1,0.517370907393,-0.550806103148,-0.147055647314,-0.413473536622,1.2839065775,1.44949459989,-0.072231617388,-0.490875694395,-0.828058762592
31,10,1,1,1.20148354039,0.0644985126662,-0.342990194631,1.85850717107,-2.02920585056,0.649272450043,-0.106325740007,-2.09846013719,-3.8169822629
31,11,1,2,-0.554083588325,-0.783772184281,-1.2968105047,1.95980741316,1.45241517601,0.275481610276,2.37411530728,1.42615190696,1.34625273772
31,11,2,2,0.536299833038,-0.712394283835,-1.82012997804,0.335293345162,0.77961592726,-0.554380858047,1.35778231373,0.384682891624,1.76370890741
31,12,1,3,0.410257138509,-2.43941368308,-0.0224628450495,0.616931263436,0.278721322022,1.62555863214,0.501290391741,-0.746123913812,-0.24931309176
31,12,2,3,-0.772948445245,-2.26229753727,0.252433718008,0.47777955068,-0.936969957948,0.763017596931,1.14816862927,-1.11234430276,-0.249632016797
31,12,3,3,0.13955131301,-3.11754155371,-0.780762289647,1.28859308795,0.368812951329,1.13795853863,1.92885055788,0.915647391315,2.15976238887
31,13,1,3,0.303171756389,-1.95555724298,0.153151590997,0.0514718847143,0.407416521478,-2.24093277009,-0.167005607818,-3.03314133083,-3.22087630993
31,13,2,3,0.496876965835,-2.17394877856,-0.0807619270087,0.195153392003,0.202750512036,-1.18184972972,-0.556993514427,-2.38582434057,-2.2276100669
31,13,3,3,0.501286522211,-2.66883905029,-0.500541899639,-0.0513689502616,0.611414991799,-0.986283254971,-0.184974887504,-1.33282588198,-0.59006579361
31,14,1,3,-0.580047818522,-0.9458301201,-0.402599482813,0.151963045659,0.335974203397,-0.63046500251,1.66290705917,-2.09162210259,-2.60717873671
31,14,2,3,-0.461826435767,-0.862972465813,0.100868542926,-0.0592023927201,0.634809652406,-0.614216186065,0.684507079066,-2.1021515783,-1.75348796635
31,14,3,3,0.488935819132,-0.518183142531,0.443391404569,-0.0259165780751,0.437001640893,0.615946728862,1.70079171418,-0.780619028596,-1.20916805319
31,15,1,1,0.0403426118681,-0.175960905553,2.42073655893,0.648550067427,0.509294981484,1.7838733262,-2.04536265169,-2.02114735995,-1.0671771608
31,16,1,3,0.0831970300448,-2.15164419929,2.34275308666,1.85398447576,0.692420511258,2.80871529777,-1.23193156235,-1.01078294965,0.223664807555
31,16,2,3,-1.23894303679,-0.956493359027,2.54545905425,1.6220233435,0.331186212355,0.85624996855,0.152461290635,-1.35421249906,0.0490153885599
31,16,3,3,-0.853402788375,-0.771659592527,2.19205851025,1.08483783448,1.49254827225,1.12809123553,-1.71783459741,-1.13198995984,-0.419748391137
31,17,1,4,-1.02787564338,-0.904376700205,-0.564636246365,-0.138107348338,0.22976139401,-0.619492737011,0.330243979582,-2.91692960738,-3.4668780559
31,17,2,4,0.0631038118525,-1.31235953468,0.810842651712,0.705299284736,1.23797945477,0.117065813378,0.0826607228351,-1.11061967515,-0.936536846709
31,17,3,4,-0.18405079545,-1.52261067358,-0.388255962675,-0.798384087462,0.836419628336,-0.224327116802,-0.890452898876,-2.12195585843,-2.56649780313
31,17,4,4,-0.913565095619,-1.96431837922,-0.0855829060872,-1.59212283394,1.23329895156,-1.05871375338,-0.776423656082,-3.04999148721,-2.87230448323
31,18,1,4,-1.92854365529,-0.0816635160552,-0.747034426526,2.50326107417,-0.412841565446,-0.923617938849,2.11795442328,-3.81805863511,-7.01514363653
31,18,2,4,-1.86113813045,-1.26694751766,-1.30459489447,1.51069428036,-0.408609232166,-0.520480815137,2.14702288192,-2.18402015926,-3.09609856846
31,18,3,4,-1.10677144996,-1.03216643344,-0.469589909496,1.48547720631,0.0900934960345,-0.736713347944,0.962241716409,-1.07628330975,-1.10876154197
31,18,4,4,-0.934485200493,-0.39701556207,-0.790710496062,1.10849408767,-0.288128367945,-0.598089739291,1.58338436233,-1.45401964095,-2.56544891061
31,19,1,1,-0.718247974496,-0.315869436784,0.588811732958,0.366541702905,2.22824714367,-1.53604395733,-0.275727824545,-2.78211159502,-3.39402975482
31,20,1,3,-0.594717330739,-0.602027150968,1.47007764909,-0.0109937433204,0.812538711268,1.69073049145,-0.166448138189,-0.197432437731,-0.229454079151
31,20,2,3,-0.996417146416,-0.529011287108,1.68435002839,0.0191519729041,0.0251223407155,0.706371273697,0.790379703127,-1.91353459469,-2.64688141665
31,20,3,3,0.0535567261623,-1.79468435156,0.469341250468,0.0745676525162,0.933644109673,1.62052468223,-0.403045185912,-0.304457663683,-0.375987785913
31,21,1,2,-0.853558827246,-1.84474679257,-0.0430352179312,1.95319229939,-0.0726987141696,-0.668343079847,1.25119451929,-2.57989747158,-2.26884204297
31,21,2,2,-1.27034591938,-1.320450113,-0.440456819556,1.3949439719,0.305709089459,-1.12067963161,0.09606310028,-2.40506992575,-2.48444922533
31,22,1,2,-0.85318239646,-2.28799271491,-1.14298477178,1.6529324015,-0.345228005842,0.425227480904,-0.610593653933,-0.266070003404,1.66166477811
31,22,2,2,-0.262273737685,-1.53423844621,-1.99064740565,1.56009586845,0.434203909956,0.96819034212,-0.488482902794,0.109749325217,1.49242432707
31,23,1,2,-1.12104753593,-1.7225580669,0.883895816362,1.24246645001,0.0290259057357,0.889955250949,2.73456604965,-0.771240350924,-0.731784662793
31,23,2,2,0.689433795534,-1.41572726337,0.953927162028,0.380992789352,-0.264680140275,1.37985741343,1.61597840122,0.0418073070819,-0.368143520445
31,24,1,3,0.0132402917126,-0.99521816275,-0.205570083062,0.829125790645,-0.550174011781,-0.537145641662,0.0514018698768,0.288777818365,0.207899463577
31,24,2,3,0.256978350771,-0.40835542048,-0.349819964689,0.756719317513,-0.634997032781,-0.137008878831,1.42872526121,0.911513517134,0.430255493465
31,24,3,3,-0.418470752183,0.187455236278,0.359418605814,0.923689926893,-0.361792366301,-0.810252419725,0.176069529534,-1.21122203506,-2.03834856812
31,25,1,1,-0.0901167473736,-1.07312643226,0.556838905388,0.503974915428,1.39967548191,-0.26858049075,1.47989568134,-0.636810597802,0.341430536783
31,26,1,2,-1.0735217988,-1.01740264589,1.54522125934,1.49883185861,0.183897255087,-0.1048049381,0.848562145732,-2.60782724748,-3.04631803818
31,26,2,2,-0.655293399971,-0.546672784393,1.78481209646,0.968639059572,0.238372379388,0.458739301132,0.54925573476,-2.02913065545,-2.02080212464
31,27,1,2,-1.18114860346,-1.03038394808,0.408487677745,1.09003825102,-0.045735941848,-0.172886909949,1.03322407848,-1.49300540504,-2.25649384647
31,27,2,2,-0.429440547578,-1.48578006265,1.10284320228,-0.0039322003229,0.213446215985,0.28106128099,0.943675737653,-0.539639157806,-0.719811649671
31,28,1,1,-0.957687786134,-0.617232793978,-0.911176730637,0.789926903397,0.918529979998,-2.06251253839,0.945696398305,-2.63766552675,-3.86168660448
31,29,1,4,0.333414545855,-1.45325061957,-0.150945156485,0.0216348249309,0.0267650365711,-0.764333671368,1.92342237647,-0.444289977374,0.0280392207584
31,29,2,4,0.76101989351,-0.868490779467,-1.14326972229,0.622522477896,0.972260529671,1.40085349005,2.48808016855,1.30273205309,1.91571962393
31,29,3,4,0.105947255406,-3.54661180967,-0.303153216529,0.513436685008,0.784284900052,0.138908206133,2.57730690044,-0.502512345105,0.139361953773
31,29,4,4,-0.504021205761,-2.39519025965,-0.979198716473,0.702021837822,0.545724534201,1.14718724362,2.23009288836,1.14553514727,2.24537869704
31,30,1,3,-1.33182810255,-1.30039532075,0.69410225624,0.845191108794,2.06363372073,-1.26373006198,1.25643446109,-1.82746320466,-4.2810784078
31,30,2,3,-1.13922504229,-1.68535104357,0.689053596353,2.1003858247,2.01150729302,-1.49031962743,0.958343067507,-2.59498776619,-3.99464230044
31,30,3,3,-1.40546044365,-1.43157639573,0.682836900614,1.40211854944,1.16685561254,-1.24847995359,1.78468448867,-2.77648631012,-5.065468937
31,31,1,2,-0.782627460153,-0.45107966345,0.28733311657,2.35406486306,0.215981057216,-1.57206367274,0.906092931838,-3.55373322827,-4.9171417255
31,31,2,2,-1.27252303282,0.00652405192957,0.473336321387,2.28150385328,0.614863759804,-1.80922308026,2.33747909777,-2.73272600394,-5.14895115588
31,32,1,2,-1.09471789834,-0.00338288507158,1.05364719778,1.20969036306,-0.362070657942,-0.918522747184,1.58064045869,-1.38815309033,-1.49953465406
31,32,2,2,-1.2057959839,-0.103541905556,0.866552383552,1.35544818584,-0.0684301895458,-0.683651872546,1.91591224537,-1.05114870591,-1.55397419793
31,33,1,1,-0.940668118528,-2.47638761259,-0.171720514001,-0.230699345518,-0.0239640321429,0.659583302355,0.659144090578,-0.513759490067,-0.240777615346
31,34,1,3,0.0388939573894,-1.23469327214,0.65308447509,0.0680577851942,1.2470805118,-0.667566237539,1.31063205297,-0.909710430427,-1.55152967104
31,34,2,3,-0.354643874535,-0.606832817167,0.291370150324,-0.198886549797,0.736761122851,-0.696750468817,0.936793312137,-0.780649892495,-1.57065236707
31,34,3,3,-0.104124084942,-1.94100152617,1.36902883028,0.341294141718,-0.435628202816,0.00748832684411,0.138703828889,-2.47181786723,-2.76921387696
31,35,1,1,0.621737679663,-2.23199684153,2.13122791175,0.479784412194,1.11625010207,2.31370548915,-1.5789959566,-2.07535120081,-1.71845686846
32,1,1,4,-1.12001748092,-1.18436387125,-0.484880001653,1.23410507474,2.4129046261,-0.252616590422,0.156700999143,-0.0233537722232,-0.590738028905
32,1,2,4,-0.406268978668,0.740837119861,0.172962579542,-0.468008965607,0.663143401858,-1.22685908165,1.30327088451,0.889998894332,1.26043732439
32,1,3,4,-0.693790905295,0.376876832489,0.105350952604,0.251805862866,2.03930791793,-0.470692499541,1.34486025841,1.17383033325,-0.00310849537022
32,1,4,4,-0.10067820385,-0.451076972634,0.543904866829,0.253537015334,1.17290294539,-0.34220010328,1.10669869827,0.71348738902,0.341902987362
32,2,1,1,0.209019476613,0.0407760475578,1.0570363914,0.91077670592,1.12059816993,0.182630949093,0.177790033002,-0.348956736102,-1.83229087859
32,3,1,1,-1.62513830559,-0.926557290946,0.357186785199,-0.709846501505,0.976017847636,0.437383076456,-0.034075017192,-2.63780490215,-4.51343762402
32,4,1,3,-0.282661312407,-0.453318702395,-1.2565064035,-0.450135077467,1.22714165306,0.45605981736,0.532582534268,0.693982377288,0.407901633201
32,4,2,3,-0.620048685449,-1.14482607381,0.0980184722179,-0.869910739004,2.1185609005,1.17582699014,1.45086977866,1.35374246107,-0.0690163980964
32,4,3,3,-0.767696321993,-0.548680567585,-0.937322412645,0.968340998146,2.7408521993,0.2735295733,1.63028863177,1.19095400674,-0.692701285494
32,5,1,2,0.46299385928,-0.00844046967734,-0.423795113222,-0.506757465711,0.638969793826,1.29728752712,0.171393168203,2.1894911859,2.66932389864
32,5,2,2,0.135666342103,0.724394103562,-0.482976055323,-1.092568273,1.14318104739,-0.380726182842,-0.604130387746,0.0817090587597,-0.158867527656
32,6,1,3,-0.659567524999,-0.345156334843,0.903648328018,-0.805799226306,0.808031437922,1.52423843466,0.435519032091,2.56747758127,2.88264925414
32,6,2,3,-1.40963084525,-0.0490435306903,1.25430462418,-1.32824362161,-0.151773574842,1.08464527485,0.303016542273,1.39551550066,1.19317427053
32,6,3,3,-0.739937828864,-0.551073499889,1.83892230124,-1.03682618298,0.349338784668,1.85267414625,-0.207304608743,0.785668077184,1.87598433809
32,7,1,1,-1.17621006109,-1.74158328263,-2.03956454859,-0.404029169279,2.80624110907,0.660592192393,-0.913107597267,1.23537302925,1.3373421986
32,8,1,2,0.130119559324,-0.0325900822765,0.118750402273,-0.737340183013,2.27615579726,0.276761035831,-1.28791616752,0.134519257634,0.398338298154
32,8,2,2,0.0428379197079,-0.0089736928052,-0.68313701878,-1.59009821562,1.38148192277,-0.0602981175885,-1.4673116062,0.32117209894,1.30420627319
32,9,1,2,-0.92274167947,0.733393605222,0.121030035798,-1.77101922277,0.61727307653,-0.471929890246,0.126633297287,-1.04336074082,-3.00857115975
32,9,2,2,-0.670658213915,1.0308321306,0.828087424134,-2.66791562643,1.09178008561,-0.442396749242,-0.102092591492,-1.36800113021,-2.34430591035
32,10,1,2,0.401990084706,0.891700500349,0.725553039641,-0.225009578662,1.05503982273,0.809729006531,-0.777103493302,0.5174987708,-0.986719690936
32,10,2,2,-0.258253829932,-0.350731329989,-0.132366526267,-0.947316072758,1.78785869269,0.852281100216,-0.278515655816,0.453238171477,-1.37079788071
32,11,1,3,-0.573169542751,0.0585503605189,-0.643929215462,0.44973394363,-0.131607938683,-0.788090434625,3.1336417246,1.31362182853,0.164764312203
32,11,2,3,-0.160179059031,-0.0305457720455,-0.539043764684,0.427033650184,1.08595928485,-1.05463702783,1.90128299796,-0.0173957061867,-1.60468764776
32,11,3,3,-0.0745230149864,-0.981188211756,-0.915649829826,0.356018308244,1.40606478267,-0.631789319413,1.66129137525,0.0214968682081,-0.863293490942
32,12,1,3,-0.383166036116,-1.08213166245,0.0590554310605,0.550372029331,-0.269689304599,-0.592904699377,0.704487900949,-1.11978261301,-1.95969367161
32,12,2,3,-1.10363087271,-0.177529612102,0.842592457278,-0.607246094433,0.0480078469948,-1.21778202617,0.140448127522,-1.07097331387,-2.31981657039
32,12,3,3,-0.321594487888,0.529402705349,0.432276653617,-0.109008638595,-0.46877601846,-0.915741442629,0.0319573681133,0.320281619472,-0.32853555951
32,13,1,1,1.24083281366,-0.626898612645,1.06576412907,-0.307195304842,2.94708556771,0.0238843081527,-1.17736540306,0.892682197216,0.813425990717
32,14,1,4,-0.48814501316,0.253822934633,-1.12934545696,-0.588614312055,0.587167848978,0.438312658515,0.399052735104,0.132732803874,-0.445953489585
32,14,2,4,-0.987391916451,0.48596972206,-0.985458942932,-1.36416663929,1.29293514718,0.191582090077,1.89027171552,-0.729310284136,-2.86849273121
32,14,3,4,-0.578557371274,-0.895803524984,-1.18687998073,-1.07177547429,1.46024864639,0.000673727940621,-1.6235210108,-0.915692582249,-1.06679621287
32,14,4,4,-0.858324399474,0.0399933836964,-0.597350163062,-0.812515396288,1.90717701461,-0.259134768455,0.620630484057,-0.15251084966,-1.97651817164
32,15,1,1,0.109596726334,-0.835259832818,1.67116350444,-3.06989360071,0.59076798276,1.99249272925,-3.793339974,-2.67485481539,-3.10687947891
32,16,1,1,-0.923975596619,0.113632942255,0.561784527171,-0.489838911373,1.78759346242,-0.426910569069,-0.0443488666392,0.453071058442,-0.744477289242
32,17,1,2,-0.327834744948,-1.04995227305,0.72747847085,-1.44052045447,1.39708353667,0.33652690963,-1.75994893646,-2.15740025371,-3.8224571059
32,17,2,2,-0.665956213503,0.40113276588,-0.528243341763,-0.321900813622,1.75815079003,0.0159140552737,0.649723985195,0.102771557518,-1.64892314723
32,18,1,1,-0.828557713234,0.691597531307,-1.53683481421,-0.379635059276,0.276208083679,-0.140929868486,0.61722347582,-1.44443070183,-2.0368291351
32,19,1,3,-2.04300838358,0.211548551468,-0.156735420174,0.0685285363175,2.94039319203,-1.73594257191,0.131547368893,-0.357097111677,-0.292336135764
32,19,2,3,-1.74853993887,-0.671069004599,-0.73715329371,-0.667735371713,1.8053752475,-0.459215614863,-0.703493681184,0.241301298485,1.53777513995
32,19,3,3,-1.69651865849,-0.201543041605,-0.250100428671,-1.56938342521,1.75447807977,-0.413600264574,-1.11007208686,-1.80668866384,-2.14448343473
32,20,1,3,-0.858670323088,0.559116587542,0.260243511447,-0.568134185761,1.45246691746,0.448094326123,1.19827031671,1.44613447143,-0.592601815653
32,20,2,3,-1.48436157794,0.208372339718,0.411253020106,-1.26603476423,1.86001429384,0.366601455733,-0.00541840852806,0.197835491581,-1.56758290156
32,20,3,3,-0.778298394016,0.890279798848,1.8471640551,-2.10809432618,1.6931883032,1.15791408849,-0.263414652926,1.32572595063,0.00792150693367
32,21,1,3,-0.288739719446,-1.19815100609,-0.668889801711,0.200692451154,1.30504192494,-0.984952569407,-0.48569051187,0.754908728111,1.52936786731
32,21,2,3,-0.767309899229,-1.19933726855,-0.468331805964,-0.211902061057,1.87491052542,-0.426040591431,-0.810333315922,-0.82586006615,-2.40443934103
32,21,3,3,-0.309031625246,-0.854346604372,-0.966798935341,-0.314045837277,1.8270849561,0.172743756397,-1.4062186967,-0.0102596497514,-0.711019362321
32,22,1,4,-1.11838709424,0.442814507602,-0.11448527208,-0.265143817133,0.875407676225,-1.08618274876,-0.38664843076,-1.43863200707,-2.83811480973
32,22,2,4,-0.392491319038,-0.491734618622,-0.00490069882944,-0.416727927246,0.891813749479,0.161040951766,-0.523645867517,-0.0323411220945,-0.381659584147
32,22,3,4,-0.183913452392,0.243371252984,-0.569324413078,0.0529206894834,1.24553015554,-1.47709293092,-1.08720697317,-2.15091021769,-3.78198300634
32,22,4,4,-0.344365522587,-0.355484156592,0.251290898278,-0.0553687817687,0.576828060772,-0.509138995488,-0.256400170351,-1.87997372006,-3.26732743327
32,23,1,2,-0.650863998505,-0.780278405192,2.48927570744,-0.244034047529,1.14037229745,2.15108968779,-1.84047073189,-0.7242736947,0.00855838324888
32,23,2,2,-0.923152109372,-1.02448336309,1.46518165244,-0.466031128165,0.531287253822,1.5260513158,-0.632002886441,-0.019878787098,1.24527082033
32,24,1,1,-0.731250598363,0.434255430669,0.796019094478,0.234841224331,0.858088556777,-0.937792734465,0.230029432722,1.00454872452,0.921728971454
32,25,1,2,0.511089768166,-0.0695305664873,1.32758972773,-0.33386843044,2.23406372638,-0.759240547957,-0.0144787430398,-0.572686645483,0.288957138777
32,25,2,2,-0.233883535871,0.671468610352,0.460048118306,-1.131620997,2.00657385974,-1.86217488958,1.12327208855,-0.791292790339,-1.26069527465
32,26,1,1,-0.762476100605,-1.49808190146,-0.423823933127,0.162272332,0.894004754085,-0.345924275085,-0.356383859038,-1.66577958968,-1.5313964416
32,27,1,1,-0.827510749835,0.353418790521,0.704651905519,-1.19538939874,0.132260905329,-0.228104427646,-0.0530946624363,-0.696668296888,-1.15320302901
32,28,1,3,-1.61320031527,-0.819250774372,0.543208518583,-1.68724965296,1.45626765266,0.0577922244791,-0.962535435198,-3.14407558095,-5.05900709875
32,28,2,3,-1.58141597773,-0.191944816153,1.08202927946,-1.22112833272,1.24362211881,-0.590541768972,-0.0496658390539,-1.92242295668,-2.91874508536
32,28,3,3,-1.24812351038,-0.0155214324586,0.694797332045,-2.16707898538,1.10986090627,-0.659328141829,-0.654487335199,-2.40717877386,-4.14818260016
32,29,1,3,-1.5148446869,-1.05741211306,-1.58980319665,-0.445687882729,0.47578771021,1.05485912545,-0.376301027523,-0.763040250861,0.205035619838
32,29,2,3,-0.139867506962,-1.28317348722,-1.34428606356,-1.31966586507,0.172009786197,0.318844462717,-0.148968752365,-0.149656965476,1.8794411033
32,29,3,3,-0.822056118898,-1.71408718249,-0.434212018508,-1.19807040017,1.38138385319,0.780550398121,-0.85208525581,-1.3231453553,-1.32072006482
32,30,1,1,-1.05499589125,-1.2619582069,0.924637845285,-0.666451377338,0.952670314755,0.166673243799,0.268431780468,1.54101511722,0.773240457843
32,31,1,1,-0.519691195805,0.553410736007,0.195643851302,-0.0164570696188,1.93171524786,-0.785942656695,0.622264642576,-0.360054772677,-2.50362496103
32,32,1,2,-0.832736734479,-1.1166802461,-0.125026070951,0.215517479591,0.422714994139,-1.3285438489,0.145673555009,1.04332982989,1.73254361352
32,32,2,2,-0.49311948207,-0.523943223489,0.369914291996,-0.673935225403,0.0492635438817,-2.12002162558,-0.303722814128,0.0129641115663,0.257156081369
32,33,1,4,-1.50638779964,0.223234945854,0.539729597725,-0.872129564848,0.366178134264,-1.73496930068,1.14910526486,-2.64050129532,-6.10389951442
32,33,2,4,-0.78987923858,-0.523461224231,0.999569274678,-0.191156699948,-0.596766851304,-1.04107398627,-1.0043945842,-1.63823930632,-2.73014704168
32,33,3,4,-0.673068467101,0.777415093988,0.487210364313,-0.0239720540648,0.0314683253814,-0.702211442368,-1.17062142302,-1.48813652834,-3.66578531024
32,33,4,4,-0.923093311427,0.592534964205,0.355720565224,-1.09303277826,0.194038731115,-0.285965154546,-0.128454707239,-0.383936928449,-2.51052158317
32,34,1,1,-1.199860837,-0.280825700593,1.17335927075,-1.60541753844,2.05582787726,0.811152892537,0.152036008949,-0.449268137491,-2.33987971251
32,35,1,2,-0.162861083281,-1.26690503621,1.8732007217,-0.333370398913,1.5574709817,0.0651226137875,-0.600178570289,-0.0613552320733,0.457915890988
32,35,2,2,-0.106930085196,-1.63015907203,2.02545480667,-0.615688377512,0.860272843385,0.833700948068,-1.25222914668,-0.645217899801,0.73535636844
33,1,1,2,-0.0666871994249,-0.162274147476,-0.0583709982466,-0.466510161848,1.60221555202,0.887361221913,1.48990591004,2.07131312297,0.829594315979
33,1,2,2,-1.05140084767,0.658088297115,0.36954068401,-0.454136083841,1.31810882764,-0.375409398132,1.50511013162,1.29090265238,-0.00449773107048
33,2,1,2,0.286422507752,-0.348143692531,1.12785807924,-0.271999751363,0.369695099547,0.786826060386,-1.35961455881,1.25696935015,1.92786172394
33,2,2,2,0.130362894758,-0.596872036671,1.57535396344,0.464779416184,0.520984199599,1.32575356022,-0.875163333176,1.09124861736,1.31867959812
33,3,1,1,-0.627698667952,-1.19062495835,-0.0820359555458,0.987343799602,-0.22227716515,-0.620179884519,1.97104866695,-0.786942449631,-1.7489224482
33,4,1,1,-0.996401917089,-0.326179655962,-0.6376268517,-0.555945254952,-0.621401290911,-0.217378018202,1.46056465589,1.6343181334,-0.317621169585
33,5,1,4,-0.240264562234,0.348226793547,-0.320083352418,2.31077367933,-0.0357405767533,-0.783108391467,1.71197678078,-1.44948776677,-2.92652275348
33,5,2,4,0.569868237876,0.772612931817,-0.0481388841535,3.01516616194,1.18358767314,0.410619288939,0.967765219827,-2.41433200688,-4.25079360472
33,5,3,4,0.548747692953,0.257173382107,0.626437267936,1.74834650705,0.868419774366,0.114147879768,0.405309762654,-0.72471763224,-1.56194850637
33,5,4,4,0.642095761912,-0.137042797318,0.209998327373,2.25249399457,1.02363805945,-0.0611577430509,1.14268077459,-1.67686671954,-3.35941704118
33,6,1,4,0.257461699034,0.35092545344,1.23084034879,0.953294118087,0.177445343933,1.64428371567,-0.0307392250288,2.11376185262,2.39198366108
33,6,2,4,-1.24792610276,-0.194647632324,0.977080954655,1.56706799532,0.766243561672,-0.548463243982,0.456361682515,0.169386040865,-0.0989396586843
33,6,3,4,0.53399676416,-0.217756875925,0.778273257619,0.963092136871,0.820891417894,1.28090353309,-0.152736570096,2.74308989429,3.60701028173
33,6,4,4,-0.578665659901,0.178112984893,0.894026254816,0.690617368763,0.748552907269,0.25686779231,0.292449289776,1.88350976091,2.55720652595
33,7,1,1,-0.749522455506,-0.660370430271,-0.114076916739,-0.26781215932,0.338323098902,0.491598304624,-1.5709832594,0.842939184481,1.05412753285
33,8,1,2,-0.0703227946879,-0.017988381491,0.384335702361,0.0791359406974,0.072304746104,-1.31048077862,0.345361154525,0.657252099165,1.17715901102
33,8,2,2,0.807631243254,0.668081019093,-0.739274021295,-0.775229790362,-0.521689256178,0.153290208185,-0.468768871056,1.79656694424,2.87122426687
33,9,1,4,0.240418887933,-0.477569671586,0.0736906790252,-1.344917193,1.40839523371,1.31867976962,0.0777229579454,0.814411908221,0.430939177803
33,9,2,4,0.193849027113,-1.64514745187,1.02299926979,-1.71086093971,0.862377501649,0.831541207691,-0.0103223968552,-0.541224038218,-0.525961288752
33,9,3,4,-0.574547749539,0.105419576557,0.981411429775,-1.03872106565,1.60870718116,0.582514048905,1.12798770746,0.857824168086,0.219476935426
33,9,4,4,0.267137373814,-0.838737852743,-0.229304893421,-1.36618476173,1.11100142925,0.839999953386,-0.361961356593,-0.218338447784,-1.40181332016
33,10,1,2,1.35208231659,-0.797126648291,-0.827907245886,0.494138839849,0.074852763408,0.499022006793,0.44941665357,1.87466716482,2.03484721057
33,10,2,2,0.531104966975,-0.359128174995,-0.199288691746,-1.12146122858,-1.22753839132,0.153742316681,-0.177456915448,0.953583119277,0.432316186876
33,11,1,1,-0.715134527663,-0.123594210134,-0.374247401976,1.06132143563,1.16498408331,-1.66887247339,2.27934089448,0.951539550156,-0.038496249764
33,12,1,2,0.334809369768,-1.61740911347,-0.310689195545,0.466620673166,-2.1425398712,1.1961468177,1.64174670083,1.01565299203,0.041061383431
33,12,2,2,-0.121248760512,-1.31470449049,0.128630551058,1.29327483161,-1.53886364686,-0.228267034733,2.17486742193,-0.295517168187,-1.29439111969
33,13,1,1,-0.648456595,-1.71692873433,0.804566370931,1.01058530361,0.456439638908,-0.179430815679,-0.0374802297229,-2.10896596414,-2.30566070664
33,14,1,4,-0.765378009888,-0.394658240862,-0.119431924787,0.506774129493,0.618064404695,-1.40728346826,0.531923612713,-0.562402564739,-1.01997994553
33,14,2,4,-0.902504989189,-1.0717819692,0.185598867039,0.331559156394,0.211618829295,-0.936686014696,1.41775868972,0.532514363605,0.100724793321
33,14,3,4,-1.08618575605,-1.4767308661,0.153608457117,0.312351766249,1.15378203515,-1.58537674967,1.07931536689,-0.167319776182,0.196935702974
33,14,4,4,-1.27859535935,-0.934308886321,1.44545333915,0.0599954800391,0.939479160273,-0.861902980616,0.993828682521,-0.133919500998,-0.0881772150696
33,15,1,1,0.873175173328,-0.905091231537,0.565310508333,-1.12136532079,-0.540767795034,0.141417562516,-0.27126085946,-0.0869295047217,0.261722479042
33,16,1,4,0.891413303449,0.387061985411,1.37747786018,1.34386641452,0.667608492523,1.51369325857,0.0673876269517,1.72441335975,2.68907991591
33,16,2,4,0.358875023506,-0.311882616643,0.129783747518,1.17325665585,0.412379754047,0.397518857311,0.167378310433,0.429625005418,0.424406405605
33,16,3,4,0.053705629794,0.279400938617,0.819516826569,-0.126026300941,0.194108490116,0.904705638631,1.09350897672,1.65914491089,1.59898906172
33,16,4,4,-0.122791553193,-0.322185118034,0.339009965544,0.567521380527,1.72166287422,1.42846172049,0.970620502508,0.716746648705,-0.365373217263
33,17,1,3,0.187240282119,-1.81173813029,1.0271646479,-0.395124254593,-0.039943666536,0.272450858619,-0.0468041536561,0.324112600435,1.47278348988
33,17,2,3,-0.792860240063,-1.23264416977,0.914094628065,0.474278667314,0.189737827543,1.07994420894,0.0519333752985,1.25890233796,2.02392457859
33,17,3,3,0.600828109396,-1.20855449733,0.199925071472,-0.0687822334155,0.442087732044,-0.159286780149,0.542541793656,1.15415059243,1.36399526328
33,18,1,3,0.38516585259,0.232428432866,-0.865189303989,0.3381248412,0.0469355936152,-0.317220367191,1.01166709425,0.307402629291,-0.031994160879
33,18,2,3,1.41657224138,0.973882770666,-0.32241184084,0.899125979452,-0.48312500108,0.414566025653,0.778766644167,0.681127143604,0.208247362535
33,18,3,3,0.110609672572,-0.0664297181348,-0.367702638928,-0.864765360167,-0.700916962502,-0.407832560361,-0.475060978433,-0.451971952368,-1.05680017311
33,19,1,2,-0.279479837585,-0.0658993827345,1.80762817177,-0.244484544865,-1.52381475268,-0.198651658415,-0.220762535182,0.495917940542,1.94227114
33,19,2,2,-0.512309823863,0.0542680134642,1.80528873181,1.21592107676,-0.647054729639,-0.481986348617,-0.17840355594,0.882921897978,1.633178592
33,20,1,1,-0.508706422976,1.07658686966,2.22303898701,0.811600751201,1.41001099885,1.38639334544,0.255221382821,2.04413901176,1.69494758147
33,21,1,1,-0.986071063046,-1.27726571632,0.831059156212,1.40477343712,0.315784747722,-1.24974872555,0.0648027954447,-1.40863383239,-1.70917509822
33,22,1,3,0.427473914773,0.568290872899,-0.513358167682,0.937021922118,-1.04318228795,-0.349956093275,-0.149639648558,0.812640194453,1.48304499616
33,22,2,3,-0.139569551747,0.513556222907,-0.8196228027,-0.0963901674794,-0.555369790438,-1.30063988384,-1.51655542416,-1.61303249108,-1.93238743479
33,22,3,3,0.22767451002,0.107544650649,-1.29649547656,0.0948519364204,-1.19195048756,-0.204232441548,-0.57906181032,0.532366947365,1.97562006424
33,23,1,1,0.408453562344,-0.625152801817,1.52324824077,0.356585872376,-1.09189384333,1.33868662003,-0.957760904633,-1.03139298065,-1.50702912067
33,24,1,2,0.992098590244,0.160289002921,-0.754753336288,0.612796322631,0.368844509164,0.719670835251,-1.07857349283,1.06072972653,1.27613748675
33,24,2,2,-0.146009377341,0.00671109511218,-0.79583415237,-1.34838788886,0.875689499899,0.346302299989,0.000649119001509,1.40639482151,1.56559269536
33,25,1,4,-0.261560542158,1.18018381127,0.48464228459,1.19902959974,0.987120112948,-1.79676637494,0.708354884365,-1.99121184224,-3.58692727659
33,25,2,4,-0.411324521646,0.865042435705,0.873225168506,1.71454223615,0.748935285825,-1.22254924873,0.713269427764,-0.786504406135,-1.22791873642
33,25,3,4,-0.355070898157,0.651755220927,0.705451663763,1.48421318364,0.633979925046,-0.833894848471,1.70405172354,-0.833367278366,-1.64761539746
33,25,4,4,-0.730415187844,0.685932409633,0.130216534219,2.69982421165,1.27438939218,-1.75599404618,2.23511594779,-2.88523393059,-4.68570666299
33,26,1,2,-0.594754763266,0.113790032815,0.140912617418,0.0381105436648,0.839124179006,-0.511425896741,-0.66371895102,-1.52389364439,-2.96559338875
33,26,2,2,0.205922545295,-0.219547360352,0.64817291761,0.494235092648,0.247164490764,-0.035804766177,-0.338510563393,-0.476507254879,-0.533224754291
33,27,1,2,-1.66805081583,-0.0636904719491,0.107535869512,0.0974146771551,0.193104309011,-1.65467547368,0.923742568879,-1.95672418935,-3.38072608237
33,27,2,2,-1.5450348793,-0.712960015564,-0.305983468611,-0.412909495502,-0.126480988735,-0.794809322671,0.159862139186,-1.32776728042,-1.46729494857
33,28,1,3,-1.32694524065,-0.869818448669,-0.242287383801,0.29510954013,0.73721772733,-0.260679326909,-0.311211545344,-1.00978666494,-0.571245510942
33,28,2,3,-0.572750688348,0.119662979065,0.478683688269,0.743913098452,0.0628397207102,0.235847265423,0.979859901731,-0.347391920571,-0.0874142037317
33,28,3,3,-1.33743313779,-0.0955979030547,0.698528500134,0.452986722202,0.329085133288,0.0520048210323,-0.238924531796,-1.09088128281,-1.37432946832
33,29,1,3,-1.40977109466,-1.98978523551,-0.561602738348,0.176829284734,-0.39137396788,-0.540754815937,0.923774598704,-0.431106099363,0.0731821426229
33,29,2,3,0.172468200832,-1.43399256929,0.0219709084068,-0.426009294499,-1.31734615611,-0.127084230829,0.190696676166,0.532021365829,1.29021503017
33,29,3,3,-0.153256503677,-1.35309304697,0.74119833843,0.0736796068568,0.583217289534,-0.195576057881,0.189906577057,-0.00365299357383,0.6801128511
33,30,1,2,-0.893335676494,-1.66078872668,0.973436889593,0.0269769407431,-0.376989139448,0.436031541315,1.38386211947,1.05418079714,0.630829263898
33,30,2,2,0.0499255679678,-0.252993873614,0.502275685633,1.08507400562,0.186799162392,0.073769753031,0.686112109594,-0.786484871935,-3.23069505853
33,31,1,2,-0.741172274667,-1.65630371306,-0.437795946801,1.00035123781,-0.514061997958,-0.5570542017,2.21740503631,-0.837989379593,-2.47372673575
33,31,2,2,-0.110529959362,-1.16350032732,-0.869583585267,1.02869809828,-0.842752386593,0.130318463489,1.05049732744,-0.61714858631,-1.71274576801
33,32,1,1,-1.46142061211,-0.197700969897,0.61719454252,-1.33842895288,0.218289850166,-1.90713546237,-1.27447369624,-1.6359154144,-1.53213328593
33,33,1,2,-0.692958385087,-1.0593624381,0.115473752739,-1.36102813786,-1.44277812331,0.130336665658,-0.89535382809,-0.711870921882,-1.51057110459
33,33,2,2,-1.17761441663,-0.493324417341,0.0738856965818,-1.75551823958,-0.909705708863,-0.721674253225,-1.02943135157,-2.68178070267,-4.89423047415
33,34,1,3,-0.76608225489,-0.718249379226,-1.17193649901,-0.651917878294,-0.143982413337,0.277169496609,-0.143217566634,0.794003402091,0.0720781952361
33,34,2,3,-0.290507710667,-0.0380956119496,-0.712325243967,-1.85400827654,-0.21220303654,-0.3326850857,-0.160876942365,-0.996649341083,-2.11375536443
33,34,3,3,-0.48705479479,-0.692636954936,-0.67559081297,-0.476728144549,-0.509961979156,0.664435994606,-0.197524933339,0.919297953504,-0.287495281501
33,35,1,3,0.0181559662924,-1.85747381962,0.751118898027,0.367193197846,0.838337068551,-0.993970149954,-1.07652023257,-1.70390716196,-1.79328408383
33,35,2,3,-0.584343159361,-1.08586263555,1.35479502467,-0.687000274307,1.19889137122,0.137066149177,-1.60988390252,-0.99418734147,-0.394560863514
33,35,3,3,-0.31021856711,-1.36995232552,0.949795896072,0.362386211904,0.869151484565,-0.960070505469,-1.06407470193,-1.73537218518,-2.08268871781
34,1,1,2,-0.845382663282,0.388438829249,-0.633503534829,0.861170190843,1.93626398549,-1.75538449382,1.2894385103,-0.307969197224,-1.32523030843
34,1,2,2,-0.148559133733,-0.293876615713,-1.12520583383,1.72942475911,2.4211696291,-1.1050450899,2.1057668064,1.27169244682,1.2106477159
34,2,1,4,1.59459204457,-0.0568820241373,-0.115182486795,2.18657054232,1.41541325126,-0.258292350111,1.5540386272,1.47123609909,2.64685610609
34,2,2,4,2.06354306698,0.644157074618,-0.443210028237,2.03961843882,2.38330144137,-0.425334152995,1.05675828396,0.235532988884,0.459702486698
34,2,3,4,1.87510117221,1.15408425714,0.0602443741878,2.3273704098,1.50491320213,-0.20467975718,0.977301415603,1.18464798069,2.37645925102
34,2,4,4,1.74940418323,0.237007880967,0.285516076733,2.30796626082,1.91340123547,0.370237876572,0.305188634188,1.28571543201,2.20067373899
34,3,1,4,-0.555481536564,-1.14043393207,0.715354931521,1.34473769824,0.221062121999,0.318058244237,-0.117846337653,-1.76570759613,-1.02425402422
34,3,2,4,0.214976038118,-1.09175160911,-0.289282603787,0.935380124693,0.870586244674,1.46590087841,0.543020817676,-0.00310298095616,-0.0697535826349
34,3,3,4,-0.0750672996168,-1.38781889461,0.109839797808,0.440021003331,0.115495144822,-0.612976764382,0.863928823918,-1.84410763413,-2.81777947371
34,3,4,4,0.575972531817,-0.690614072612,-0.797599783037,0.44594598523,0.787823472599,0.805624874034,0.248177157477,0.468111364396,0.93810435834
34,4,1,4,-0.148850116233,-0.135190020266,-0.967100207121,-0.457311061122,0.466654791643,0.31522672855,0.570042238064,1.76072065909,2.7782897201
34,4,2,4,-0.422535119231,-0.73960283471,-0.292617523761,0.638943857181,-0.0626027874606,0.733336140925,1.38981912818,3.68673553321,6.14151435861
34,4,3,4,0.726508411085,-0.447400197375,-0.0945221454734,-0.319532087823,1.03183438691,0.827419181548,0.496417572942,2.28969663051,3.30670642415
34,4,4,4,0.815295588168,-0.356444978496,-1.27326169917,-0.712725959502,-0.11512151872,0.301056415529,0.427794629629,3.12272322882,6.07570017621
34,5,1,2,1.64536947238,1.6212624115,-1.43510174848,0.672808085642,1.01104017461,-0.493257554124,-0.353770353678,0.314554671453,1.49501800379
34,5,2,2,1.05423775224,1.05919288567,-0.619495283514,0.803994066723,1.25469240507,-0.0566966525544,0.259877524022,1.8524216567,2.34368303103
34,6,1,3,-1.37421714942,0.465372647833,0.819338525419,0.850912913137,0.438118117525,-0.13333182731,0.399225948445,-1.07639264315,-2.39896265189
34,6,2,3,0.198728056147,0.386475160764,1.13859342035,-0.799160772351,0.557244030926,-0.186073669944,-0.925456056043,1.28292833512,1.87491527234
34,6,3,3,0.145077095903,-0.620909204719,1.21764803135,-0.489714680553,0.994245005222,-0.0621815901627,-1.00376058966,0.0774970523425,0.228589609438
34,7,1,4,-0.260821312094,-1.10189963589,0.410370678812,0.758854327977,1.44082412995,0.631010410744,0.284186441585,0.704179358448,0.63309776696
34,7,2,4,-0.59903208001,-1.47239304889,-0.936517436586,0.56964830602,0.630560906725,1.27695117419,0.402029758176,1.75296590679,2.77408506024
34,7,3,4,-0.540658170301,-1.61639669542,-0.780939455592,-0.0701373644908,0.704878572401,1.47485195525,0.366895550746,1.78952121181,2.57336438684
34,7,4,4,-0.811329168653,-0.683274129989,-0.470639371666,1.01379790119,0.823436864322,0.690064079623,0.870507400385,1.14117072997,1.80095336028
34,8,1,2,0.741046832044,1.08855895612,-1.37343603599,-0.0629212391406,-0.426717895081,0.54580870579,-0.378825366208,0.998172612746,2.66977079666
34,8,2,2,0.595914743003,1.07970861362,-0.302363832461,0.215847376251,-0.317384252405,-0.628445955265,0.305004836416,0.408691755659,1.02935764202
34,9,1,1,-0.0967653667015,0.967350870091,-0.717348156155,-1.78766835946,1.42903815125,-0.143389671462,1.2292156328,0.788503085767,0.215248271491
34,10,1,2,0.969459903175,1.16793355369,-0.827243877325,0.978144893177,-1.05543602466,-1.66256923013,0.211791189853,0.391761388743,1.71416366705
34,10,2,2,0.143938102389,0.987367064031,0.69205730527,1.37800912124,0.0967887700072,-2.09520155074,0.945885093308,-0.91921063194,-2.29819616669
34,11,1,2,-0.779885939816,-0.138636452765,-1.17524208629,2.50502223738,0.106745637747,-1.04544022369,1.68367160242,-0.473739039286,0.559309456563
34,11,2,2,0.365502393294,-0.146401349348,-1.13775353913,1.68501800262,1.12209703743,0.0195420407339,0.9871701541,1.29935190856,1.90288618432
34,12,1,4,1.31714089984,-0.755428992293,1.1193428419,1.12037130994,0.44542449465,0.12488920921,0.782717368955,0.214753272798,1.30902935405
34,12,2,4,0.0313357536944,-1.46099398092,1.32684800125,1.18552690989,-0.366922455865,0.122266044654,0.752036135113,0.505760422082,2.71621261492
34,12,3,4,0.477902444534,-1.32943636602,0.442988205727,0.777876574218,0.0723065640958,0.132229157626,0.628954721653,0.223471655684,0.591479276744
34,12,4,4,0.508653816445,-1.53570172974,1.27779928776,0.889253934945,0.846587655631,0.618835705991,0.117814717922,-0.436533823778,-0.00629079932502
34,13,1,2,-0.421660215124,0.387538683343,1.12459937976,0.136650827638,0.730403307122,-0.633029371389,0.282020105101,-1.71983075584,-2.31590597476
34,13,2,2,-0.390177660512,-1.21423879153,0.52931679829,-1.08001995077,0.728392819469,-0.286366193343,-0.137802339248,-1.59946384382,-1.18906746685
34,14,1,2,0.0768391633342,-0.446098912319,-0.908726042416,0.0961258674898,-1.00834665868,0.574077658885,1.76048831148,1.22614930766,2.60828460973
34,14,2,2,-0.855308289991,0.0733151642642,0.409664515227,0.844941588199,0.218588201156,-0.891131423039,2.29039816071,0.187307620187,0.140638418814
34,15,1,1,-0.380471609278,0.681873963888,1.6747747556,0.30134361806,-0.115014915347,1.69485317508,-0.64590728873,1.0278070887,1.60949651848
34,16,1,2,0.0121763481459,0.248514731691,0.71100697516,-0.673731788802,0.0719775009503,0.514984505967,-0.561950972664,1.19497376559,1.25389144136
34,16,2,2,1.21134834371,1.36000920453,0.793109198613,0.096068184458,0.179628948026,0.266810174017,-0.010637117554,0.833622119171,1.46530658517
34,17,1,2,0.461993671309,-1.32162390202,0.45997034737,0.0868210717208,-1.00314462089,0.419772738203,-0.394701643671,1.00379743301,2.34166982141
34,17,2,2,0.0787181427186,-0.85412052623,0.608320946805,0.0778816996658,-0.120898709494,0.780489297765,0.0161901854383,0.349364477928,0.35746124977
34,18,1,2,0.684786594995,0.345478605058,-0.259630997895,1.3084743486,-0.253282152745,-0.423402241135,1.27843127469,-1.08400210898,-1.43557383171
34,18,2,2,0.253450152579,0.886411520665,0.176707726242,0.163495444558,0.454630037975,-1.21210823561,0.724502022807,-1.57328310347,-2.67687213913
34,19,1,4,-1.5625390414,1.2495165894,0.849176581312,1.11257552012,-0.0687439775353,-2.09419868171,1.8588217178,0.450765130847,1.80172184612
34,19,2,4,0.0633260236481,1.10280481782,1.04659266691,1.71107228701,0.222323710825,0.444294020259,-0.139494980744,0.555461756965,1.65389492048
34,19,3,4,0.0877995413401,1.15548049919,0.635752210775,1.22597676129,0.689066967874,-1.02999713531,0.459639409103,0.272010235791,2.22001590656
34,19,4,4,-1.55232785154,0.510965799682,0.636466810199,0.902050778181,0.184116727223,-0.240296728111,0.914037455437,0.156716573742,0.700698588087
34,20,1,3,-0.360376897032,1.20157473808,0.222143194215,1.20387163947,0.59913301819,-1.79435130975,0.330737539806,-1.10582829489,-3.52901074169
34,20,2,3,-0.512152462466,0.866446692537,0.466819742374,0.392033830477,0.112151342424,-2.02150950299,0.321512391319,-1.17705794403,-2.92573117201
34,20,3,3,-0.447765869029,1.81585768614,-0.213371614831,1.71669084741,0.52365545164,-1.28236860972,1.17539746629,-1.07733752776,-3.80772854217
34,21,1,2,-0.523165268536,-0.488521958721,-1.10378315352,1.24567977889,-0.00914779822905,-1.21857528707,1.10819971186,0.381124050685,1.37260319946
34,21,2,2,-0.00759653132838,0.18681668389,-0.879239222995,1.04251157709,-0.00300223197159,-0.459646052377,0.948994062425,1.35994624879,2.52269193848
34,22,1,2,0.166406354731,0.804966789296,-2.112219721,1.69835976153,-0.886405262203,-0.55359261001,-1.482839637,-0.0794699732913,2.80971274873
34,22,2,2,0.787864207293,0.616932254481,-1.71644816846,1.60364043756,-0.779229753621,1.63452857525,-1.08574044598,2.01835226906,3.95496630208
34,23,1,4,0.102212392915,-1.13009756629,0.202918175689,0.643939602895,-0.650608906105,0.74873921638,1.44158631903,1.93600989139,3.809113193
34,23,2,4,0.0856547382446,-0.167072818927,0.156131002724,0.963075254319,0.226046731143,0.352113872742,0.951837598392,0.574504547699,1.15166909279
34,23,3,4,0.351059103085,-0.631361349174,0.178696321623,0.294400552026,-0.378760888656,0.211736469086,1.65134236503,1.1754531835,2.57263747145
34,23,4,4,-0.365408913354,-2.06874241124,-0.300468803768,-0.105960649702,-0.647658375905,0.690956963166,0.0240059312405,0.530068333303,2.16601941134
34,24,1,4,1.27577313445,2.2922119813,-0.657504138826,-0.263120271133,0.517812828055,-1.46811725635,0.525276451819,1.53526616106,4.01319807307
34,24,2,4,0.74128783659,1.25796748942,0.190588237858,0.582220888176,0.585531274234,-1.19993153159,1.82961011822,1.27385093243,2.50511401933
34,24,3,4,0.397098080567,1.01159451431,-0.230139346604,-0.783320809089,0.468162986612,-2.49983463065,1.07083016998,1.5029384811,3.69038408277
34,24,4,4,0.630232671526,2.03143576058,-0.0547541006161,-0.781794709248,0.261219685488,-0.976515846652,-0.447626084205,1.85860394009,4.43340878326
34,25,1,3,0.308827920593,-0.298549957464,0.120921778778,2.23077699234,-0.472256900982,-0.775005954009,-0.272890818089,-1.15117166563,0.220007418964
34,25,2,3,0.293130412889,-0.0777642731118,0.882235788196,1.27109805507,-0.68389074313,-1.3617395389,0.4620801631,-1.16285081197,0.0561525615494
34,25,3,3,0.19660656974,0.57714678536,0.173977710305,1.89846744796,0.798218679626,-0.63421933339,0.479559099277,-0.547244918666,-0.271574834335
34,26,1,3,1.80716203141,-1.13865055272,0.277529744168,-0.0678816370028,-0.243625720599,0.486960622638,0.178993079688,1.6253251314,3.65705536436
34,26,2,3,0.933010247556,-1.38980966464,1.11581941486,-1.00781439774,-1.58131973213,0.897447256504,0.44906965764,0.0555190419555,1.64544993428
34,26,3,3,-0.341726099008,-1.71604751914,-0.186695293208,0.132464692333,-0.408281492003,0.0769184216778,-0.241280497137,-0.375502731831,0.19971282429
34,27,1,3,-1.5199819327,0.470989570029,0.56457017677,0.331920552545,-0.299675449002,0.473920490566,0.72372395505,0.547140361976,0.377678706455
34,27,2,3,-1.78580177397,0.227746209593,-0.0925666987095,1.38710673449,0.563331450177,-1.33990143908,0.924711691031,-2.27773961199,-4.10936933748
34,27,3,3,-1.45677856086,0.63322142522,-0.117812594492,0.574437076054,-0.49629706587,-1.09749520427,1.06023676278,-1.84685260669,-2.91254440566
34,28,1,2,-0.291253162964,0.769281106478,-0.502497840995,0.629954857584,0.954755710825,-1.80986428627,0.939337142414,-1.32353391463,-1.25396446371
34,28,2,2,-0.24663769433,-0.414432887242,-0.47547605731,0.716630820081,-0.458810906039,-1.09030587489,1.24912565276,-0.821257138123,0.754604607629
34,29,1,3,-0.374421311413,0.516800633521,-1.04142618977,0.730909422426,-1.39192273786,-2.16865709224,0.328688254477,-0.871766917032,-0.563915180805
34,29,2,3,0.552592807295,-0.138981888096,0.150743154106,1.00026575176,-0.117201981306,-1.92530436109,0.239980355625,-1.13370253637,-0.253606443651
34,29,3,3,-0.19354869687,-0.655115009634,-0.66828551474,0.645204092052,-0.225458088099,-1.33037228105,0.90441390351,-0.158597036091,0.989437378384
34,30,1,2,1.7104117746,-0.497100589827,-0.269856811445,1.37782804984,1.04070569643,1.59533605731,0.709722241636,2.13372480141,2.57892254209
34,30,2,2,0.0286448920666,0.480608726673,0.0563565034517,1.37785524047,0.571684959487,0.152948892904,2.14193622009,2.03943775714,1.86050666156
34,31,1,3,-0.94498235434,0.879671173727,-0.981082953285,0.796428166976,-0.452623858614,-2.581856389,-0.306488538299,-3.09418299008,-5.30140898109
34,31,2,3,0.0214139310716,0.220418567227,-0.594800451317,-0.239923087977,0.285992445224,-1.9490453308,-0.928917262948,-2.55148118254,-4.32511564053
34,31,3,3,-1.52717231071,0.604766286446,-0.156223545319,0.860110701003,-0.627731951151,-2.83858788021,-0.340385606544,-3.59284137754,-5.87657170525
34,32,1,4,-0.109330695863,1.63084971012,0.246084331811,0.818903708825,-0.669861186351,-1.77781027974,0.660381987892,-0.551843251096,-1.56695183087
34,32,2,4,0.524165330947,2.08071195137,-0.0148613059768,0.786662215423,0.739953156915,-1.38295271921,0.965143388996,0.391489517669,0.471733286676
34,32,3,4,0.360024024781,2.32073792992,0.622351968814,0.533260865598,-0.0351239590101,-1.25162008145,0.401657428952,1.6862566509,2.04480025357
34,32,4,4,0.878188571431,1.08239410711,0.424142773511,0.679858855433,-0.773235641462,-2.10705803338,0.124344273053,-0.535259865876,-0.278068021895
34,33,1,4,0.312104320009,0.215992739857,0.569864815882,-0.0693131539568,-0.590186512431,-0.474014062269,0.41809180071,-0.808921337065,-2.46471046069
34,33,2,4,-1.09313676414,-0.43848734083,0.325252397869,1.24357613401,-0.604869661988,-1.1544416213,2.1368477323,-2.02567954641,-4.92048488189
34,33,3,4,-0.618200911622,-0.0180603713014,0.5187496017,0.777934960834,-0.678097120363,-0.476160147647,1.26925957079,-0.539428770116,-2.34919016373
34,33,4,4,-0.715547918205,1.36240888282,0.927251255438,-0.536771680949,-0.397799211363,-0.775791743795,0.794365919761,-1.11430580631,-3.99795260173
34,34,1,4,0.194095098574,0.882443466498,-0.767136771933,-0.591194445866,0.212493592997,0.064151353463,-0.067943475358,-0.834986773436,-1.67602003207
34,34,2,4,0.334329569651,0.654938829861,-0.71439287135,-0.749349691445,1.51270485469,0.337529308645,0.576195902999,0.155310334777,-0.663275674764
34,34,3,4,0.951650080787,0.652602665327,0.441716898936,0.079110212811,-0.297434118403,-0.0060292114025,0.492205131227,0.759623706006,1.6226876536
34,34,4,4,0.574641410092,0.953939893402,-0.155171256612,-0.81195358819,0.290206436759,-0.0119136969368,0.312228255369,0.0429856067707,-0.183837634303
34,35,1,3,-0.231902634901,-0.311891982406,1.50273697172,0.857697561504,0.410082980666,-0.867571614249,-0.501222081714,-0.578853922627,-0.0991061264953
34,35,2,3,-0.0428688889898,0.110595794507,1.4604570966,-0.0306599905323,0.580256839086,-0.820268282371,-0.43999495333,-0.392934555948,-0.120663494841
34,35,3,3,0.286406867233,-0.979227486555,2.11042931883,0.603469412567,0.48840199643,1.62218132872,-0.759439814144,1.33075889851,1.56493463379
35,1,1,2,1.31935576482,1.63148920939,-1.86456560607,0.805979239375,0.782076075397,0.797037875251,-0.0115846781344,-2.31523606442,-1.84518194033
35,1,2,2,1.10792982286,1.4208357082,-1.46153017218,-0.155765760263,0.329781803659,1.77858538521,-0.0409485228239,-0.848199913001,-0.670863754013
35,2,1,2,1.82516655851,0.845559385872,-1.36553865876,0.379219376512,-0.195299965529,1.18943580859,-1.25098131497,-1.5268306641,-1.72699655423
35,2,2,2,2.05451256621,0.482489038161,-2.67857085358,0.487362034498,0.211557857789,1.88412253697,-1.31492467098,-0.870380773154,1.24976868932
35,3,1,2,0.120959587719,1.45343762227,-0.369363202104,-0.953081089202,-0.967801233086,0.0705525578699,-0.792903266098,-2.40758905592,-3.72989820994
35,3,2,2,0.496027562409,0.396307473799,-0.995362405135,0.095659811269,-0.44726767774,-0.0593410013275,-0.952555404338,-2.55136041458,-2.87301842449
35,4,1,2,2.12376488002,0.0270573129955,-2.3332312101,-0.994737632996,-0.51461956136,3.67353769447,-1.534346008,2.35318703667,4.05699713336
35,4,2,2,1.1331188059,0.351686785612,-3.29546690899,-1.66987232385,0.437100770255,4.20193133894,-2.34702718589,1.09558272289,3.69575189518
35,5,1,1,0.796501696601,0.564439068497,-1.65358287618,-0.0790697631309,0.252643090555,0.877217872024,-0.990138412169,-0.251712190528,0.712083076834
35,6,1,1,1.34174211892,0.0463196161605,-0.319982508614,0.186657356964,-0.942886799202,1.69613493492,-0.484938064108,1.44070217648,0.943045404125
35,7,1,4,0.973089439823,1.31320439514,-3.74712545648,-0.167398527403,1.22344627824,4.53660089637,-0.881296898102,0.970544851086,4.9413283053
35,7,2,4,0.350034554359,0.705024874306,-3.05350083655,-0.757631424811,1.30435660256,3.77398220453,-0.291732624616,2.31994182647,4.976095634
35,7,3,4,0.0690797422896,0.109545336214,-2.99653569948,-0.86726602137,0.0202040260742,2.88943420526,-1.29199883639,0.484030968969,2.96745490228
35,7,4,4,-0.669686360082,0.480323677649,-1.82894893887,-0.341156117363,0.925267643087,1.46146475242,0.683188403379,1.10434224256,2.17046026829
35,8,1,3,1.64946453098,1.9387308733,-0.325879534793,-2.00393327837,-1.37605626856,0.932705100333,-2.35950910257,-2.57153586925,-2.34898696528
35,8,2,3,2.42462577886,0.511365058032,-1.30682030878,-0.930609272903,-1.90541736,1.96230549861,-1.96342618472,-0.500862527303,1.41979066762
35,8,3,3,1.99644866442,0.846249207313,-1.98462915339,-0.95831546593,-1.93664375073,3.1221278578,-2.98387961144,-0.585036087032,0.448595646446
35,9,1,1,1.25577451352,1.42821972784,-0.912652607834,-0.798236073907,0.627284757952,1.84284104843,0.709709073136,-0.206143472555,-2.16616434058
35,10,1,3,2.01912944584,1.03695249191,-2.07534171685,-0.545147260069,0.361332744212,2.03622380796,-2.95933867428,-2.20232610959,-3.18945452128
35,10,2,3,1.96601475375,0.93878563276,-1.33223774467,-0.0444714467397,-0.135167785915,2.30757008539,-0.691617412252,-0.155651083108,-0.639501490364
35,10,3,3,2.94787272331,0.414219661978,-1.36813907713,-0.12142184413,-0.326604575636,1.88767251331,-1.00044122751,-1.24144230136,-2.56120227177
35,11,1,3,1.20556073641,-0.0247242629063,-2.48583153156,-0.107739814409,-0.0198737334268,0.808850582493,0.120982150114,1.47801521323,3.25159680147
35,11,2,3,0.427776331008,1.39733789877,-1.27760782577,-0.377519002445,0.378024644628,0.799488561326,1.42012530577,1.12807398353,0.718195419721
35,11,3,3,1.03493431161,-0.297703418043,-2.63269272469,0.67436212021,0.376777958024,1.10275688924,1.05282913999,3.19500820192,6.13639659356
35,12,1,2,0.966001445427,1.13612868044,-1.13828703035,-0.860717481681,-0.479751457903,-0.248861151638,0.309034722097,-0.957369550498,-0.169331519118
35,12,2,2,0.870394768363,0.299574992636,-0.732892355819,-0.431136032365,-0.227983671614,0.795850907719,0.41179025484,0.725031482453,0.913509431809
35,13,1,4,2.00839841724,-0.186679133804,-1.80222856593,-1.81981630261,0.43833545776,2.02583195746,0.168719875143,1.09202430351,2.75242329417
35,13,2,4,0.371163072423,-0.0751810077423,-1.45939291646,-0.862243891375,0.794784968047,1.178657276,0.103619054031,-0.344231954809,-0.126776630322
35,13,3,4,0.468746203551,-0.924089867986,-1.34492695178,-0.5909997971,0.45934728321,0.455573446438,-0.116954705653,-0.606038266636,-0.786595961824
35,13,4,4,0.36071900953,-0.229518442064,-1.40649094941,-1.63580032304,-0.176125153259,1.66591627729,0.913636206847,0.0341537500865,0.226989568662
35,14,1,4,0.314248602019,1.54210586843,-1.22269693082,-0.0995015179403,-0.720651993986,-0.631174572041,1.08091646202,-1.54943532299,-2.33175893577
35,14,2,4,-0.0805612768092,1.8753999334,-1.38425745218,-0.0636690347649,-0.954613272214,0.0850497925549,-0.278170576397,-1.55204496605,-2.71791236983
35,14,3,4,-0.409251767362,1.63393135728,-0.146856707134,0.0725524358436,-0.353171343425,-1.17045234176,2.50521818073,-1.68326633602,-4.02075237391
35,14,4,4,0.913932375252,1.50860008196,-1.08265969758,0.268419781604,0.145959413121,-0.157356871194,1.50989618511,-0.632987933664,-0.851232979808
35,15,1,3,-0.448263663183,0.912314486611,0.241933338572,-0.46610749634,0.342383897665,1.26129677705,-0.609253419361,-0.412059951895,-1.65648366016
35,15,2,3,0.896363460659,1.09174686341,-0.403250368309,0.523676979557,0.183438593892,0.901240704688,-0.821104193703,-0.806382824533,-1.51200967015
35,15,3,3,-0.634592704247,0.270291388041,0.230410315501,-1.04048771399,-0.0431811316832,0.888976639148,-1.25461783297,-2.37871628646,-4.12976550767
35,16,1,2,0.491946790462,0.605083871387,-0.639315267886,-0.970129471426,-0.319941813413,1.44021983831,-1.03567197638,0.788679271619,1.60212138259
35,16,2,2,1.27246818679,0.930586504715,-1.24074344172,-2.07908284798,-0.23761971489,1.32712614946,-1.41646393222,-0.262017498258,0.473367464429
35,17,1,1,0.766426845584,0.311991360482,0.0893346274019,-1.42188645814,0.303042912558,0.0981070016343,-0.351898690045,-0.900330036237,-2.1840340189
35,18,1,2,-0.360834564037,0.712160495417,-2.04624781307,-1.7858188821,1.1664759786,0.213019182937,0.802007950951,-1.72248910652,-2.38122494797
35,18,2,2,0.0800794672017,0.0503712954706,-1.07585304503,-0.490252201406,-0.0770125309591,-0.325780384564,1.2106769192,-1.01373218444,-2.41623035733
35,19,1,4,0.14141405733,0.898729556778,-0.284018456006,-0.459067904005,0.372151563195,-0.360611636924,-0.334018392835,-0.848688504709,-2.04295429524
35,19,2,4,0.296064268075,0.607881304076,-0.400962967576,0.339965500848,-0.0116639018246,-0.00429435955983,0.121628532914,-0.104194749431,-0.2829559476
35,19,3,4,0.715283830656,0.332678783247,0.225318547278,0.554796091198,-0.423383053443,0.876773136735,0.391717939398,1.19263537468,2.50216257072
35,19,4,4,0.46184777317,0.179243351427,-1.15110354166,0.634500229687,-0.463487877411,-0.238949934849,-0.0556325496604,-0.588269233037,-0.440462406419
35,20,1,4,-0.792684714892,0.359649130056,-0.718607557196,-0.291972940684,-0.286654762405,1.45177663153,0.32726076649,-1.33108632064,-3.94017133079
35,20,2,4,-0.768677203355,0.941010986443,0.701262192456,-1.01548406532,0.747173081552,0.677594518557,-0.000218893869093,-1.70181732022,-4.7029321635
35,20,3,4,-1.08835117462,0.721923862018,-0.265774556602,-0.32505183218,0.0397938691983,1.55397793761,0.355560855888,-2.18631694773,-6.35560393873
35,20,4,4,-1.50501917506,0.211202031234,-0.948594393971,-0.457090432669,0.316778293286,1.34703229108,1.1362728808,-1.51889291506,-4.56907895368
35,21,1,3,0.398503278343,-0.774983934421,-1.78774805109,0.974477344797,0.940934737377,1.40370535908,0.263833420198,1.90185504299,2.84147661137
35,21,2,3,0.0846976462904,-0.837231486417,-2.14733555585,0.917140668661,0.43825067269,2.07667344594,-0.0237292932108,1.75717735238,2.66847220668
35,21,3,3,-0.212314303169,-1.44587439572,-1.36268407452,1.29216195436,1.62751322992,1.26413589328,-0.187704010464,1.34669788658,2.13240870188
35,22,1,2,2.45293475373,1.38307077704,-1.72362224441,0.974674772464,-1.01690347238,2.87761724543,-2.23135575285,-1.99352980883,0.252982269233
35,22,2,2,0.711880826187,1.19939080174,-1.66538107047,1.52599424843,-0.973410661471,1.68454057252,-0.759773568261,-3.15138198562,-3.57576328097
35,23,1,2,0.170269722517,-0.393829174103,-0.385062357617,-0.585762531007,-1.73273389747,0.41819840308,0.931513001555,-0.917343712817,-2.21519803364
35,23,2,2,0.207683068986,1.32377912828,0.107362498845,-0.363271511792,-1.02542510009,-0.00959160235537,0.686174504135,-1.31074471177,-2.36634050098
35,24,1,4,1.03548919202,1.97041388524,-1.79196015235,0.893682507288,-0.29887112493,2.07823569607,-1.10838244582,-0.108776854555,0.583602670465
35,24,2,4,1.27334956797,1.17723503038,-1.43224087643,0.242571881412,-0.179634929646,1.09655220781,-0.034676110322,0.425203692938,1.38137540282
35,24,3,4,0.868598141031,1.90409053724,-2.30388531815,-0.728039710921,0.558689679729,2.54589214297,-0.705747151344,0.19666560043,1.15482497338
35,24,4,4,1.4537350309,2.37560284438,-2.69044511584,0.000482579951469,0.501381897925,3.72824750289,-1.11182344258,1.01141028641,2.41905997836
35,25,1,4,-0.26783745043,1.5164400062,-0.84174727923,-0.302133100407,0.446707871949,-0.360811437108,-0.871119100975,-3.17332021102,-5.06490337434
35,25,2,4,1.48675719063,1.03082606137,-0.680155757906,-0.248610220062,0.109320944282,-0.781420601283,-0.63245823224,-3.31437427433,-4.01570501619
35,25,3,4,0.233857538267,1.07631064612,-0.0585605131301,-0.635189153006,-0.553503600127,1.15214815708,-1.26893052241,-1.25899106994,-2.13213682481
35,25,4,4,0.573163251963,1.88666803672,-0.588999403696,0.567584779336,-0.0930521385075,-0.292006452192,-0.461808135198,-1.81407087585,-2.63788104109
35,26,1,4,0.0386659908823,1.69986274308,-1.93926970564,-0.38441846989,-0.982130403042,0.736466721332,-1.10417653813,-3.1713496797,-3.57613684722
35,26,2,4,0.787839396865,-0.071905422109,-1.28048931657,-1.65338615332,-0.221301442103,-0.366734430341,-0.950520395802,-2.70650875038,-2.77411681292
35,26,3,4,0.824270497403,0.915226290181,-1.11504070737,0.201524585945,-0.521792043215,0.350921707849,-0.89026920734,-1.6476154712,-1.2057136063
35,26,4,4,0.746333972331,0.31977049894,-1.42699889113,0.634264868336,0.418507621586,-0.156737970451,-0.236316289555,-1.66887166514,-0.802974345747
35,27,1,4,0.442761901327,1.67351428871,-0.262598469643,-0.732910620017,0.485403272692,-0.0979604068087,-0.588106919205,-1.490742898,-2.26892190882
35,27,2,4,-0.568456060141,1.80152572113,-0.236871846088,-1.05609974689,1.71295645163,1.10539060067,-0.621379050241,-0.770955283626,-2.90930569546
35,27,3,4,0.565975268781,0.971955183861,-1.13434159435,-0.705314126597,1.16377589221,0.405031269767,-1.00306619105,-1.52559295741,-1.79728673407
35,27,4,4,-0.330566536181,1.90808443959,-1.41959139748,-0.0747382671105,-0.0163387716056,0.868474572665,0.203788197836,-0.422871633526,-1.23169400214
35,28,1,3,-0.129897332489,-0.0861809723934,-1.82916153228,0.316956575871,-0.680245437752,0.918673302752,0.649659489044,-1.01643229295,-1.27330361406
35,28,2,3,0.329198809418,0.334879450969,-2.06194544725,0.255066429739,-1.5489520557,1.17665564932,-1.02720880635,-0.905243506526,0.315523933553
35,28,3,3,-0.685186796045,0.883687827185,-3.07966078161,0.760850861953,-1.37570332038,0.861444656884,-0.49997097327,-2.48140356473,-2.15080036594
35,29,1,1,0.163426953375,0.190175249636,-1.53775998823,-1.1765608416,-3.65082226982,0.429233574608,0.342752839123,-2.03581725919,-5.05546257935
35,30,1,2,0.713026390089,-0.288910037698,0.505469926716,-1.10643131242,-0.0386284702513,0.191091612606,0.188412313853,-0.364442013438,-0.424315122519
35,30,2,2,1.10846138233,-0.291132629023,-0.474162861835,-0.0995358541235,-0.0253880022946,1.06896003992,1.17029384092,0.511924609613,0.107731912707
35,31,1,1,0.754048297879,0.930240092434,-2.05818578939,0.688935872425,-0.562708079949,2.14944529918,-0.686816406406,-1.21084114624,-1.88302731793
35,32,1,1,-1.08972274842,0.812860479531,-0.283193134989,-0.454225286314,-0.0426158094606,-1.35246682139,0.85506904501,-1.77421639963,-4.16264198911
35,33,1,4,-0.04277656852,-0.0320975513718,-1.30575713202,0.391296289476,-0.934464323849,1.31072114893,-0.64562251293,-2.00083677149,-2.78428681187
35,33,2,4,0.116922529134,0.0384167145957,-0.212318476291,0.334656025302,-0.607955921313,0.977050085006,-0.302376475958,-0.736508878658,-1.63289947623
35,33,3,4,0.635739836275,-0.799512869935,-1.02931579869,0.372220800236,-1.07483346943,1.54941723999,0.869767501664,0.964323176435,1.0554709534
35,33,4,4,-0.58387817933,0.715326290186,-0.533257594061,-0.177699786433,-1.56429602704,0.845256641431,0.840092790359,-1.40773585639,-3.88899292197
35,34,1,1,0.452161967685,-0.0244638968238,-1.89035333837,-1.2174568709,-0.23944150975,-0.123939061563,-1.78408044517,-2.8627196145,-3.30237973631
35,35,1,4,0.135793468136,0.766773465111,-0.653896724904,-0.924887607026,-1.074595791,0.545043410662,-0.841699645622,-1.03437072346,-2.1573435444
35,35,2,4,-0.701460780273,1.38527814354,-0.190704604495,-1.53348178845,-1.38639261739,-1.13184815275,-1.00695166268,-3.30862817073,-6.18307836473
35,35,3,4,0.309892393501,1.01728805186,-0.2098986655,-0.319411112754,-1.05835020865,-0.890674449069,-1.10617313474,-1.49921349725,-1.93953779083
35,35,4,4,0.831825864228,0.515914932668,0.377791430624,-0.469473653464,-0.745763577292,-0.473253788744,-1.55773163753,-1.45586712368,-1.78508922896
36,1,1,4,-0.0788218486265,-0.419577284701,1.19555685908,-0.141251683186,0.686975009231,0.24772760953,-0.321045060782,0.234978659772,0.57109851547
36,1,2,4,1.33433339081,0.107863996347,0.64450290223,-0.182090815988,1.5360104443,0.662218279863,-0.274880152581,1.05953338085,1.51162923187
36,1,3,4,0.830373571977,-0.612646622141,0.190085788392,0.613096900944,0.665033769701,0.120172706749,0.0635752101337,1.8851713091,2.52717044793
36,1,4,4,1.20226135249,-0.0202543334673,0.604908596514,-0.263381055208,1.22539778547,0.63753275268,0.117499263694,1.24364432408,1.47350513433
36,2,1,1,-0.0781254652989,-0.302573746917,0.809895869689,0.483672771991,0.00659330132379,-0.638535097594,-0.41380639129,0.606434018678,1.40715875183
36,3,1,1,-2.04188610739,-0.154769857831,0.268505207707,0.785153825991,1.17034284815,-1.0716497317,0.938633138294,-0.892605685505,-1.48286107827
36,4,1,3,-0.862179560918,-0.57638127483,-0.0144838792254,-0.915056299338,0.564376472404,0.0420530719808,-1.64861795318,-0.981527116138,-2.46590103956
36,4,2,3,-0.212419400542,-1.01671259902,-0.978231593528,-1.00515911277,0.856229339887,0.60820431122,-0.800716215918,0.64455558433,0.407783741944
36,4,3,3,0.221577328888,-0.382778849005,0.345670648478,-0.698256485299,1.65094310685,-0.850690653614,-0.544465713873,-0.157895633222,-1.92810765185
36,5,1,4,0.172914918909,-0.993036861272,-0.432898178643,-1.0170924523,-0.0391741979246,0.778382619107,-0.519118309611,0.914576936762,1.40950906746
36,5,2,4,0.336787579277,-0.0646197552806,-0.312180081038,-0.398008903115,-0.212048117487,-0.276682943546,-0.601199552614,0.369991238002,0.231500468081
36,5,3,4,0.314910271271,-1.50437586418,-0.840910827631,0.225157674486,-0.363145994583,0.368445384243,-0.678958553929,0.370371515169,0.942002724544
36,5,4,4,-0.0657368179515,-0.969365853149,-0.934860030183,-0.728450923795,-0.336277640942,-0.277982424675,-0.420442401531,0.944785861277,2.09835599008
36,6,1,4,0.0802360165826,-0.477622080947,2.06677949353,-0.658244571357,0.324764753753,1.42861193416,-1.90367705154,0.657599424669,3.13899636345
36,6,2,4,-0.538754614899,-1.35264759681,1.65934225961,0.171161753298,-0.0802174576563,1.44909071201,-1.06848921547,0.0911799497117,2.36991001354
36,6,3,4,-0.0291631597124,0.160027086154,1.90774169248,0.0213405886677,0.566913831431,1.14734267933,-1.17351835129,0.474240628071,2.01410972873
36,6,4,4,0.716162138127,0.249186817843,1.8141873287,0.129502741644,0.0657309868345,0.585566193267,-1.54199716044,0.816793361183,3.18729532783
36,7,1,3,-1.17591227224,-1.95783418217,-0.320130562024,-0.464958234581,0.368211135988,0.28431052834,0.499568130557,-0.759869779611,-1.49310916632
36,7,2,3,-0.29052041385,-0.0812414892841,-0.754486307244,-0.210874369206,0.491390054256,0.488558551994,1.23057048461,1.47310552647,1.54566353391
36,7,3,3,-0.583429375313,-0.505788475688,-2.07938920106,0.646293391267,0.164691073519,2.15505916544,0.066910146089,1.70049491681,2.91348707476
36,8,1,3,0.962965313814,0.7824134239,0.325886503853,-0.455181780102,-0.886327969355,-0.46710788049,-1.07138062166,0.605572185806,2.65713112226
36,8,2,3,2.01260102609,0.637122503585,0.377332372852,-1.25963100089,-0.9505792556,-1.19225525595,-2.31676827803,0.100437343399,3.81358563932
36,8,3,3,1.26049744007,-0.534822528146,-0.636889048421,-1.02651634812,-0.47045180733,0.0567523763138,-2.02892679092,0.178648903162,1.91923440753
36,9,1,4,-0.47263442126,-1.55465460867,-1.10365984316,-1.10361177313,0.265915559247,0.773806123022,-0.0259429779834,1.20943943064,1.94987726949
36,9,2,4,0.134234842296,-1.59252945671,0.00706187131562,-0.866437365451,-0.238705182427,0.597067458912,0.994030170722,1.14313992485,0.731808418523
36,9,3,4,-0.236029191122,-1.26233164861,-0.626246161869,-0.577973233503,0.093194809639,-0.641162055732,0.0294236029862,0.309381938127,0.679631729174
36,9,4,4,0.844467430817,-0.961480218874,-0.240592389604,-0.981442104274,0.506972976525,-0.0855117005684,0.154173885318,1.17752747264,1.53855201044
36,10,1,1,1.16781417562,0.356673545884,-0.180590648489,1.26962467619,-1.65694360885,0.174442153708,-0.545468838504,0.552047763263,0.775393911222
36,11,1,1,0.483306292528,-0.630017153488,-0.378960221508,0.421896848093,-0.591296245802,0.0684202266508,1.74824600184,2.13535476066,2.92479545587
36,12,1,1,1.04693106368,0.133337349394,0.827164539377,-0.305702931369,-0.0927121793308,1.46048715156,-0.877732250826,2.19218085519,4.00943773684
36,13,1,4,0.0339631953914,-0.786081877629,0.285233875971,-1.29229934171,0.204476490148,-0.323495605568,-0.600965016885,-0.376444035002,0.986654200735
36,13,2,4,-0.0497664890423,-0.25574949282,1.60823629049,-1.21323854616,0.46657529689,1.10677278694,-0.729752003635,0.515769769739,1.72682006208
36,13,3,4,-0.0630550732791,-0.95681666205,0.543878926017,-0.862569662237,0.626518673345,-0.61056344926,-0.88385219753,0.106007905363,1.17571695706
36,13,4,4,-1.03500017312,-0.56511635473,0.331124875715,-0.888728177078,0.493820956459,-1.10034194789,-0.477785426759,-0.509960847864,0.700762210696
36,14,1,2,-0.58271147845,0.38374839758,0.62676105477,0.48808107078,-0.933851098646,-0.196046055757,-0.374583017952,-0.0477998615893,0.476233300939
36,14,2,2,0.240874644997,0.0304113233637,-0.23048557862,0.519789310195,-0.814007489436,0.340788984407,0.681859882668,1.39249831074,2.01127382894
36,15,1,2,-0.53199924632,-1.8852268189,1.05539935875,0.291560721227,0.124037739233,0.52518178181,-2.727436499,-2.55322944176,-2.79706241451
36,15,2,2,-1.04717199586,-0.176030265878,1.74784021638,-0.163078365919,0.170881969228,0.277474328714,-1.88679089603,-1.92945453485,-2.48609017646
36,16,1,3,0.79338242022,1.30158672876,0.5861039065,-0.239701706997,-0.534147003142,0.39944949226,-0.860248342507,2.22945446496,3.82367562221
36,16,2,3,0.268241554413,0.595105426502,1.60744785675,0.678625088515,0.352849042749,0.324303215423,-1.19093458057,1.83077975342,3.59376036138
36,16,3,3,-0.110173656326,1.08912020217,1.25883682824,0.115810979434,0.444825511231,0.628939933534,-0.452330195075,1.74864072668,2.46943274349
36,17,1,3,-1.41638985211,-0.96759934991,0.589034649359,-3.01087145818,0.170861485359,0.678647567658,-2.53055581726,-3.25021748186,-3.65703580395
36,17,2,3,-0.540423235022,-0.90155168196,0.529842010897,-2.54404509646,-0.0975811180808,-1.20799402154,-1.79337665615,-2.65682514892,-2.33142614393
36,17,3,3,-1.71312728821,-1.09660801274,0.299966250761,-2.573962846,-0.161885688494,1.08645744154,-2.03081046783,-2.74394987617,-4.05483617391
36,18,1,3,-0.416307799676,-0.826270616802,-0.898745479308,0.260841287891,-0.461716774809,0.158776455379,0.935941392768,0.0875534517573,-1.19136137399
36,18,2,3,0.543520799741,-1.93717819904,-0.058560154626,-0.511050199013,-0.675065715619,0.949171140931,0.796419807152,2.02554110604,2.78096517867
36,18,3,3,-0.965328781605,-1.00715038212,-0.709604869594,0.12416274349,-0.825347626633,0.0274360171415,1.6163602504,1.29116521278,1.82686434635
36,19,1,2,-1.64994515958,0.277623992312,0.665019482083,0.00239333056569,0.637432369246,-1.67413167856,-0.520586526566,-0.130131502715,1.7985499784
36,19,2,2,-1.35475400216,-0.209177112626,0.978927950265,-0.642381473954,-0.0598656456913,-0.643291275779,-0.703624821495,-0.371491100089,2.00979160573
36,20,1,3,-2.63203407903,-0.00695850409842,1.65754991638,0.132114489365,0.812186647382,0.392567593297,-0.700609284466,-1.38240127567,-1.84385846576
36,20,2,3,-1.22476888907,0.421616099491,1.2108047656,-0.100113284877,0.671435986252,0.688546693635,-0.612503759598,0.219956371466,0.122026711388
36,20,3,3,-2.05119738802,-0.330253102435,1.05317380971,-0.642202010601,0.917176391741,-0.436357905236,-1.28428643256,-0.912814686079,-0.432890758299
36,21,1,1,-0.867012322836,-0.0824041900247,-0.123536432679,1.30065402787,-0.330829930484,-1.11610801007,-1.7261507396,-1.59400594339,-2.36294114895
36,22,1,3,1.30652471264,0.092173549368,-0.720793903433,0.292410174659,-0.709629308236,0.905966626355,-2.97321160274,0.158911724546,0.622426962618
36,22,2,3,0.173350769004,0.0464305132333,-0.5888247722,0.434352924453,-0.036961767945,0.0498957365908,-1.98206242253,-0.756386983716,0.242044424783
36,22,3,3,-0.138692322843,0.249054710356,-1.28870067261,-0.488885268843,0.266264030261,0.737616752152,-2.28546739732,-0.295148211962,-0.27287579082
36,23,1,4,-1.21628687792,-1.67775722656,1.08133360437,-1.52329999562,0.152252666982,1.17495715825,-0.341050698208,-0.377264127746,-0.469647749782
36,23,2,4,-0.468309835427,-1.46347240982,1.1257648089,-1.28576238011,-0.621627662844,0.401704207415,-1.56719497486,-0.967705664637,-0.767544620927
36,23,3,4,-0.450800496585,-1.37346729969,2.1745839737,-1.20497917188,-0.334316024831,1.91327233772,-1.52962658704,0.335238018226,1.22838283867
36,23,4,4,-0.79803575992,-1.47401661374,1.7907671903,-1.05827928465,-0.467016044575,0.191063488026,-1.04399589583,-0.874461585695,-0.836453336177
36,24,1,1,0.238845822453,0.352630748409,-0.262479963181,-1.25475430946,-0.51407264959,0.221223558185,0.274602166551,0.543625092395,1.18697829209
36,25,1,3,-0.730204098624,2.02983703478,0.369823252584,-0.645884819306,0.409895338965,-2.35541751482,0.220069835292,-2.46825472071,-3.72564416686
36,25,2,3,-0.744288598009,2.87158481515,0.916950683022,-0.267601576031,-0.178958183321,-1.6917652843,-1.72277141611,-2.35829723211,-3.77712453028
36,25,3,3,-0.525298352546,1.58111843109,-0.341865370171,0.723165502935,0.352439803747,-1.09644214004,0.664747516908,-1.53724100364,-2.3519893541
36,26,1,4,-1.24456403705,-1.37930164299,-1.24928499857,0.155152553409,-0.544032340105,-0.223321304133,-0.456085509673,-1.00238198618,-1.00063943073
36,26,2,4,-1.64092188573,-0.791210397874,-0.499677308465,-1.2716493947,-1.1510059122,-0.410267596693,0.263816867134,-0.560306353389,-1.4477004881
36,26,3,4,-1.30308980552,-0.643301379376,-0.674904743888,0.277348952867,-1.58201638464,0.10645782776,0.222015715443,-0.979418642757,-1.31898075567
36,26,4,4,-1.34714871629,-0.371052157632,-0.551340882898,0.138864282927,-1.62269419205,-0.553315881142,-0.209695810137,-0.821061357576,-0.811528683702
36,27,1,1,0.578964025491,-1.41072398038,0.436486797399,-1.0556554782,-1.24168349545,1.24102049113,-0.242595303967,0.955718274618,1.67847448894
36,28,1,3,-1.3742815959,-0.180952837276,1.14432145051,-0.41155002732,-1.30818341371,-1.90495706482,-0.889810298112,-2.90334994267,-4.35426533367
36,28,2,3,-0.421332587385,-1.86648646795,0.162164069458,-0.586930802387,-1.37436067568,-0.79057846196,-0.458060161902,-2.33518624907,-3.06394392752
36,28,3,3,-0.797879782412,-1.00907131697,0.93457273456,-0.346644751202,-0.372355854287,-1.70734745838,0.192166942835,-2.1471078815,-2.65535886233
36,29,1,2,-0.355684591134,-1.25174187521,-0.161805929098,0.115311413179,-1.20052745555,-0.375033425582,0.70850494996,0.782585594926,2.02751113527
36,29,2,2,-1.70567406036,-0.95460542025,-0.478321837629,-0.341279789893,-2.66144091508,-0.843879950188,1.71884418745,-0.237312909972,-0.72337684709
36,30,1,2,1.37680452096,-0.253917171634,0.723577250478,0.839907705869,0.546632852534,1.57547042449,0.344453073197,2.791585758,2.93250595446
36,30,2,2,0.365832468484,0.0838260542721,0.848884923311,-0.140731668526,-1.00035634621,-0.0213489897152,0.208804770932,0.632964639783,0.441707092849
36,31,1,4,-0.907262848284,-0.315362261996,-0.520721295002,-0.0130127915321,0.364486284752,-1.50759331293,0.611718573094,-1.79586840163,-2.93059843948
36,31,2,4,-0.176275493547,-0.104853103558,-0.649119515513,-0.602493780034,0.495624233202,0.156559983041,0.586526236995,-1.69954264253,-2.85620962754
36,31,3,4,-0.698364326037,-0.368906337873,0.298326350232,-1.03600546969,0.353700426891,-0.90768388316,-1.31515086813,-1.72530628216,-3.18178386852
36,31,4,4,-0.335278098182,-0.159719700139,-0.446973987132,-0.498618703205,0.297685545048,-0.795426216532,-1.59087852699,-1.73220387401,-1.83205104784
36,32,1,4,-1.37332622376,0.993957364893,-0.840819765686,-0.450373611289,-0.753039214174,-1.79529972606,-1.46118434009,-2.29600234067,-1.77448164886
36,32,2,4,-1.55572989696,-0.351567579283,-0.0114033386124,-0.617561639304,-0.564826776061,-1.66756402986,-0.28572270738,-0.594247436765,1.09135742227
36,32,3,4,-2.61993846765,0.131765992753,1.13726711563,-0.507953000252,-1.26271000305,-2.13287240207,0.265706079819,-1.81844709068,-2.10449362351
36,32,4,4,-2.45229521308,0.17210606228,-0.34963720989,0.0500795357254,0.0428436534571,-2.7748555263,1.19884517263,-0.533759854243,-0.200118429536
36,33,1,2,0.124388714008,0.672326998082,0.471581373207,-1.10503484693,-1.2337319371,-0.703584575475,-1.06502725456,-1.00236697247,-1.19683927457
36,33,2,2,-1.60789227016,-0.500070383308,1.16582511353,-1.04118044959,-2.27991741464,-0.336431837428,-1.15744118369,-1.35115010345,-2.22620390467
36,34,1,3,-0.0566175991112,0.399955019273,-0.217357565752,-1.05698901922,-0.0911056573667,0.127004813586,-0.428555952313,-0.930245272403,-2.66403125327
36,34,2,3,1.16867663866,-0.0404130491576,0.0428577114881,0.201604524189,-1.27040939662,0.596651682449,-0.241798274534,1.40327869752,2.23319629081
36,34,3,3,1.01481227883,-0.0827359093791,-0.2435606346,-1.05807668681,-0.223798379398,-0.211963664812,-0.701265533609,0.167868005116,0.397277648991
36,35,1,4,0.297439078203,-0.533672950471,1.76342380326,-0.586816811005,-0.456707975854,1.36320223758,-1.46579985308,-0.601495214074,0.648835499862
36,35,2,4,-0.283037720061,-1.11900609492,0.804394156909,-0.904291927466,0.25517257391,1.96074569991,-1.92156257884,-0.740727547544,-0.142363584923
36,35,3,4,-0.915689998516,-0.0536874297419,1.85254983618,-1.02071817513,0.46204776389,1.34548587119,-2.23307990664,-0.312644793479,1.27136166627
36,35,4,4,-1.81037680843,-1.06072202553,2.42913607508,-0.912204629309,0.270635287594,1.33817404954,-1.81198755209,-0.742029251968,1.58415465932
37,1,1,4,1.11051448352,0.6615580894,-0.436917900134,-0.306951959977,1.54215393324,0.434104503622,-0.241814737118,0.126569043402,-0.828081441946
37,1,2,4,2.14231462323,1.24581195639,-0.204751405083,-0.0837186571651,2.1001039258,-0.0956719656887,1.08446102958,2.30528998856,2.61358031676
37,1,3,4,1.02303862453,1.81988737809,-1.07505766477,-0.397257817446,1.68762300205,0.894071410126,-0.854592422338,0.0953223795186,-0.383618083261
37,1,4,4,1.03608083278,1.51846404991,-0.986860345294,-0.0779802427689,1.41572183757,1.10510157592,0.581280989099,1.74213125123,1.44850245295
37,2,1,3,0.925286746485,0.144748672641,0.805785891218,-0.0944804278912,0.582980200831,0.871178140094,0.531143690794,1.77679769833,1.09942014637
37,2,2,3,2.30986601662,0.221028216398,1.36496090491,0.718598913313,0.467371850762,1.54313488503,-0.675359286802,1.89304680575,2.46943818174
37,2,3,3,1.06930838023,0.94951935008,0.753130448385,-0.15563173834,0.257906373896,0.349780760525,-0.101544475847,0.607394004,-0.228884787561
37,3,1,2,0.453752218137,0.501542826283,1.06622437898,-0.950525241711,-0.365603745761,1.66850058152,-0.342903438903,0.798664386912,0.0995800142395
37,3,2,2,0.0311441599082,0.850932354558,1.34830183224,0.113483348133,-0.19188388508,-0.0571653342728,1.00950381366,0.460385198769,0.463080385517
37,4,1,3,0.567625414422,-0.430646870239,-1.47553868872,-1.18565778958,0.11479430158,1.73209267724,0.779628360334,0.95721593177,0.824907709938
37,4,2,3,0.579471579242,0.466070725841,-1.80001247077,-0.53780271611,-0.289756246098,1.54408773039,-0.0372610648614,0.651526523401,0.912665277769
37,4,3,3,-0.138370397005,-0.156791455188,-1.35485655,-0.0676616831996,-0.441528722685,1.1251634811,1.60813770411,2.10950747233,1.40371896021
37,5,1,1,1.00473163386,1.89869335669,-0.627163792547,0.475360156319,1.38992167561,-0.407401311366,0.339223165607,-0.472403747961,-1.70430016022
37,6,1,2,-1.24218619,0.566094386117,0.247271298325,-0.515681024973,-0.163710399474,-1.13876937702,-0.567778620023,-1.27489093843,-3.40888265809
37,6,2,2,-0.282246804925,-0.399722541872,0.192493450539,-1.49237331377,0.530530071346,0.897552663566,-0.623912206054,0.259516209175,-0.552465279814
37,7,1,4,0.85771930269,0.190244233441,-1.34750353462,0.187262524149,0.296987164257,0.945758701046,-0.344134028644,1.96589589569,3.48997615862
37,7,2,4,0.988337141681,0.483892753703,-1.06917929086,-0.252440245568,1.20948712359,-0.174302682602,0.0078698866862,1.05024664503,1.17228090783
37,7,3,4,0.79315132623,0.863070769249,-0.774291298233,-0.426673923347,0.865608885261,0.444996869385,-0.113572021327,1.25610676669,1.47108895759
37,7,4,4,-0.331328510538,0.0286644547689,-0.573719492128,-0.107302861449,0.236459608264,-0.0982515294656,0.00370690205942,0.366324748497,-0.257600985905
37,8,1,1,1.35104317652,0.458770464397,-1.61982148274,-1.10472208806,0.494314791544,2.89838609894,-0.600360127363,0.480447343259,0.788821049761
37,9,1,3,0.0446041134231,-0.0915179935047,0.722298714434,-2.22173563092,0.186078211702,1.73265096142,0.715182057377,0.338220799517,-1.19445914929
37,9,2,3,-0.0148390654702,-0.510061603459,-0.0672872909135,-1.97095627171,-0.977369362546,0.978495284804,0.565589713506,-0.726306595736,-2.3971689899
37,9,3,3,-0.204647189047,0.224128767335,1.12099565312,-1.85790912022,-0.747542688826,0.95921802216,-0.040701415926,-1.71351707029,-3.98484284337
37,10,1,1,1.76899351445,0.727826173072,-0.631791229127,-0.371397367563,-0.351721010482,-0.294078259052,0.00283285494236,0.0276912238849,-0.00243092206459
37,11,1,3,0.349125296396,-1.28124099524,-2.62577947653,-0.314596963598,0.90756870653,2.35844597086,-1.03125935074,1.67583707329,2.74969711887
37,11,2,3,-0.218152203412,-0.455803318024,-2.42943435294,0.834081624759,0.229357797708,0.651930883998,0.0326100207986,0.200891859841,-0.0653911266847
37,11,3,3,0.418824836043,-0.233595653204,-2.23011964794,0.229136287136,-0.704829322435,1.01443443763,0.0409728926438,1.74214713608,1.54385221792
37,12,1,4,1.44299497118,-0.743222023848,-0.431672278747,1.6529843308,0.436603940101,1.81413170148,-0.736150687285,-0.0419617156792,0.027786490859
37,12,2,4,0.195700091958,-0.605109758802,-1.00250536296,0.915067564331,0.0447257039383,1.4408253991,0.523984725223,0.509785993713,0.383175887032
37,12,3,4,1.21722873907,-0.917810712661,-1.22068385427,1.07740812677,1.03307276381,1.88323543913,-0.548069389232,0.989237998015,1.22082163352
37,12,4,4,0.0839520079939,-0.26539197152,-0.98975011643,1.1031829155,0.972937188373,0.686172613076,0.531011053193,-0.116332824573,-0.646070121106
37,13,1,2,0.425765946323,-0.701153440026,0.467866224972,-1.33622114895,-0.117821106367,0.268048835005,-1.55463245735,-1.33446736735,-1.85299959032
37,13,2,2,0.364548051924,-0.797595572198,0.497213010989,-0.782930883454,-0.454716262618,-0.0794600563729,-0.322723163868,-1.5228503236,-2.49211045768
37,14,1,4,-0.969215013184,1.53917643971,0.240586272724,-1.43981745801,-0.803845507208,-0.127211964276,1.19405997917,-0.415287671477,-1.8688001875
37,14,2,4,-0.599853257215,1.5058881509,-0.0544708628295,-2.61043944017,-0.0608596668842,-0.152891506239,0.623151164731,-3.34432744515,-6.08919074484
37,14,3,4,-0.937534615476,1.13418551574,-1.58220853092,-0.321755080307,-1.06316116429,0.311144278357,1.70347853471,-0.727037516455,-1.54733055692
37,14,4,4,-0.519886607903,0.850627858896,-1.1634498269,-0.8393454458,-0.296173289691,1.71638318561,-0.225140779547,-0.732784706788,-1.72465679604
37,15,1,1,-0.462501468956,0.152997414461,-0.527398561535,-2.0392294314,0.308905095276,0.188235640664,-1.20167219676,-1.88221598748,-3.43212660348
37,16,1,1,0.62502349231,-0.0755610969094,0.349031878956,-0.0215949269575,1.2549611021,1.4032872133,-0.151353752312,0.722275667271,0.813032761789
37,17,1,2,-0.235433981959,0.423783823844,0.237307961845,-1.92649169649,-0.0751963196973,0.507068026763,-1.30125051326,-0.904989725148,-1.51342045723
37,17,2,2,0.00383991881266,-0.00180792284413,-0.959408780033,-1.54030103439,0.451763033265,0.30749341488,-1.19899498971,-1.16619841143,-1.52514480499
37,18,1,1,0.180481544128,0.545191339516,-2.02773486524,-2.6916814494,-1.88511158509,1.01752782173,-1.19464793493,-1.64042039684,-2.63219324207
37,19,1,3,-0.821011739813,2.15795752461,0.346298111542,-1.51113060223,-1.06212214546,-1.88210946418,-1.59988515778,-2.67854953191,-4.42008771487
37,19,2,3,0.0132212392693,1.65589406193,0.633222485827,0.01432562237,-0.329388335911,-0.688077809463,0.356258439752,-0.48371428515,-1.02842319454
37,19,3,3,0.249631934019,1.8193199279,0.353938158256,-0.691569023881,-0.409495083129,-0.599272173661,0.772838147668,-0.379415754717,-1.82823883815
37,20,1,4,0.349711053017,1.33791891971,0.853420732625,-0.181150777096,0.176951715451,0.513094373535,-0.487930498151,0.952996202035,-0.288555027021
37,20,2,4,0.46649011999,2.54241096521,-0.153583314434,-1.11945520926,0.678320020118,0.261411260829,-0.35179442941,-0.939143426999,-3.36856613287
37,20,3,4,-0.230564870262,1.56327080832,0.486236290527,-1.09421792371,0.603250478152,-0.190146121528,-0.137849458071,-0.0966053604324,-1.68926700986
37,20,4,4,-0.663298760493,0.631769629195,0.448197217551,0.167638847586,0.161132974025,0.018755917198,-0.243044060683,-1.19249086884,-3.9149947792
37,21,1,3,-0.820142097223,0.457646112762,-0.845904872608,1.10858483941,0.207201408769,-1.04707280933,-0.540230475904,-1.52760886152,-3.83604324959
37,21,2,3,0.396485325414,0.525637973943,0.0649938332815,0.472548643734,1.13666027818,-0.223232809935,0.189954610972,1.91347704404,0.861106107265
37,21,3,3,-0.00276837543934,0.523109623605,0.524607272643,1.37407468366,0.699558801355,-0.0360165610763,-0.56220206165,-0.343631618246,-2.18104135942
37,22,1,3,1.15254375402,-0.295854010977,-2.50226129868,0.542708105167,-0.591714413405,1.0691575815,-1.13084173849,-0.416472035715,1.09611807408
37,22,2,3,0.835203496393,0.759221685474,-2.41077633191,0.246266780412,-1.68564071551,1.26780785538,-2.01732045653,-0.901540937592,0.0749683243463
37,22,3,3,1.39461288621,0.671046316259,-0.743315184543,-0.408624531589,-0.905442386866,-0.765765382676,-1.12454252283,-2.0825692303,-2.38941847083
37,23,1,2,0.38090242951,-1.27428848073,1.46892146647,0.0658196715075,0.0737499173737,2.07769900207,-0.440056394006,0.953447364011,1.76970283457
37,23,2,2,-0.278447277362,-0.421582450456,1.31434819725,0.520776029181,0.124341029216,1.07295563496,-0.412823632297,-0.696325253031,-1.71619212826
37,24,1,2,1.00379724586,0.334012565173,-2.06510480024,-1.353606815,-1.09934659318,1.20110883511,-0.872363524117,0.766333491383,1.42443279545
37,24,2,2,1.74496706333,0.705829627347,-0.853479803274,-1.95186727099,-0.494003018635,-0.209333015172,-0.835987218264,-0.637323540343,0.0873275099367
37,25,1,1,0.346402859146,0.713183811103,1.17313148222,-0.106988631197,-0.256252334241,0.0778246986095,0.492368908779,-1.07980140434,-1.76541461352
37,26,1,1,-0.0446648136097,-0.15156200536,0.301436996102,-0.208685009706,-0.18112940383,0.500053102432,-0.434446229416,-0.257500093702,-0.0853160784783
37,27,1,3,-0.367194773836,0.115131246032,0.203973396398,-0.382019548598,-0.432025732757,1.1858823103,-0.419228595945,0.705911965791,0.318713081658
37,27,2,3,-0.839395794633,-0.310434214648,0.192158433577,-0.720979952786,-0.297652245499,1.14276975694,-0.886636684163,-1.57029007727,-2.84569765524
37,27,3,3,-0.647891435998,-1.00233863175,0.0330283836965,-1.27436487732,-0.647505696704,0.900734202882,0.672363818138,-0.246377965733,-0.869031927571
37,28,1,4,-0.15533523526,-0.694136323784,-0.896060564264,-0.176676084665,-1.39216290844,-0.932688687806,-0.839506730259,-2.17639589579,-3.04923702512
37,28,2,4,0.294790715155,-0.505693126455,-1.43973511481,-1.24017563272,-0.32572312036,-0.898870645886,-2.77919017694,-2.68286981874,-3.51874418358
37,28,3,4,-0.107562168709,-1.15734283051,-0.0409452396882,-0.44468612915,0.856091909171,-1.76745126645,-1.87551251112,-2.98788225858,-3.93745092679
37,28,4,4,0.528299248847,-0.652466134515,-0.148012789629,-0.100201065927,-1.07454701927,-1.80982785901,-0.224345374594,-1.06846580372,-1.55711641735
37,29,1,1,-0.4968021307,-0.114876559714,0.404109674547,-0.672494054711,-0.644337416746,-1.40490867489,0.361040945138,-2.77552266384,-4.40094959571
37,30,1,3,-0.049162895609,0.812072698625,-0.221881887622,0.501207749286,1.80381045526,-0.892864105414,2.58551531714,-0.0142179581288,-2.11348386679
37,30,2,3,1.19428954531,0.269500950544,-0.442629597107,0.0896374563796,1.28987394314,-0.717621314922,0.924869332618,-0.783151216327,-2.07761202749
37,30,3,3,0.143593018769,0.294405233193,0.170644052065,0.2342314249,0.52291002684,-1.22248830854,1.40376586097,-0.280412628496,-2.32550718233
37,31,1,1,-0.674823551633,-0.126840741971,-1.43390855542,-0.182281346792,-1.02311880739,0.294549818678,-0.23852736098,-1.92519921853,-3.72739354991
37,32,1,2,-1.08165936125,0.476917970114,-0.496007802712,-1.54261123209,0.020822400665,-0.842849066557,-1.20179473162,-2.27041149671,-2.04305685389
37,32,2,2,-1.52377809271,0.430435688664,-0.3975581313,-0.690219958745,0.28641294645,-1.54264475955,0.273149758324,-1.5916397364,-1.53825950462
37,33,1,2,-0.654666722206,1.5028943544,0.224619314931,0.581309702543,-0.580389839467,0.672950541771,0.599462586733,-1.22543745808,-4.11841746211
37,33,2,2,0.284428856631,0.208780286876,-0.643780460366,0.0771905578215,-0.4794299276,1.09910723676,0.0171586672389,-0.725374581833,-2.01077250024
37,34,1,3,-0.376689786312,-0.301196184577,-1.79792048814,-1.64356157594,-0.796298392155,1.66082428746,-0.769981461732,-1.23178244734,-2.66359505979
37,34,2,3,0.0376388230173,-1.16045651032,-0.957443826268,-1.54124394539,-0.395769742867,1.12810261662,-0.922290651572,-0.746583607264,-2.02100692361
37,34,3,3,-0.0111228196745,-0.5445613566,-1.95152213891,-1.73403587834,-0.142996472084,1.4951010078,-1.13474307837,0.20125777072,-0.0736831994105
37,35,1,4,0.219803813947,-0.690412616337,1.18716780404,-0.66337249951,0.977640866579,0.677993519676,-1.14162468216,-0.743203205705,-0.60484258958
37,35,2,4,0.738100314392,-0.617252787042,0.07626976384,0.0859130501838,-1.17868470938,0.0634669378986,0.347601708157,-0.733069892272,-1.59851059291
37,35,3,4,0.641896701195,-0.666668014594,0.917840090218,0.44120351978,0.0274552539005,1.0068917948,-0.275418053872,-0.751397154125,-1.46017595084
37,35,4,4,0.85119859722,-0.209961144599,-0.0476837452338,0.527383736623,0.526847069675,-0.474083151689,0.18618608236,-0.550507419631,-1.69331149976
38,1,1,3,1.00408942004,-2.10924481843,-0.732456062634,-0.992457721909,0.847873971837,-0.403799642915,-0.806890063737,-0.303495681133,1.79545983576
38,1,2,3,-0.016947632637,-2.15340150951,-1.13149856085,-0.858234074789,-0.190406960016,-0.609414790253,-0.518004868525,-0.480018384763,2.45344822727
38,1,3,3,0.381713425599,-1.51746702079,-1.68183003696,-0.651532321992,0.417608839222,-0.0647610216941,-0.857121249171,0.212322863558,3.1126947375
38,2,1,3,1.20149818321,-1.41209210069,-0.0917922351824,0.227210874624,-0.664522883968,0.840427477757,-0.178727807091,0.259110794424,1.5000970409
38,2,2,3,-0.0631060058559,-2.12840434893,-0.457806380091,0.250383068041,0.267586209867,1.4862598482,-0.846920440475,0.121204380087,1.41129828653
38,2,3,3,0.54562535512,-2.28142774053,0.0436897054367,0.27182955065,-0.424483533316,0.0817420063358,0.100762321196,-0.562355179241,0.0403432875606
38,3,1,4,0.698475611862,-2.19827623007,0.14405913293,0.902416527495,0.999674693813,2.79128073403,-0.631957481305,0.794250490885,0.93693894542
38,3,2,4,0.594641368668,-1.62691288869,0.208455265355,0.769994144432,0.187379198727,1.57193700738,0.590434379423,0.33925567489,0.817510058424
38,3,3,4,-0.672044976749,-2.32906549874,-0.236962376622,0.09310279441,0.730477361723,1.32776566836,0.10475118247,0.462385167639,0.786649356962
38,3,4,4,0.0554756599487,-2.62401113194,-0.0893864165121,0.00803740358247,-0.140928716005,1.21995339031,0.233443885585,0.172962406928,1.20190516109
38,4,1,4,0.945698202174,-0.694759183645,-0.913740486695,-0.517247611381,2.20391791137,1.16149311149,-1.00264520901,2.13594261983,2.84597707053
38,4,2,4,0.644306172903,-1.70041677669,-1.19636736275,-0.979423514083,2.01927597846,1.88552000651,-2.56129965652,1.75682377989,2.62755906585
38,4,3,4,1.48957016217,-1.30628790185,-0.219943615951,0.309168045117,1.80616812611,2.38517452842,-1.42031680475,3.37029705655,3.93162250937
38,4,4,4,1.61594934862,-0.918042981872,-1.21364974952,-1.03569224309,1.55782628181,1.75176214048,-2.10411443835,2.46161753025,3.54136392817
38,5,1,4,-0.40824599485,-0.589774136333,-1.03423071143,0.0394615145778,0.801138045937,-0.933136296418,-1.94741117809,-2.42189035352,-2.08309574353
38,5,2,4,1.08433309237,-1.44698234372,-1.38587015384,0.88150598925,0.323931904856,-0.20143528708,-1.23691122217,-0.383507630299,1.23329805191
38,5,3,4,-0.663357863604,-2.20698742812,-1.6515165362,1.13601873466,1.05783091696,0.0256611669426,-0.444279685079,-0.485474545163,1.11435795276
38,5,4,4,-0.687151449028,-1.37717615089,-1.62295571168,0.483671268311,-0.0890984042695,-0.991708006968,-0.471486941743,-0.93222851822,0.729604033633
38,6,1,3,0.0155599778732,-1.52754231121,-0.0468740201201,0.315237793296,0.0845899203308,0.451487168855,-0.0462988616444,1.15886921911,2.51620364809
38,6,2,3,-0.275685623199,-1.93494357428,0.919881089222,0.403443468364,0.355134798343,-0.257799449154,-0.116690336868,-0.159945029996,1.54181104871
38,6,3,3,0.849925639589,-1.21391359054,0.76504532947,0.509656805204,0.516729795594,0.0792754144961,-1.04385242461,0.88434166289,2.26340877337
38,7,1,1,1.08632079736,-2.76288686915,-0.429777395485,0.569953237518,0.652856043727,1.61465369721,-1.38583190916,0.201747291852,0.598887951096
38,8,1,4,0.321002123836,-2.09814439778,-0.570126863401,0.406285290759,0.725422976171,1.62282973435,-0.215019733294,1.6986001264,3.33200088033
38,8,2,4,1.95358823421,-2.44473152046,-1.04481108323,-0.514818146794,-0.26184013444,2.76933277832,0.751415937579,4.27819039825,7.26177699881
38,8,3,4,0.931282276652,-1.60047259292,-1.26012182033,-0.323560689275,-0.182151875106,2.52703142999,-0.282782740225,1.65402308897,3.18329172554
38,8,4,4,0.398120959057,-1.74965748199,-0.658686914138,-0.0762053673296,1.07019768561,2.29175166053,-0.995713736995,1.651402185,3.10521324475
38,9,1,3,0.876445188312,-0.209332835979,-0.0783737823269,-1.5425753915,1.27322525175,0.918188229458,-0.197207333635,-0.270695946229,-1.84195404608
38,9,2,3,1.75282017771,0.117746864939,0.198579559547,-2.48904330502,1.96674695044,-0.276692218969,-1.04817968843,-1.09185123902,-0.826428757376
38,9,3,3,1.38882705687,-1.18938179646,0.0187235737,-2.62178985958,1.57911996011,-0.0350840736353,-0.485196846867,-1.40708054794,-1.54950426867
38,10,1,1,0.383128092974,-3.0832670905,0.546019592429,-0.00194058161981,-0.458094110733,0.579035052158,-0.129300125707,-0.690469324682,-0.316990182646
38,11,1,3,-0.638083517637,-1.50759024753,-2.23786766622,0.189168610083,1.32440600043,0.158716932785,-0.421645624222,1.62528613236,3.447402535
38,11,2,3,-0.0368828846886,-1.66440654354,-1.86484534182,-0.190286044879,0.552465604282,0.696054863886,-0.54156260589,2.32460749735,3.94768236286
38,11,3,3,0.33492274949,-1.60560113522,-2.87296739185,-0.0402567709413,0.426163189969,1.3708545685,-1.14238900205,1.67296438089,3.86224633643
38,12,1,1,-0.706452645838,-1.46191221216,-0.883882733834,0.0575944951479,1.30617768123,-1.06172022546,-0.981007292192,-0.90173439427,0.399220224929
38,13,1,3,1.0003408088,-2.24542560002,0.0502283970148,-1.70283776346,1.09632283834,-0.377075857941,-2.67109200194,-2.70631029455,-2.09746929738
38,13,2,3,0.927852287379,-2.76121987292,-0.322526989276,-1.63387241077,1.46037847965,-0.0377388201239,-2.93319534195,-1.16992250522,0.067772439371
38,13,3,3,1.07359831327,-2.40830085094,0.870481625402,-1.27586388263,1.84968105799,0.145862077185,-2.02807765781,-1.54157284838,-1.31675594517
38,14,1,1,-0.081117071646,-1.48360304384,-1.02731194484,0.0415067426298,-0.426204287118,-0.424332790684,0.707927895072,1.75159755963,4.14196097179
38,15,1,4,0.941013290684,-1.44143153253,0.968241729071,0.535158292309,1.78913796945,0.213172750884,-2.66696396982,-1.69199909989,-1.49814637526
38,15,2,4,1.00049542159,-1.82315616927,1.22817240074,0.105127718086,1.09964456996,0.38372192718,-2.67352685521,-1.26600151882,-0.0772680941361
38,15,3,4,0.667271591727,-1.66958177208,0.333289165584,-0.271563220191,0.583063666407,-0.106609095711,-2.52729034964,-1.79482853077,-1.8245295327
38,15,4,4,1.04926106062,-1.72556992333,-1.40767384966,-0.210492296024,2.04945310485,1.06775598063,-2.25848012941,0.237815762326,0.611161949745
38,16,1,3,0.220581391277,-1.48191955591,-1.03457480429,-0.439083825312,1.2582472781,1.6141687242,-1.85215058756,1.85536821287,3.45860267428
38,16,2,3,1.04871924016,-1.78882408982,-0.744698786384,0.323276416459,0.754210186941,0.785134340744,-1.1251060147,0.538744193926,1.67343302981
38,16,3,3,0.133720498428,-1.63016368117,-0.196195469057,-1.01847714636,1.49473262876,0.339800992618,-1.27029797763,0.698294908945,1.72941068125
38,17,1,3,0.902446896944,-2.26560893523,0.270827982457,-1.02255781648,0.959108061221,0.936050638625,-1.76246029061,0.495748135502,2.47883762652
38,17,2,3,-0.103138441099,-2.29482094169,0.570935706557,-0.432228498971,0.866207236792,0.324441674767,-1.7211005192,0.762141109335,2.85473798269
38,17,3,3,-0.241684128112,-1.25066836801,0.569332015911,-0.775888732249,1.11694666335,0.462109851319,-2.17406301677,-0.0149963200268,0.292557816946
38,18,1,4,0.00713638343001,-0.366629113926,-0.243600368793,-0.677660031941,-0.0221800204087,-1.28328392767,-0.189257400544,-1.5017403456,-1.98873067487
38,18,2,4,0.0704438383097,-0.502857989787,-0.13268853171,-0.779794408844,-0.117450564219,-0.895498315714,-1.39909527311,-2.83477966708,-2.75845902594
38,18,3,4,1.09698620033,-0.106419207033,-0.681812823489,-1.45437195596,-0.679187718628,-0.391515179096,-0.696289897326,-1.73789262523,-1.84501415978
38,18,4,4,0.786546892405,-1.3996820433,-0.342802993288,-1.14154688749,1.0693371533,0.535571370195,-0.462622305928,-1.04111399881,-1.50818165685
38,19,1,4,-0.73968092889,-1.05063171823,0.206276775633,-0.136589513937,0.931271834049,-0.842466220624,-1.92150754485,-0.0245404498592,1.42521980349
38,19,2,4,-0.995250683608,-0.969958275081,1.24285958352,-1.08280706114,0.686049682797,-0.640809694552,-1.19319931813,-0.559731058961,1.06897684453
38,19,3,4,-0.0207101156107,-0.343465944679,1.2607258311,0.178099778714,1.0608788616,-0.844049066519,-1.92232850411,-0.215991017746,1.96834013696
38,19,4,4,-0.205588242346,0.157968594303,-0.0362379499452,-0.521002778496,0.96884730064,-1.42877073022,-1.23703322744,-1.36571068618,-0.387015979067
38,20,1,4,-0.132138107975,-0.0529316078075,0.581139902903,0.17954253676,0.955318121548,0.270129636836,-0.375290752902,1.25684773994,1.43301487963
38,20,2,4,0.611922348196,-0.196673271231,0.266734433341,0.275991234102,0.014719772145,0.594477952622,-0.631407098064,0.242548951241,-0.00475291135464
38,20,3,4,-0.430644978597,0.785773951871,0.743295796653,1.56722535385,0.00651582477144,-0.119835133481,0.00310049835746,0.78293412013,0.331331630592
38,20,4,4,-1.35470280356,-0.201401118596,0.246772353859,-0.361078584508,0.21841711232,-0.721357706133,-1.87352531102,-0.457578703659,-0.893531615464
38,21,1,3,-0.726873676268,-2.56774688935,0.599619242846,0.341333048894,0.677828842491,0.535899855839,-0.704595224164,-1.16897891237,-1.30237834938
38,21,2,3,-0.346882682715,-2.72123559486,-0.323271043251,-0.280561787354,1.05178820686,0.831792830783,-0.548003958855,1.4512939591,2.31173892828
38,21,3,3,-0.969351906064,-3.28314770663,-0.186021360442,0.413029010557,0.474922979057,-0.177723358048,-0.202485571426,-0.0680810520003,0.876813131784
38,22,1,3,0.802857484939,-1.83677586265,0.531860004654,0.221221802357,-0.472981820608,-0.148073372121,-1.22171801846,-0.921191349591,0.588980544922
38,22,2,3,0.480903339587,-1.73790854952,-0.286529612121,0.820529372487,-1.16441441368,0.35288580109,-0.267786295092,0.123920757637,1.26314534116
38,22,3,3,0.43878623113,-2.0196065552,0.411431578613,0.956757095444,0.0221471491664,1.13610719255,-0.423611022053,0.0623628323377,1.53985685433
38,23,1,1,0.320698118941,-2.23774694176,-0.217882813495,0.257399374465,-0.675596701762,-1.63922031342,-0.251826666629,-1.81374456005,-1.14492715777
38,24,1,3,1.79927072748,-1.20177323839,-1.34309508546,-0.881026533714,-0.154351243183,0.366405628311,-1.95729492422,1.00016416478,2.58601740584
38,24,2,3,0.808399072483,-1.74983468105,-0.613782320729,-0.003836022027,-0.859355694524,-0.556313196973,-1.57291204698,0.505684484282,1.76197796892
38,24,3,3,1.41239418584,-1.94531847055,-1.6448233025,0.467078858644,-0.386804663709,0.748118951015,-0.878751610917,2.69583580117,4.29781402095
38,25,1,3,0.715545840619,-0.85473358842,0.00917937287102,-0.0854973261335,-0.300716451649,-1.60559701683,-0.927946349496,-2.60557352497,-2.3741794066
38,25,2,3,0.0475571766682,-0.169824987288,0.0492962441699,-0.16320518445,0.0603012300584,-1.82995620177,-1.43042117039,-2.47648142664,-2.42643447243
38,25,3,3,0.0907506893158,-1.58973687092,-0.139612725723,-1.01783731967,-0.201081158941,-0.596665022225,-0.820427400483,-1.94958043984,-1.7745233628
38,26,1,2,-0.604810446846,-1.79470021522,0.855953898695,-0.488045337027,0.789277535939,-0.219184989234,-0.663652624602,-1.40279309997,-0.0893898074141
38,26,2,2,-0.689986698238,-2.59293172818,0.378490096981,0.532396452935,0.82043529156,-0.158916721415,0.412581328306,-1.17206769289,-0.508527884328
38,27,1,3,-0.0681814679146,-1.18387820172,-0.650688346804,-0.115542590306,-0.144456568468,1.96733266336,-1.55248852771,1.65247357162,3.33473449687
38,27,2,3,0.036872269817,-0.670306228325,-1.17168329147,-0.487704458874,-0.379089360853,0.675045781839,-0.994327594797,1.65359783724,3.36318612182
38,27,3,3,0.00789463007764,-1.52681414543,-0.519912223747,-0.463288744939,1.09886873923,1.44225505871,-2.11850921308,1.70429642074,3.87710049538
38,28,1,3,-0.220326021905,-0.115726641386,-0.554698523253,0.189524597793,0.0669389567093,-0.541552175221,0.179769080629,0.270145335468,1.31182860425
38,28,2,3,-1.21562555151,-0.45267730825,-0.627064174189,0.854916108973,0.776157438807,-0.566217045841,0.336157923286,-0.550168046718,-0.869026538106
38,28,3,3,-0.559718431691,-0.548640833727,-0.978839321922,0.146817665197,-0.480725782838,-0.417183102864,-0.514298432242,-1.2205110848,-1.28269383468
38,29,1,2,0.273245275113,-2.38684811972,-0.794039549184,-1.18592443397,-0.349053053541,-0.90881757822,0.178904196727,-1.21867545869,-0.0189379775726
38,29,2,2,0.872336227162,-2.55639979234,-1.9496042171,-2.02312031989,0.21810752228,0.462624723641,-0.991191950518,0.330840395625,2.45129915054
38,30,1,3,0.191874423227,-1.59927879204,0.304562452588,-0.360103613057,2.70970148582,-0.888141260483,-1.32442695605,-2.16525221908,-3.84956097864
38,30,2,3,0.523071803708,-0.648244934468,0.0506590882138,-0.336684469605,1.21463248593,0.081607453612,-0.826532882637,-0.313161676223,-0.590354532138
38,30,3,3,1.52017303988,-0.138231534451,-0.213694290011,-0.318571590415,0.743096940618,-0.130457868479,-0.436148934528,-0.21458325634,-1.08867881747
38,31,1,4,-0.607169469145,-1.24107777492,-1.09266329495,0.640410021141,0.410496959333,-1.4062260152,-0.515055797791,-2.70298912528,-4.42512967188
38,31,2,4,-0.61347795553,-0.969583220735,0.0167498445498,1.55448214324,0.490202701423,-0.398409607895,0.667560900461,-1.63177230711,-2.86999823102
38,31,3,4,-0.368579031022,-0.96627260534,-0.856512189095,0.756304810964,1.04907851013,-0.725873632617,-0.524968683852,-1.29838803829,-2.73851630652
38,31,4,4,-0.317338197549,-1.59392265469,0.162369992796,0.679621937175,0.548542591163,-1.84303796439,-0.442526652544,-3.38434115794,-3.92007110178
38,32,1,3,0.591159544222,0.208463636065,-0.36772059968,-0.464322583142,1.64851879343,-1.80829877142,-1.31589688321,-1.04412715912,0.636792096699
38,32,2,3,0.225781661182,-0.3577609644,-1.02927495639,0.439766453725,1.23374169343,-1.19796401229,-0.912625517777,-0.643499329866,0.832058022245
38,32,3,3,0.327832888337,-0.747089234251,-0.125509106762,-0.859004810701,0.779405463243,-1.56714902889,-0.667170657756,-0.587053268182,0.747446605456
38,33,1,1,0.383072263078,-1.35391608335,-0.578183904355,-0.38635246647,0.347134584122,1.05000358041,-2.85355757275,-0.918686947815,-0.945502995751
38,34,1,4,1.15801701584,-1.83988959649,-0.60674210904,-1.14649702267,1.92250844079,0.989221065786,-1.07095370689,0.137371466164,-0.718209404515
38,34,2,4,0.085346433958,-1.16596241131,-0.450806457152,-0.91448904865,1.16277529707,-0.0680543202823,-1.18207893847,-1.932075884,-2.95522904048
38,34,3,4,0.854433191117,-1.5314292871,-1.3063223281,-1.03905121464,1.23813024493,0.190214771336,-1.42561958396,-1.9124961091,-2.86784732552
38,34,4,4,0.105570729231,-1.38353419147,0.0848542167614,0.149756201224,0.0589892022322,-0.273954870349,-1.08441730324,-1.3022564704,-1.50201099603
38,35,1,3,-0.157834055994,-1.33954720944,1.27295349044,-1.14964749748,1.79110441948,0.337281656212,-1.57179400508,-0.755240146793,-0.217488351782
38,35,2,3,0.193198002912,-1.64737434452,0.589132388287,-0.926110547669,1.66363517302,-0.612984186108,-1.48159745291,-1.21411547736,0.0201931969253
38,35,3,3,0.0755832906466,-2.24691417786,0.264863227565,-0.733583255272,1.07270285475,0.352981815144,-1.70378471921,0.0592563662166,1.95837319011
39,1,1,4,0.423804764879,-0.0732297988766,0.480092375849,0.181576390791,0.343521193054,0.390852414814,0.746291852851,0.236503451037,-0.720921223393
39,1,2,4,0.879303755175,-0.207281473188,0.45701513659,-0.103978039753,0.278683153789,0.186766865722,0.41517190646,2.00247977574,2.91353028953
39,1,3,4,1.50208659003,1.14816366921,0.764715430584,0.168234483619,1.18542927873,0.981277877871,0.00667127111403,1.91643716337,2.81013717952
39,1,4,4,0.910493496403,0.478898298636,0.649201065446,0.995120110986,1.547098928,1.00509068133,1.43542630176,1.58219409332,0.719584445219
39,2,1,2,0.267881197876,-1.34407978952,0.330986115985,0.868468371489,0.423236966848,0.0732356163472,-0.253468736812,-0.0135462073866,-0.267519492726
39,2,2,2,0.7170881462,-1.93827397701,-0.163938239752,1.96575857542,0.566784491865,1.59853019997,-0.316062087388,0.897185946109,1.01953536389
39,3,1,3,-0.0504616402492,-0.637887425567,0.468662475274,-0.516759573388,0.472114867372,1.69265300987,0.268262856081,0.600093120555,0.257645399969
39,3,2,3,0.346662507246,-0.712156797505,0.592128326535,-0.677844850975,0.478893626625,1.9023510972,0.0648050644347,0.336558383042,-1.38212947637
39,3,3,3,-0.549167387358,-0.742648141662,0.940075730147,-1.19782827154,1.11989453107,2.18316336222,-0.798577219899,-0.0519835797336,-0.948118689716
39,4,1,1,0.877329699862,-1.16803037891,-0.188103769166,-1.48696574202,0.434874425629,2.26465218554,-1.35007361245,0.732179397735,-0.30620928201
39,5,1,3,0.37082915305,-0.462542154378,-0.347226731971,0.607244538521,-0.498130904721,-0.507928034154,-1.39591830276,-0.182364616634,-0.688711774266
39,5,2,3,0.0731146304935,-0.248893331578,-0.321476178969,0.579726016474,-0.204361715975,-1.6884028423,0.260939364449,-2.03886791535,-2.80171450151
39,5,3,3,0.871377337615,-0.815582243501,-0.703690133047,0.911598821116,-0.419658197508,0.388302702784,0.269618689246,1.70786103094,2.30341064787
39,6,1,4,0.902684351337,-2.14399416266,0.345802250913,0.251516140029,-0.270357523888,0.940433065035,0.18295822904,2.20233935727,2.85375481493
39,6,2,4,-0.452476799862,-1.41945292701,1.05504926103,0.356484782078,-0.973285931628,1.57071106122,-0.259106415421,1.15162011684,0.719282253386
39,6,3,4,0.25510913419,-1.40681961508,0.990904973675,0.269327902141,-0.993732603944,2.07060491874,-0.233297095791,1.25166200096,0.59895077538
39,6,4,4,-0.221201838738,-1.97599038752,0.139482587301,0.852658638274,-1.08873841316,1.52869176852,1.26482465666,2.5352302092,2.41537220682
39,7,1,3,-0.622034266681,-1.35353343972,-1.17252364967,-0.73221303976,0.0669007416863,0.952438105979,-1.52951111739,1.60411678566,2.23501460632
39,7,2,3,-1.10163643351,-1.57078871555,-1.43210399086,-1.60501680529,-0.304255104646,0.673671753508,-1.07353495945,1.92757366111,3.85441822815
39,7,3,3,-1.27316814213,-1.47197123605,-1.2236736867,-1.31190843364,0.480433989572,0.0777880491905,-1.61377597074,0.87074689248,1.3780338749
39,8,1,1,1.56205431097,0.701453253642,-1.14210038486,-0.0990315573713,-1.55761182133,1.70130393208,-0.756533844824,1.42108319931,1.48081362092
39,9,1,3,0.699214909856,-0.839956795991,-0.697583463821,-0.89507016618,-0.554770485997,1.85132206572,-0.868960343547,1.14637292266,1.09504131373
39,9,2,3,0.950001672569,-0.715646285875,0.314748160599,-1.1547001719,0.315296777541,1.28342083978,-1.18684782191,1.25226237219,1.00430763481
39,9,3,3,2.12642634066,-1.89329967239,-0.723922226693,-0.706426470731,-0.243703565217,2.5511511114,-1.08724291254,3.32752659163,5.76843773031
39,10,1,3,2.15974832483,0.486703361351,0.962499605683,0.892181096724,-0.534178019236,1.58165690119,-1.71507659226,-0.263138852351,-1.84527921798
39,10,2,3,1.63608130775,0.559434813926,0.0459065187415,1.06804690389,-1.02339300499,1.28182684974,-1.63068179134,0.288073434636,-0.422019988283
39,10,3,3,2.13109386062,-0.0278419301679,0.134693323086,0.835025819426,-0.866796667249,2.24155839706,-1.0386261062,0.60058906464,-1.38695112821
39,11,1,2,0.182179082476,1.38623044872,-1.07966895009,-0.669933553291,0.426250732804,0.950246555305,-0.334053621547,1.59430532525,0.969630490015
39,11,2,2,-0.107980126366,1.68380787587,-1.56283840981,-0.329333662912,0.686521883105,0.290448416652,0.470788711117,-0.00523451303037,-1.49167682313
39,12,1,3,1.55950917741,-0.276607915254,-0.167295909524,0.695949508472,-0.563233196585,0.994510372051,0.351017048018,2.58824173263,3.61697330935
39,12,2,3,2.09294535438,-0.496409252816,1.56290341887,-0.208975409995,-0.304287168136,1.86543864591,-0.75621143082,2.08999433327,3.60614871454
39,12,3,3,0.849454184248,-0.0662202548039,1.23974530758,0.354405940147,-1.00004724743,2.24586690176,0.355393212053,1.99263496959,2.28260228344
39,13,1,1,0.819560502212,-1.26707711396,0.0786459712138,0.0218460235211,-0.213671767383,0.866901934376,-1.83922049477,-0.577586733513,-0.848408879887
39,14,1,3,-0.20648817123,0.401137079966,1.0934137989,0.15013110048,-0.714514054918,0.729371645342,-0.224596120025,-0.363064843828,-0.944441627572
39,14,2,3,0.292096195394,-0.629926453443,0.291904262987,0.558701951022,-0.105662632939,0.182730953015,0.288701736305,0.726021454461,0.681607282048
39,14,3,3,-0.607397983233,-0.114722871131,0.046975182618,-0.297017178296,0.507241509611,-0.436731720635,0.470473916773,0.774651345761,0.796546500569
39,15,1,1,0.0368017608184,-0.225411699812,0.473288288255,-0.67664682185,0.327701731498,-0.11480552526,-1.1529754683,-1.94520601774,-3.37639900622
39,16,1,4,1.71275278497,-0.032139035042,0.797436298115,1.03741292151,0.0711362604366,2.25540316601,-1.73471995743,1.37017994585,1.89881137762
39,16,2,4,0.116537313833,-0.293167121845,0.891874201993,1.09556343138,0.570879839806,2.08788739318,-0.693509655831,1.1449675519,0.0248511404199
39,16,3,4,0.674711251866,0.530115222443,1.06637026451,0.998583070726,-0.0509261406233,1.28005128491,-0.296986208034,1.51838598495,1.60448534618
39,16,4,4,1.19397549146,-0.373941522118,1.51161222655,1.18924297478,-0.207549906276,2.32706306643,0.0876106822343,1.74835350267,2.12857493883
39,17,1,1,-0.393748924071,0.156531555911,-0.792734964585,-1.53349429941,0.193366074541,-1.04470829493,-0.989326347997,-1.33530150559,-2.46587393421
39,18,1,2,-0.771360949036,-1.01483620106,-1.33709779425,-1.51980408987,-1.22427730953,0.945070074853,-1.02430943646,0.0370830211796,-0.499526097754
39,18,2,2,-0.919561936592,-0.470180272035,-1.06769563287,-0.381894781687,-1.10520497652,0.0662007029174,-1.53361383023,-0.765395231332,-2.38091442948
39,19,1,1,0.0359830917712,0.705448565956,1.68422928954,0.82901569641,0.355871596896,0.290470253705,-0.721379240506,1.28347415091,1.91177077378
39,20,1,2,-1.23696187396,1.00522689865,0.0519899672887,-1.41940121375,0.328122141098,-0.318274397064,-0.600400881886,-0.898391249295,-2.16428338594
39,20,2,2,-1.00857710478,0.285818208887,0.296504644042,0.0477722553528,0.641538171549,0.202580712298,-0.721846939163,-1.37571635893,-3.68111013827
39,21,1,3,-0.920858011671,-1.54482098033,-0.476918570591,1.43263165024,-0.345646656103,0.791222043868,-0.963149419637,0.127452089984,-1.36862088192
39,21,2,3,-1.11905414734,-0.301136918034,-0.842300745526,1.44665708971,0.377607652827,-0.00940357885363,-0.87855693486,-0.670662665555,-2.07320944128
39,21,3,3,-0.653312220402,-0.669798204068,-0.308724334068,0.457533521541,-0.210423452962,0.109786978378,-0.340366748226,0.101620817364,-1.32242136251
39,22,1,2,0.00120372916883,0.436750202833,-2.16959124647,0.0163980152583,-0.684602420872,1.65837736904,-2.10113666613,-0.937220038051,-2.05925757393
39,22,2,2,0.586442763258,1.49310114816,0.00117640433467,0.70047341511,-0.185803638187,0.99695510825,-1.53980934879,-0.983292611927,-2.86080598635
39,23,1,4,-0.746699353513,-1.66376990683,1.05069146667,0.984015365124,-1.20498250391,0.654751547415,-0.292816338073,-1.33638648676,-0.858661082674
39,23,2,4,0.536162152886,-0.958844162907,0.753551761424,0.872039396824,-0.210255483009,1.41465899975,-0.271513248212,-0.449356466611,-1.53991708749
39,23,3,4,0.90693750794,-1.24801723942,1.51123065431,0.609464367035,-0.718539783815,2.28935439169,0.133989779106,1.29887266992,1.31589714093
39,23,4,4,0.730418961418,-1.33156718065,1.72666996675,0.929782410264,-1.02811974981,1.88900248611,-0.349027891041,0.357681536111,1.00801559899
39,24,1,3,0.0382894461375,0.117331907709,-1.43192944428,-1.86470975081,-0.385114030407,0.23944200252,-0.324086480846,-0.90307646023,-2.4228302189
39,24,2,3,1.01080586769,0.138700009426,-1.58410269779,-1.45558617421,-0.465290690902,1.39421136661,-1.80131571985,-0.769035655772,-1.26814336762
39,24,3,3,0.300064681617,-0.187299456987,-0.389320927493,-1.38621920182,-0.287044794481,0.118583326341,-0.81778537355,-0.907055192486,-2.56575938236
39,25,1,2,-0.0363386542691,0.533582344164,-0.0357187243478,-0.294740196882,-0.474347182315,-0.903216769998,-1.2028909804,-3.32852215951,-6.31020215929
39,25,2,2,0.130219390289,-0.130436884104,0.681034192484,-0.194159254622,-0.473322291438,0.0830231952439,-1.20209368157,-1.83005083686,-3.64133059074
39,26,1,4,0.532859151763,-1.32640514966,-0.0848546745798,0.607454205678,-0.28323853373,2.03892334501,-1.63716128987,0.360148387848,-0.261703537176
39,26,2,4,-0.398661754409,-0.769518868635,-0.020125709233,0.02770027028,-0.696197248183,0.630525797914,-1.67229640259,-1.21509231887,-2.62400027133
39,26,3,4,1.02461470346,-0.404917006783,-0.00370095496656,0.366318200603,-0.226362605202,1.18736359984,-1.88877398871,0.0893909551349,0.0281450035808
39,26,4,4,-0.572653462737,-0.711143871665,-1.12725676326,-0.0667377658686,-0.330043440145,0.343190061229,-1.03799487647,-0.215910251846,-1.16241698208
39,27,1,2,-1.10905699468,-0.358802882475,-1.49718245601,0.0467451792381,-0.4328242334,0.375767743149,0.00503900844392,0.669151069704,-0.42169255955
39,27,2,2,-1.12509749292,-1.55372480085,-1.14614997622,-0.249953969342,-0.326549902977,-0.470746541647,-0.327529409976,-0.024437212891,-0.994236501197
39,28,1,1,0.550865675841,0.338206666663,-0.745076294325,0.233836889319,-1.05204916779,-1.73411146244,-1.10154622988,-2.09318649619,-3.62837180868
39,29,1,4,0.335644421137,0.259122623708,-1.5385660176,-0.382581238824,-1.27249149616,0.439397687385,-1.24340835217,-1.58827663334,-2.28731969124
39,29,2,4,0.398378633849,0.321080225966,-1.78142882784,-0.510634980313,-1.3557385328,0.0150735034867,-1.3877458299,-1.79316753586,-2.83258935993
39,29,3,4,1.19195601502,-0.45699615186,-1.40181752014,0.175852837296,-0.529923827788,0.69949130748,-0.828578336005,0.355635989563,0.669328050134
39,29,4,4,0.995659473694,-0.781821420461,-1.28251176618,-0.949612073377,-1.60883790493,0.850624800177,-1.40391420368,-0.966047670192,-1.71821037047
39,30,1,1,0.417488459665,0.0825560324325,-0.665873724664,0.772537551164,-0.402200104733,-0.589886934224,-0.816295195258,-0.319912303967,-1.8618973784
39,31,1,2,-0.756633578294,-0.191085069927,-0.607358729342,0.394026715508,0.655237300922,-0.57835545677,-0.372158571104,-2.59742667623,-5.3910104925
39,31,2,2,0.818927360361,-0.484199579284,0.322139023991,0.329794336889,-0.0502850906145,0.539363785203,-1.50808138749,-1.02305344632,-1.92392031919
39,32,1,4,-0.309978834591,0.533928649535,-0.286160743101,-0.668581925457,-0.628188310595,-1.70742080721,-0.617024632752,-0.645595284396,-0.926551831197
39,32,2,4,-1.03266706296,0.814684457256,1.16976620654,0.130741626706,-0.663456343383,-0.545835683361,-0.0526433874196,-0.293528471836,-1.2977288495
39,32,3,4,-0.50918124833,0.585261528669,0.985483741044,-0.32627381213,-0.38132136288,-1.56355909552,-0.496812900565,-0.523466352485,-0.589764796198
39,32,4,4,-0.127825776633,1.09504082342,0.146462990358,-0.504504286643,-1.12896006107,-1.23476897005,0.319715296853,-0.0367196000715,-0.390899907705
39,33,1,2,-0.924528139831,-0.340512748857,-0.588085067369,-0.192965325068,-1.19811842063,-0.310464953634,-0.39619614589,-0.882247870754,-2.54799816274
39,33,2,2,-0.132167153657,-1.16314286419,0.419056373385,-0.360869889212,-1.05263820565,0.744865031806,-0.517864840987,0.0984107122704,-0.501105797543
39,34,1,2,1.0569112605,-0.355340445066,-1.03239007693,-0.67425148908,-0.916814202903,0.670676127749,-1.56095250736,-0.42345908506,-1.24051105109
39,34,2,2,1.63570877938,-1.55365666721,-0.0271416224869,-0.434790762944,1.36088357571,0.303377379976,-2.38943924288,0.0726038464472,-0.112305920619
39,35,1,4,-0.57800242125,0.125057332279,1.62342582884,-0.457507845815,-0.323087964047,1.53091016126,-1.39958777651,-0.566822550012,-2.33216952893
39,35,2,4,-0.14227180244,-1.00419146245,0.798476496892,0.971457073889,-0.423590348177,0.28387676786,-0.374438239488,-1.46039456181,-3.09880103621
39,35,3,4,-0.0339815291298,-0.384049987423,0.654746362351,-0.581461470967,-1.0670721899,0.428395785079,-0.619446094787,-0.233431990594,-1.96252416261
39,35,4,4,-0.885362887474,-1.38365091689,0.65932721657,0.329909402657,-0.410737790004,0.361261888973,-0.179763101845,-1.17839428293,-3.62626436419
40,1,1,4,0.63717805829,1.00648927228,-0.354239336419,0.786189617862,1.71464268607,0.0278463421209,-0.491699190798,-1.72167812802,-3.24134852244
40,1,2,4,1.24117741519,1.00804560635,0.658687541284,-0.530684509113,0.398456769114,0.476279307624,-0.511148603224,0.384393390619,0.926154740724
40,1,3,4,1.01592040261,1.26897637176,0.7269547233,0.448791216655,0.870572936163,-0.0906088932785,0.115354040345,-1.11276357743,-1.66941313469
40,1,4,4,1.35456883341,1.33226695303,0.968722703243,1.2424109325,1.26252999822,0.156785068732,-0.234303014975,-0.325462134617,-0.469699327588
40,2,1,1,1.13025096645,1.74571381677,1.27911759311,1.88417469258,-0.163397343674,-0.798165102384,-1.46898359647,-1.2148461027,-0.961818491196
40,3,1,2,-0.203367116247,0.130182738472,1.14564019562,0.946102079954,-1.68629998445,0.589422266474,-0.0833612029966,-0.795425056498,-0.767193002114
40,3,2,2,-0.68814959835,-0.289412798503,0.934983915741,0.906769918867,-0.145138456462,0.0298163905996,0.368123954112,-1.36618407449,-1.51733343145
40,4,1,2,0.842179362379,1.30524635146,0.0589509608571,0.916277609217,0.153628008638,-0.135518149615,1.13789435005,0.753810349956,1.00557840846
40,4,2,2,1.05010430813,0.608231248282,0.580846422937,0.0279857340618,0.131524126427,-0.0183221539772,-1.12518867496,0.170436086374,0.782976750312
40,5,1,2,0.0601700276629,0.506949306046,1.02453569147,0.965071477564,1.01428334475,-0.948205850967,-0.352022658943,-2.37523067279,-3.8071164281
40,5,2,2,1.20966538055,1.66255295472,2.15415081983,0.990670673858,0.745854794025,0.218006206564,-1.28126841848,-1.0937716751,-0.959280666223
40,6,1,1,-0.693636412051,0.260999344878,2.70605776958,-0.0633450791113,1.04934089631,2.20242615409,-1.96115787762,0.350025968572,1.69569752168
40,7,1,3,-0.37627469337,0.332059638018,-1.68830773364,0.0119853438194,-0.332300429852,0.0411677779012,-0.879792245298,0.30845691571,1.38841579078
40,7,2,3,-0.731042665423,0.782620445627,0.103072408453,0.772240180397,0.668895675018,0.324844654094,-0.032856224816,1.47074092204,1.52895195932
40,7,3,3,0.00756478990091,0.276608850024,0.846035137636,0.367433499037,0.108500159676,0.797246149828,0.921204672169,2.09527622955,3.77280727588
40,8,1,1,0.594988829042,0.804495781569,0.442968299399,0.153559096462,-1.66493974583,0.0899398358279,-0.0252621851045,0.899893980694,1.94696577877
40,9,1,1,-0.669740319526,0.353684661928,0.274734646682,0.161154192062,-1.38057497998,-0.548636877992,0.678052726012,-1.79823340598,-3.29044597434
40,10,1,2,0.598574929602,2.77021227439,0.310904250739,2.11775423176,-0.451020798386,-2.27114552423,0.338184383248,-2.31890859091,-3.81629327023
40,10,2,2,1.72670814886,2.06413896734,1.57712544333,2.68742567416,-0.163758469353,-0.500166415668,0.299155383354,-1.15835665762,-1.01383485792
40,11,1,3,-0.76408861768,0.852278487379,-0.0956792872046,2.13243276282,0.51732671496,-0.827606912429,-0.0578483557543,-1.41217595929,-2.99617663098
40,11,2,3,-0.634101240336,0.742184246581,-0.546085506922,0.929082264488,-0.704235337824,-0.331224919961,-0.422755287876,-0.375209320618,-1.44410552664
40,11,3,3,-1.65179092712,0.0668358594916,-0.787288127558,0.266313559935,-0.318590047085,-1.11328835229,0.803942365939,-0.497397900928,-1.84964581739
40,12,1,1,0.266208868762,1.42534192346,0.635397224477,2.40507119543,0.19267486227,0.421632271594,0.0581806625266,-0.256350626284,0.494371657046
40,13,1,4,0.92509908508,-0.338661287565,3.05162404515,1.44334308036,-0.370918146853,0.817208367384,-2.60774881055,-1.6333858796,1.3472580093
40,13,2,4,0.528476081887,-0.495413309133,1.97788581727,0.341777047325,-0.850439830609,1.15369984997,-1.49342433344,-1.11841621528,-0.194958489764
40,13,3,4,1.01419501435,-0.731016449687,2.73776391302,1.24682855807,0.0299995489197,2.2571997504,-2.35383601991,-1.13308087811,1.34181536392
40,13,4,4,0.246213389418,-1.40295700904,2.66668439418,0.264680344887,0.612604720431,2.22525777333,-2.54118736353,-2.04190219484,-0.254178151357
40,14,1,3,0.366502607655,0.148978644654,1.55851462183,-0.33307036435,-0.994484354776,1.13119472533,-0.801873585377,-0.307514805603,0.35691929721
40,14,2,3,0.147552056372,1.17383192509,0.908335028753,0.0911003667395,-0.104492616416,-0.449234068941,-0.654881635322,0.0969057884972,0.0581519017756
40,14,3,3,0.0151087105106,0.832496413538,1.04339997193,1.29399441273,-0.651198571274,-0.344591302835,0.375058294629,-1.12747317175,-1.65404000154
40,15,1,1,-0.307451952866,0.455869660323,1.80032516991,0.0841374147003,-0.474349045764,-0.430504402877,-2.6982361513,-1.90668682478,-1.69418537751
40,16,1,1,-1.34350455148,1.1048882645,2.03177942965,0.244854411552,0.763492675318,-0.34324138569,-0.173105444677,-1.06837723337,-2.58506432371
40,17,1,1,0.297249865347,0.334224638302,1.17271062941,0.405577080767,-1.49353740043,-0.524788824315,-1.39905707299,-2.36247922137,-2.43062617208
40,18,1,1,-0.370712599915,0.475772201299,0.0328000758029,0.0443646310411,-0.856637082118,0.136689590546,0.454957944043,-1.56781921117,-2.91566194519
40,19,1,4,-1.23517163071,0.849876277317,2.33193558725,0.688865367189,-1.80769302964,-1.08473555559,-0.709635318583,-1.52337032793,-0.822921530792
40,19,2,4,-0.867136546102,1.72370043375,1.80755026639,0.786390946318,-0.543110996169,-1.83661894336,-1.00086905064,-1.70602892898,-1.63260606394
40,19,3,4,-1.15473417929,1.33503732803,2.07847809215,-0.213196051646,-0.92753787455,-2.17164292428,-1.23241155229,-2.25588391169,-2.38999703828
40,19,4,4,-1.71787990626,1.23237021154,2.85783862488,0.345928531949,-1.07172204822,-0.760423191868,-1.58240837694,-1.93766298423,-1.61408190682
40,20,1,2,-0.929499263462,1.6234597784,2.32278753247,-0.0662382492837,0.347063092963,0.193175693508,-0.242862855936,0.556721511459,0.10469275546
40,20,2,2,-0.897894927123,2.38656342678,1.31249011867,0.167880042534,-0.914144310322,-0.992291444543,0.0202474214061,-0.212224154234,-2.03567995228
40,21,1,4,-1.41916892096,0.228657875227,1.00039171287,0.692786997621,0.635134054016,0.0133531834213,1.01435811091,1.13357887928,-0.200387736238
40,21,2,4,-2.07087027045,-0.291806857447,0.866812488132,0.656668564363,1.89244174406,-0.645784445024,0.642507849973,-0.602607309679,-2.80537234284
40,21,3,4,-1.96853094546,0.593184654999,0.559360476394,1.67283331218,1.68599734607,-0.560732497607,1.54985619539,-0.0762867772784,-3.27146348745
40,21,4,4,-1.47810198677,0.0590597439134,0.662037780501,0.726742753509,1.15705721874,-0.210578596068,1.07919573011,-0.127264554529,-1.66565876216
40,22,1,4,-0.246430302571,0.933501318215,-0.834084005648,-0.0244856446581,-1.89981432702,-0.0889494828853,-1.51437589271,-2.43668866586,-4.26514665976
40,22,2,4,0.894030591979,2.26106919404,-0.189130619636,0.817038340309,-2.38550655907,-0.506604844779,-1.77626496755,-2.58949231001,-5.15308546777
40,22,3,4,-0.0958602220607,1.7169950501,-2.04089378307,0.207476305663,-2.33049961248,-0.422126210433,-1.85737402361,-4.28374941347,-6.63651218004
40,22,4,4,-0.256798479382,1.82514733104,-0.743946610142,0.080656884712,-2.10563870298,-0.607984720692,-1.23919621571,-1.80247563982,-3.27020725499
40,23,1,4,-1.33476112858,0.525376904788,1.65370516853,0.806083560828,-0.0603199825017,0.818270950149,-0.953505070516,-1.38024996126,-1.77830394973
40,23,2,4,-0.275480541629,-0.00885467912011,2.06357601647,0.401247288231,-0.531021967413,0.917360825973,-0.252254670613,-0.599769485218,-0.693749642009
40,23,3,4,0.364411933069,0.628926242528,2.22949511753,2.24830606908,-1.17087069754,1.27368662899,-1.0968080647,0.00197058109145,0.935412062662
40,23,4,4,-1.15274924597,1.05137013102,2.41593530389,1.23966520807,-1.11302297278,0.885937391363,-1.61628964002,-0.960685786909,-1.85761674724
40,24,1,4,2.00459850098,1.29763451262,0.568916920586,0.0339737103603,-0.304117738316,0.858498501689,-1.73550551963,0.157613964634,0.440155733463
40,24,2,4,1.20721315382,2.31664589806,0.414950614263,0.819705550048,-0.62914018225,-0.766047100479,-1.47808866443,-1.71334787045,-2.30921056561
40,24,3,4,0.698525835916,2.671153999,0.456931975763,0.310605963746,-1.37935113056,-0.566103357529,-1.31166946641,-1.27523308597,-1.56914565516
40,24,4,4,1.39508867788,2.06663644132,0.473183851413,1.0765615594,-1.06224878453,-0.042377618258,-0.989840144285,0.654292158527,1.23099561763
40,25,1,4,0.101778769241,2.28805598821,1.74618226497,1.68626328395,-0.16625468744,-0.155067518265,-0.100907677114,-0.685637344729,-0.36017080533
40,25,2,4,1.0867350342,2.37051257012,0.714854978345,0.673185873602,0.263751116414,-0.733950872869,-0.272515777749,-0.820700466475,-0.685971405886
40,25,3,4,0.184433003182,1.7737137592,1.17074968429,0.384433641026,-0.382647873209,0.28644332158,0.151229192799,-0.166987878016,-0.32231469589
40,25,4,4,-0.719856942978,2.86328153599,0.0941967556933,0.589782590839,0.274929804034,-1.38540061862,-0.525909253463,-3.07231617331,-5.66914733572
40,26,1,3,-0.438548970898,0.594042505248,-0.281240442646,1.8964949225,-0.944812289263,-0.125269635645,0.206438280418,-2.09220375863,-2.68296493204
40,26,2,3,0.89572626947,0.213387698092,0.860439253935,-0.136577763547,-0.646560415883,0.683179063348,-1.8777024821,-0.519423135166,0.501858224364
40,26,3,3,0.316480679862,1.26371101024,-0.127500989495,1.04342117361,-0.781902528787,-0.450287942877,-0.341085943144,-1.78051171803,-2.06152912823
40,27,1,1,-0.604223166297,0.363934384455,0.473336870776,-0.382170925477,0.161621339498,-0.890862484997,-1.11750472133,-2.55940929557,-2.98402153039
40,28,1,2,-1.35150726207,0.416792574744,0.348120855116,0.784373905916,-1.66300946693,-0.754544098037,-0.721797267117,-1.12980682884,-1.71075638844
40,28,2,2,-0.690954212449,0.477100895723,0.0792774382459,1.23274123789,-0.749445330633,-1.48825791216,-0.941811192102,-3.09732711884,-4.67080174878
40,29,1,2,-0.0666584723817,0.0575312989818,0.410509477267,-0.554506859131,-0.447578604687,-0.589347993408,-1.41743136635,-1.64891553928,-1.42311564136
40,29,2,2,-0.466509239271,-0.0963763221771,-0.420979011352,-0.469525940864,-0.212525858302,-0.769331487315,-0.771397208876,-1.89379709488,-1.78881491806
40,30,1,4,-0.946379150574,0.848649761752,1.36714014149,0.998671515475,-0.999143825265,-0.161974149509,0.52854839357,-0.523138210174,-2.15835807768
40,30,2,4,-1.36817668241,0.416194060783,1.54593072248,1.0689321607,-0.663223749882,-0.564190124039,-0.813177292554,-1.68625931323,-3.17757457106
40,30,3,4,-1.47072162332,0.95399245862,0.945940636067,1.07678956304,-0.366920766158,-0.274544483062,0.197340976193,-1.05868300819,-3.3742134936
40,30,4,4,-0.831104522482,1.04306349942,1.45553708669,1.01086653411,-0.840189300514,-1.10551701063,-1.03194397452,-0.951746010045,-2.10220375301
40,31,1,3,-0.944138760137,0.737179264645,-0.770074994995,0.910060722385,-0.621364179955,-1.11945150993,0.107617340194,-2.45717755059,-3.57992354823
40,31,2,3,-1.37836577229,0.731813974609,-1.74676936864,0.0619490778743,-1.4233533701,-0.626138137768,-2.34159390456,-4.42755598495,-6.65484182979
40,31,3,3,-1.86251426601,1.29701928812,0.0487491499928,-0.163658588818,0.142053778689,-0.837965236789,0.0821008709047,-2.18553763855,-3.97610118005
40,32,1,1,-1.93283887183,2.00162564543,1.77370053713,1.07836728916,-0.559370063719,-1.44615922594,0.102255248794,-3.60974288642,-6.31828959674
40,33,1,1,-1.94982891754,1.36997093599,1.301188475,0.476813934395,-0.799816768104,-0.280166948862,-1.75022765955,-2.49422697167,-4.30819657113
40,34,1,3,-0.166327341753,0.264009051012,0.641617858651,-0.792426624739,-0.579589603073,1.22196234394,-1.51296134974,-1.53460917872,-3.03257855948
40,34,2,3,0.0232307458757,-0.572963798204,0.947212869596,-0.447663702007,-0.000953493173457,0.64215725665,-0.964803910952,-1.34834846458,-1.5836174697
40,34,3,3,-0.212128359438,0.92432696562,1.6094180866,-1.47518025764,-0.611927759396,0.585395458593,-1.43340862996,-2.56386377292,-2.79272870774
40,35,1,4,-0.463863595198,0.256746052107,2.64442947695,0.489230688618,-0.0349200259958,0.206983183261,-1.35229549031,-1.51370478125,-1.31901379761
40,35,2,4,-0.772474678257,0.0408000955999,2.14024427203,0.958693223193,-0.140036018107,-0.334418837388,-1.2482096524,-1.32652649118,-1.14532917433
40,35,3,4,-1.36000179239,-0.830315908451,2.22102926745,0.124115833476,0.0696078073697,-0.444885961043,-1.11864587103,-2.14319596751,-2.56425690995
40,35,4,4,-0.766751082703,-0.0531636380991,1.40267779635,1.29823419209,-0.0426244302718,-0.673190009501,-1.89949237943,-2.61194690119,-3.36598969007
